id,question,answer_source_type,source_artifacts,answer_free_text,Note
L3-Q-EASY-001,MSRP ของสินค้ารหัส NT-LT-001 (NovaTech laptop) เป็นเท่าไหร่ครับ,tables,tables/DIM_PRODUCT.csv,"MSRP ของสินค้า NT-LT-001 คือ 42,900.00 บาท ตาม DIM_PRODUCT.",
L3-Q-EASY-002,ใน FACT_VENDOR_PAYMENT มีรายการ vendor payment กี่รายการที่เดือนของ posting_date ไม่ตรงกับเดือนของ business_event_date ครับ (นับเป็นจำนวนแถว โดยถือว่าต่างกันก็ต่อเมื่อ ปี-เดือน ของสองคอลัมน์นี้ไม่ตรงกัน),tables,tables/FACT_VENDOR_PAYMENT.csv,มีรายการ vendor payment ที่ปี-เดือนของ posting_date ไม่ตรงกับ business_event_date ทั้งหมด 767 แถว.,
L3-Q-EASY-003,ในตาราง FACT_SHIPPING รายการขนส่งทั้งหมดของ FahMai ถูกจัดการโดย vendor รายใดบ้าง ขอชื่อ vendor (ชื่อบริษัทขนส่ง) และส่วนแบ่งของ vendor นั้นเทียบกับจำนวนรายการขนส่งทั้งหมด (เป็นเปอร์เซ็นต์) ครับ,tables,tables/FACT_SHIPPING.csv; tables/DIM_VENDOR.csv,"รายการขนส่งทั้งหมดใน FACT_SHIPPING ถูกจัดการโดย VeloShip (V-006) จำนวน 23,182 รายการ คิดเป็น 100.00% ของทั้งหมด.",
L3-Q-EASY-004,ในตาราง FACT_CS_INTERACTION พนักงาน CS คนไหน (employee_id) ที่มีจำนวน interaction บันทึกไว้มากที่สุดครับ และมีทั้งหมดกี่ครั้ง,tables,tables/FACT_CS_INTERACTION.csv,พนักงาน CS ที่มี interaction มากที่สุดคือ EMP-L3-00010 รวม 730 ครั้ง.,
L3-Q-EASY-005,FahMai มี vendor ที่เป็น partner brand (พาร์ทเนอร์แบรนด์สินค้า) ทั้งหมดกี่ราย และ vendor_id ของแต่ละรายคืออะไรบ้างครับ,tables,tables/DIM_VENDOR.csv,FahMai มี partner brand vendor 2 ราย คือ V-001 (NovaTech) และ V-002 (NovaTech Service).,
L3-Q-EASY-006,ในปี 2024-2025 สาขาไหนของฟ้าใหม่ที่มีจำนวน transaction การขายมากที่สุด และยอดรายได้รวม (net_total_thb) ของสาขานั้นเป็นเท่าไหร่ครับ,tables,tables/FACT_SALES.csv; tables/DIM_BRANCH.csv,"ในช่วงปี 2024-2025 สาขาที่มี transaction การขายมากที่สุดคือ BKK-SIAM (FahMai Siam) จำนวน 18,084 transactions และ net_total_thb รวม 1,039,386,349.00 บาท.",
L3-Q-EASY-007,ในฐานข้อมูลลูกค้าของฟ้าใหม่ มีลูกค้าทั้งหมดกี่รายในแต่ละ loyalty_tier ครับ ขอจำนวนแยกตามแต่ละ tier ที่ปรากฏใน DIM_CUSTOMER,tables,tables/DIM_CUSTOMER.csv,"จำนวนลูกค้าแยกตาม loyalty_tier คือ none 7,800 ราย, silver 7,200 ราย, gold 7,500 ราย, และ platinum 7,500 ราย.",
L3-Q-EASY-008,FahMai มีสาขา/สถานที่ทั้งหมดกี่แห่งในไดเรกทอรี DIM_BRANCH ครับ (นับทุกประเภท ทั้งสำนักงานใหญ่ สาขาหน้าร้าน และช่องทาง remote),tables,tables/DIM_BRANCH.csv,DIM_BRANCH มีสาขา/สถานที่ทั้งหมด 11 แห่ง.,
L3-Q-EASY-009,ใครเป็น CEO ของ FahMai ณ วันที่ 1 มิถุนายน 2568 (หลังการเปลี่ยนผ่านผู้บริหารเมื่อ 15 มกราคม 2568) ครับ ขอชื่อ-นามสกุลตามที่ระบุไว้ใน DIM_EMPLOYEE,tables,tables/DIM_EMPLOYEE.csv,ณ วันที่ 1 มิถุนายน 2568 หลังการเปลี่ยนผ่านผู้บริหาร CEO คือ Naret Vision (EMP-L3-00013) ตาม DIM_EMPLOYEE.,
L3-Q-EASY-010,ระยะเวลารับประกันของสินค้ารหัส AW-MN-001 (ArcWave monitor flagship) ตามที่ระบุในไดเรกทอรี DIM_PRODUCT คือกี่เดือนครับ,tables,tables/DIM_PRODUCT.csv,สินค้า AW-MN-001 มีระยะเวลารับประกัน 24 เดือน.,
L3-Q-EASY-011,นโยบาย refund signing authority ladder ฉบับล่าสุด (current version) ของฟ้าใหม่ มีผลบังคับใช้ตั้งแต่วันที่เท่าไหร่ครับ,tables,tables/DIM_POLICY_VERSION.csv,นโยบาย refund signing authority ladder ฉบับ current version มีผลตั้งแต่วันที่ 2025-02-15 (policy_version_id 6).,
L3-Q-EASY-012,MSRP ของสินค้ารหัส SF-Galaxy-Pro-2568 (SaiFah smartphone flagship) เป็นเท่าไหร่ครับ,tables,tables/DIM_PRODUCT.csv,"MSRP ของสินค้า SF-Galaxy-Pro-2568 คือ 38,900.00 บาท ตาม DIM_PRODUCT.",
L3-Q-EASY-013,FahMai มี vendor (คู่ค้า/ซัพพลายเออร์) ทั้งหมดกี่รายในไดเรกทอรี DIM_VENDOR ครับ (นับทุกรายในตาราง รวมทั้งที่ยังใช้งานอยู่และที่ยุติสัญญาไปแล้ว),tables,tables/DIM_VENDOR.csv,DIM_VENDOR มี vendor ทั้งหมด 6 ราย.,
L3-Q-EASY-014,สาขาไหนของฟ้าใหม่ที่มีจำนวนรายการขาย (transactions) ตลอดประวัติศาสตร์มากที่สุดครับ และมีกี่รายการ,tables,tables/FACT_SALES.csv; tables/DIM_BRANCH.csv,"สาขาที่มีรายการขายมากที่สุดตลอดข้อมูลคือ BKK-SIAM (FahMai Siam) จำนวน 18,084 รายการ.",
L3-Q-EASY-015,FahMai มีพนักงานทั้งหมดกี่คนในไดเรกทอรี DIM_EMPLOYEE ครับ (นับทุกแถวในตาราง รวมทุกสายงาน ทุกระดับ และทุกสาขา),tables,tables/DIM_EMPLOYEE.csv,DIM_EMPLOYEE มีพนักงานทั้งหมด 600 คน.,
L3-Q-EASY-016,ในวันที่ 15 ธันวาคม 2024 ลูกค้าสามารถคืนสินค้าได้ภายในกี่วันตามนโยบายของฟ้าใหม่ที่มีผลบังคับใช้ ณ วันนั้นครับ,tables,tables/DIM_POLICY_VERSION.csv,วันที่ 15 ธันวาคม 2024 นโยบายที่มีผลบังคับใช้ให้ลูกค้าคืนสินค้าได้ภายใน 14 วัน (policy_version_id 1).,
L3-Q-EASY-017,ฟ้าใหม่มีลูกค้าประเภท B2B ทั้งหมดกี่รายใน DIM_CUSTOMER ครับ,tables,tables/DIM_CUSTOMER.csv,DIM_CUSTOMER มีลูกค้าประเภท B2B ทั้งหมด 300 ราย.,
L3-Q-EASY-018,อัตราการสะสม FahMai Points ต่อบาท (point_earning_rate_per_thb) ของฟ้าใหม่ที่มีผลบังคับใช้ก่อนวันที่ 1 เมษายน 2025 มีค่าเท่าไหร่ครับ,tables,tables/DIM_POLICY_VERSION.csv,ก่อนวันที่ 1 เมษายน 2025 อัตราสะสม FahMai Points คือ 0.0100 points ต่อบาท (policy_version_id 3).,
L3-Q-EASY-019,ตาม DIM_POLICY_VERSION อัตราการสะสม FahMai Points ต่อบาท (policy_variable=point_earning_rate_per_thb) ของฟ้าใหม่ที่มีผลบังคับใช้ตั้งแต่วันที่ 1 เมษายน 2025 เป็นต้นไป มีค่าเท่าไหร่ครับ,tables,tables/DIM_POLICY_VERSION.csv,ตั้งแต่วันที่ 1 เมษายน 2025 เป็นต้นไป อัตราสะสม FahMai Points คือ 0.0125 points ต่อบาท (policy_version_id 4).,
L3-Q-EASY-020,ใน FACT_SHIPPING ของ FahMai ทั้งหมด ขอทราบว่า vendor ขนส่งรายใดเป็นผู้รับผิดชอบรายการขนส่งให้ FahMai บ้าง และมีจำนวนรายการขนส่ง (ตามจำนวนแถวใน FACT_SHIPPING) ของ vendor รายนั้นทั้งหมดกี่รายการครับ,tables,tables/FACT_SHIPPING.csv; tables/DIM_VENDOR.csv,"รายการขนส่งทั้งหมดรับผิดชอบโดย VeloShip (V-006) รวม 23,182 รายการ.",
L3-Q-EASY-021,ตามฐานข้อมูลลูกค้าของฟ้าใหม่ใน DIM_CUSTOMER ขณะนี้มีลูกค้าที่อยู่ใน loyalty_tier ระดับ gold ทั้งหมดกี่รายครับ,tables,tables/DIM_CUSTOMER.csv,"DIM_CUSTOMER มีลูกค้า loyalty_tier gold ทั้งหมด 7,500 ราย.",
L3-Q-EASY-022,ในโปรแกรมสะสมแต้มของ FahMai (อ้างอิงคอลัมน์ loyalty_tier ใน DIM_CUSTOMER) ระดับสมาชิก (tier) ที่สูงที่สุดที่มีการกำหนดให้กับลูกค้าจริงในฐานข้อมูล คือระดับใดครับ,tables,tables/DIM_CUSTOMER.csv,"tier สูงสุดที่มีการกำหนดให้ลูกค้าจริงคือ platinum มีลูกค้า 7,500 ราย.",
L3-Q-EASY-023,ฟ้าใหม่มีบัญชีธนาคาร (bank account) ที่ใช้ดำเนินงานทั้งหมดกี่บัญชีตาม DIM_BANK_ACCOUNT ครับ,tables,tables/DIM_BANK_ACCOUNT.csv,DIM_BANK_ACCOUNT มีบัญชีธนาคารทั้งหมด 14 บัญชี.,
L3-Q-EASY-024,ตาม DIM_POLICY_VERSION ของฟ้าใหม่ refund threshold (policy_variable=refund_threshold_thb) ที่มีผลบังคับใช้ ณ วันที่ 1 เมษายน 2025 (หลังการปรับนโยบายล่าสุด) มีค่าเท่าไหร่บาทครับ,tables,tables/DIM_POLICY_VERSION.csv,"refund threshold ที่มีผล ณ วันที่ 1 เมษายน 2025 คือ 5,000.00 บาท (policy_version_id 12).",
L3-Q-EASY-025,ฟ้าใหม่มีแคมเปญโปรโมชัน (promotional campaigns) ที่แตกต่างกันทั้งหมดกี่แคมเปญในไดเรกทอรี DIM_PROMO_CAMPAIGN ครับ (นับทุกแถวในตาราง ทุกปี ทุกประเภท),tables,tables/DIM_PROMO_CAMPAIGN.csv,DIM_PROMO_CAMPAIGN มีแคมเปญโปรโมชันทั้งหมด 7 แคมเปญ.,
L3-Q-MED-001,ขอข้อมูล SKU ที่ขายดีที่สุดของฟ้าใหม่ตามจำนวนชิ้นที่ขายได้ (units sold) แยกเป็น 2 ปี ครับ ปี 2024 (พ.ศ. 2567) คือ SKU ไหน และปี 2025 (พ.ศ. 2568) คือ SKU ไหน? ตอบเป็น sku_id ของแต่ละปีให้ครบทั้งสองค่า,tables,tables/FACT_SALES_LINE_ITEM.csv,"คำตอบ: - ปี 2024: `SKU-MASS-063` ขายได้มากที่สุด รวม `1,508` ชิ้น - ปี 2025: `SF-Galaxy-Pro-2568` ขายได้มากที่สุด รวม `4,370` ชิ้น ไฟล์ที่ใช้และวิธีหา: - ใช้ `tables/FACT_SALES_LINE_ITEM.csv` - กรอง `business_event_date` แยกปี 2024 และ 2025 - group by `sku_id` แล้ว sum `quantity` - เรียงจาก `quantity` มากไปน้อย",
L3-Q-MED-002,"ใน FACT_BANK_TRANSACTION ของฟ้าใหม่ ขอ single largest deposit แบบรายแถวเดียว (single transaction, ฝั่ง credit) ตลอดช่วงข้อมูลที่มี ขอครบ 4 อย่างคือ (1) จำนวนเงิน amount_thb (บาท), (2) วันที่ business_event_date, (3) account_id ของบัญชีที่รับเงิน, และ (4) source event ของรายการนี้ (เกี่ยวกับสินค้าตัวไหน / promo campaign อะไร / event ของบริษัทคืออะไร) ครับ",tables; renders,tables/FACT_BANK_TRANSACTION.csv; tables/FACT_SALES.csv; tables/FACT_SALES_LINE_ITEM.csv; tables/DIM_PRODUCT.csv; tables/DIM_PROMO_CAMPAIGN.csv; renders/bank_statement/2025-07/BS-OPER-REMOTE-2568-07_header.png,"คำตอบ: Single largest deposit ใน `FACT_BANK_TRANSACTION` คือ: - `amount_thb`: `18,906,765` บาท - `business_event_date`: `2025-07-15` - `account_id`: `OPER-REMOTE` - `bank_txn_id`: `BT-202507-1041521243094` - `transaction_type`: `deposit` - `related_entity_table`: `FACT_SALES_DEPOSIT_BATCH` - `related_entity_id`: `REMOTE|2025-07-15|credit_card` - `description`: `B2C credit_card batch deposit REMOTE 2025-07-15` Source event ของรายการนี้คือยอดรับเงินแบบ batch จากยอดขาย B2C ช่องทาง online/REMOTE ที่จ่ายด้วย `credit_card` วันที่ `2025-07-15` ไม่ใช่ transaction สินค้ารายตัวเดียว แต่เมื่อตรวจยอดขายใน batch นี้พบว่าเกี่ยวข้องกับแคมเปญ `SF-LAUNCH-2568` เป็นหลัก: - จำนวน transaction ใน batch: `509` - sum `net_total_thb`: `18,906,765` บาท ตรงกับยอด deposit - promo campaign หลัก: `SF-LAUNCH-2568` จำนวน `501` transaction - SKU หลักใน batch: `SF-Galaxy-Pro-2568` - จำนวน `SF-Galaxy-Pro-2568` ใน batch: `501` เครื่อง - gross จาก `SF-Galaxy-Pro-2568` ใน batch: `19,488,900` บาท - campaign description: `SF Galaxy Pro 2568 launch promo` ไฟล์ที่ใช้และวิธีหา: - ใช้ `tables/FACT_BANK_TRANSACTION.csv` หาแถว `transaction_type = deposit` และ `amount_thb > 0` ที่มี `amount_thb` สูงสุด - ใช้ `tables/FACT_SALES.csv` ตรวจ batch จาก `related_entity_id = REMOTE|2025-07-15|credit_card` - ใช้ `tables/FACT_SALES_LINE_ITEM.csv` รวมยอด SKU ใน transaction ของ batch - ใช้ `tables/DIM_PRODUCT.csv` ดู product/brand ของ SKU - ใช้ `tables/DIM_PROMO_CAMPAIGN.csv` ดูคำอธิบาย campaign `SF-LAUNCH-2568` - มี render ที่เกี่ยวข้องกับ bank statement เดือนนี้ใน `renders/bank_statement/2025-07/BS-OPER-REMOTE-2568-07_header.png` และ transaction pages ของ account `OPER-REMOTE`; ค่าที่ใช้ตอบยึดจาก structured table เป็นหลัก",
L3-Q-MED-003,"อยากทราบครับว่าในกลุ่มลูกค้า B2C ของฟ้าใหม่ ทั้งหมดที่บันทึกใน FACT_LOYALTY_LEDGER ใครเป็นคนที่ ""earn"" คะแนนสะสมรวมตลอดเวลาได้มากที่สุด (รวมเฉพาะ event_type = earned ไม่นับ expired/redeemed/tier_change) ขอ customer_id, จำนวนคะแนนที่ earn รวมทั้งสิ้นเป็นตัวเลข และ loyalty_tier ปัจจุบันของลูกค้ารายนั้นตาม DIM_CUSTOMER ครับ",tables,tables/FACT_LOYALTY_LEDGER.csv; tables/DIM_CUSTOMER.csv,"คำตอบ: ลูกค้า B2C ที่ earn คะแนนสะสมรวมมากที่สุดคือ: - `customer_id`: `CUST-L3-023922` - คะแนน earned รวม: `15,738` - loyalty tier ปัจจุบันจาก `DIM_CUSTOMER`: `platinum` ไฟล์ที่ใช้และวิธีหา: - ใช้ `tables/FACT_LOYALTY_LEDGER.csv` - กรอง `event_type = earned` - join กับ `tables/DIM_CUSTOMER.csv` - กรอง `customer_type = B2C` - group by `customer_id` แล้ว sum `points_delta` - join/read `loyalty_tier` จาก `DIM_CUSTOMER`",
L3-Q-MED-004,"ในปี 2025 (พ.ศ. 2568) ลูกค้า B2B รายไหนเป็นรายที่จ่ายเงินช้าที่สุด (วันที่ payment_received_date ล่าสุดของปี) รบกวนระบุ customer_id, จำนวนวันที่ชำระล่าช้ากว่า payment_due_date (ถ้าตรงเวลาให้ระบุ 0) และ payment_terms ที่ลูกค้ารายนั้นใช้อยู่ครับ",tables,tables/FACT_SALES.csv; tables/DIM_CUSTOMER.csv,คำตอบ: ในปี 2025 วันที่รับเงิน B2B ที่ล่าสุดที่สุดคือ `2025-12-31` และมีหลาย transaction ที่รับเงินวันนี้ (`23` transactions) ดังนั้นเลือก customer ที่ช้าสุดในกลุ่มวันที่ล่าสุดนี้จากจำนวนวันที่เกิน due date มากที่สุด: - `customer_id`: `CUST-L3-B2B-020600` - `txn_id`: `TXN-202510-18020600` - `payment_due_date`: `2025-12-17` - `payment_received_date`: `2025-12-31` - จ่ายช้ากว่า due date: `14` วัน - `payment_terms`: `NET-60` ไฟล์ที่ใช้และวิธีหา: - ใช้ `tables/FACT_SALES.csv` - กรอง `is_b2b = true` - กรอง `payment_received_date` อยู่ในปี 2025 - หา `payment_received_date` ล่าสุด คือ `2025-12-31` - ในกลุ่มวันล่าสุด คำนวณ `payment_received_date - payment_due_date` ถ้าติดลบให้นับเป็น `0` - ใช้ `tables/DIM_CUSTOMER.csv` เพื่อดึง `payment_terms`,
L3-Q-MED-005,จากข้อมูล FACT_INVENTORY_MONTHLY_SNAPSHOT ของปี 2568 (ค.ศ. 2025) SKU ไหนของฟ้าใหม่มีจำนวนเหตุการณ์ stockout (closing_units = 0) ต่อสาขาต่อเดือน รวมแล้วมากที่สุดในรอบปี และกระทบสาขา (retail branch) กี่สาขาครับ,tables,tables/FACT_INVENTORY_MONTHLY_SNAPSHOT.csv; tables/DIM_BRANCH.csv,คำตอบ: SKU ที่มี stockout มากที่สุดในปี 2025 คือ: - `sku_id`: `SKU-MASS-048` - จำนวนเหตุการณ์ stockout: `10` branch-month events - กระทบ retail branch: `9` สาขา ไฟล์ที่ใช้และวิธีหา: - ใช้ `tables/FACT_INVENTORY_MONTHLY_SNAPSHOT.csv` - กรองปี 2025 จาก `business_event_date` - กรอง `closing_units = 0` - ใช้ `tables/DIM_BRANCH.csv` เพื่อกรอง retail/physical branch โดยใช้ `branch_type = branch` - group by `sku_id` - นับจำนวน row เป็น stockout events และนับ distinct `branch_code` เป็นจำนวนสาขาที่กระทบ,
L3-Q-MED-006,"ขอเปรียบเทียบผลแคมเปญ 11.11 Mega Sale ปีต่อปีหน่อยครับ โดยใช้ข้อมูลจาก FACT_PROMO_REDEMPTION เทียบ MEGA-1111-2567 (11.11 ปี 2567) กับ MEGA-1111-2568 (11.11 ปี 2568) ขอตัวเลข 4 ค่า: (1) จำนวน redemption ทั้งหมดของแคมเปญปี 2567, (2) ยอดส่วนลดรวมเป็นบาทของแคมเปญปี 2567, (3) จำนวน redemption ทั้งหมดของแคมเปญปี 2568, และ (4) ยอดส่วนลดรวมเป็นบาทของแคมเปญปี 2568 ครับ",tables; renders,tables/FACT_PROMO_REDEMPTION.csv; tables/DIM_PROMO_CAMPAIGN.csv; renders/e7_banner/2024-11/BN-MEGA1111-2567.png; renders/e7_banner/2025-11/BN-MEGA1111-2568.png,"คำตอบ: เปรียบเทียบ 11.11 Mega Sale: | campaign_id | redemption count | discount รวม | |---|---:|---:| | `MEGA-1111-2567` | `267` | `1,308,360` บาท | | `MEGA-1111-2568` | `442` | `2,868,084` บาท | ปี 2568 มี redemption มากกว่าปี 2567 อยู่ `175` ครั้ง และ discount รวมมากกว่า `1,559,724` บาท ไฟล์ที่ใช้และวิธีหา: - ใช้ `tables/FACT_PROMO_REDEMPTION.csv` - กรอง `campaign_id` เป็น `MEGA-1111-2567` และ `MEGA-1111-2568` - count rows เป็นจำนวน redemption - sum `discount_applied_thb` เป็นยอดส่วนลดรวม - ใช้ `tables/DIM_PROMO_CAMPAIGN.csv` เพื่อยืนยันว่า campaign เหล่านี้คือ `11.11 Mega Sale` - มี banner render ประกอบใน `renders/e7_banner/2024-11/BN-MEGA1111-2567.png` และ `renders/e7_banner/2025-11/BN-MEGA1111-2568.png`",
L3-Q-MED-007,ใน FACT_SALES ของ FahMai ตะกร้าซื้อขายฝั่ง B2C (is_b2b=False) ใบเดียวที่มียอด basket_total_thb สูงที่สุดตลอดทั้ง corpus เกิดขึ้นที่สาขาไหน รหัสรายการ (txn_id) คืออะไร และยอดรวมในตะกร้าเป็นกี่บาทครับ,tables,tables/FACT_SALES.csv,"คำตอบ: B2C basket ที่มี `basket_total_thb` สูงที่สุดทั้ง corpus คือ: - `txn_id`: `TXN-202411-03026757` - `branch_code`: `BKK-EMSP` - `basket_total_thb`: `320,300` บาท - `business_event_date`: `2024-11-03` ไฟล์ที่ใช้และวิธีหา: - ใช้ `tables/FACT_SALES.csv` - กรอง `is_b2b = false` - เรียง `basket_total_thb` จากมากไปน้อย - ดึงแถวแรก",
L3-Q-MED-008,ในปี 2024 (พ.ศ. 2567) ลูกค้าประเภท B2B ของ FahMai 5 อันดับแรกที่มียอดซื้อสูงสุด (วัดจาก net_total_thb ใน FACT_SALES รวมทั้งปี โดยกรองเฉพาะ business_event_date ที่อยู่ในปี 2024) คือลูกค้า customer_id อะไรบ้างครับ ขอเรียงจากอันดับ 1 ลงไปอันดับ 5 พร้อมยอด net รวมของแต่ละราย (หน่วยเป็นบาท) ด้วยครับ,tables,tables/FACT_SALES.csv,"คำตอบ: Top 5 ลูกค้า B2B ปี 2024 ตามยอดซื้อรวม `net_total_thb`: | rank | customer_id | net_total_thb | |---:|---|---:| | 1 | `CUST-L3-B2B-002600` | `7,548,210` | | 2 | `CUST-L3-B2B-021100` | `7,405,700` | | 3 | `CUST-L3-B2B-019600` | `6,817,740` | | 4 | `CUST-L3-B2B-026300` | `6,774,900` | | 5 | `CUST-L3-B2B-003500` | `6,758,870` | ไฟล์ที่ใช้และวิธีหา: - ใช้ `tables/FACT_SALES.csv` - กรอง `is_b2b = true` - กรอง `business_event_date` อยู่ในปี 2024 - group by `customer_id` - sum `net_total_thb` - เรียงจากมากไปน้อย",
L3-Q-MED-009,"ลูกค้าซื้อสินค้าและรับของในวันที่ 15 กุมภาพันธ์ 2025 (2025-02-15) ตามนโยบายของ FahMai ที่ ""มีผลบังคับใช้"" ในวันนั้น ลูกค้ามีสิทธิ์ขอคืนสินค้าได้ภายในกี่วันนับจากวันที่รับสินค้าครับ (return_window_days ใน DIM_POLICY_VERSION ขอบเขต global)",tables,tables/DIM_POLICY_VERSION.csv,คำตอบ: สำหรับวันที่ `2025-02-15` policy return window ที่มีผลบังคับใช้คือ: - `return_window_days`: `14` วัน - `policy_version_id`: `1` - effective period: `2024-01-01` ถึง `2025-03-01` - scope: `global` ดังนั้นลูกค้าซื้อและรับของวันที่ `2025-02-15` มีสิทธิ์คืนสินค้าได้ภายใน `14` วันนับจากวันที่รับสินค้า ไฟล์ที่ใช้และวิธีหา: - ใช้ `tables/DIM_POLICY_VERSION.csv` - กรอง `policy_variable = return_window_days` - กรอง `scope_filter = global` - เลือก policy ที่ `effective_date <= 2025-02-15` และ `end_date >= 2025-02-15`,
L3-Q-MED-010,ในวันที่ 20 มีนาคม 2568 (2025-03-20) เพดานวงเงินคืนเงิน (refund threshold) ที่บริษัทฟ้าใหม่ใช้บังคับอยู่ในขณะนั้นเป็นเท่าไหร่ในหน่วยบาท และเป็น policy_version_id หมายเลขใดครับ,tables,tables/DIM_POLICY_VERSION.csv,"คำตอบ: วันที่ `2025-03-20` refund threshold ที่มีผลบังคับใช้คือ: - refund threshold: `5,000` บาท - `policy_version_id`: `12` - effective date: `2025-03-15` - end date: ยังไม่มี end date - scope: `global` ไฟล์ที่ใช้และวิธีหา: - ใช้ `tables/DIM_POLICY_VERSION.csv` - กรอง `policy_variable = refund_threshold_thb` - กรอง `scope_filter = global` - เลือก policy ที่ครอบคลุมวันที่ `2025-03-20`",
L3-Q-MED-011,จากตาราง FACT_RETURN ในช่วงสัปดาห์สุดท้ายของปี 2025 (ตั้งแต่ 2025-12-25 ถึง 2025-12-31 รวมทั้งสองวัน อิงตามคอลัมน์ business_event_date) มีรายการคืนสินค้าทั้งหมดกี่รายการ และเมื่อจัดกลุ่มตาม return_reason แล้วแต่ละหมวดเหตุผลมีจำนวนเท่าไหร่ครับ กรุณาระบุทั้งจำนวนรวมและจำนวนแยกตามเหตุผล,tables,tables/FACT_RETURN.csv,คำตอบ: ช่วง `2025-12-25` ถึง `2025-12-31` มีรายการคืนสินค้าทั้งหมด: - total returns: `74` รายการ แยกตาม `return_reason`: | return_reason | count | |---|---:| | `customer_change_of_mind` | `74` | ไฟล์ที่ใช้และวิธีหา: - ใช้ `tables/FACT_RETURN.csv` - กรอง `business_event_date` ตั้งแต่ `2025-12-25` ถึง `2025-12-31` แบบรวมสองวัน - count `return_id` - group by `return_reason`,
L3-Q-MED-012,ขอข้อมูลจาก FACT_BANK_TRANSACTION หน่อยครับ ถ้านับเฉพาะธุรกรรมขาเข้า (credit / amount_thb เป็นบวก) และไม่นับบัญชี central operating ของ KBank (account_id=KBANK-OPER) แล้ว บัญชีไหนมี credit volume รวมสูงที่สุดในช่วงปี 2024-2025 และยอดรวมเป็นเท่าไหร่ (THB)? ขอ account_id + ยอด THB ครับ,tables,tables/FACT_BANK_TRANSACTION.csv,"คำตอบ: ถ้านับเฉพาะ credit หรือ `amount_thb > 0` และไม่รวม `account_id = KBANK-OPER` บัญชีที่มี credit volume รวมสูงที่สุดคือ: - `account_id`: `OPER-BKK-SIAM` - credit volume รวม: `579,680,857` บาท ไฟล์ที่ใช้และวิธีหา: - ใช้ `tables/FACT_BANK_TRANSACTION.csv` - กรอง `amount_thb > 0` - กรองออก `account_id = KBANK-OPER` - group by `account_id` - sum `amount_thb` - เรียงจากมากไปน้อย",
L3-Q-MED-013,ขอ Top 3 SKU ของฟ้าใหม่ที่ทำยอดขายรวม (gross revenue เป็น THB) ตลอดระยะเวลาที่มีข้อมูลในระบบสูงที่สุด โดยคิดจาก line_total_thb ใน FACT_SALES_LINE_ITEM ครับ ตอบ sku_id ทั้งสามตัวเรียงจากมากไปน้อย พร้อมระบุ brand_family ของแต่ละ SKU จาก DIM_PRODUCT ด้วย,tables,tables/FACT_SALES_LINE_ITEM.csv; tables/DIM_PRODUCT.csv,"คำตอบ: Top 3 SKU ตาม gross revenue จาก `line_total_thb` ตลอด corpus: | rank | sku_id | brand_family | gross revenue | |---:|---|---|---:| | 1 | `DN-LT-010` | `Dawn` | `228,465,900` | | 2 | `SF-Galaxy-Pro-2568` | `SaiFah` | `169,993,000` | | 3 | `SKU-MASS-019` | `FahMai` | `159,538,600` | ไฟล์ที่ใช้และวิธีหา: - ใช้ `tables/FACT_SALES_LINE_ITEM.csv` - group by `sku_id` - sum `line_total_thb` - ใช้ `tables/DIM_PRODUCT.csv` join เพื่อดึง `brand_family`",
L3-Q-MED-014,ในช่วง pre-launch baseline ก่อนเปิดตัวสินค้า SF-Galaxy-Pro (เปิดตัววันที่ 2025-07-15) basket size เฉลี่ยต่อ transaction (basket_total_thb) ของยอดขายที่หน้าร้านสาขา (สาขาทั้งหมดที่ไม่ใช่ REMOTE) เทียบกับยอดขายช่องทางออนไลน์ (สาขา REMOTE) เป็นเท่าไหร่ครับ กรุณาให้ค่าทั้งสองอย่าง (offline และ online) เป็นบาท,tables,tables/FACT_SALES.csv; tables/DIM_PRODUCT.csv,"คำตอบ: ใช้ช่วง pre-launch ก่อนเปิดตัว `SF-Galaxy-Pro-2568` คือข้อมูลตั้งแต่ `2024-01-01` ถึง `2025-07-14` - Offline หรือหน้าร้านทุกสาขาที่ไม่ใช่ `REMOTE`: average basket size = `58,040.03` บาทต่อ transaction - Online หรือ `branch_code = REMOTE`: average basket size = `37,993.83` บาทต่อ transaction จำนวน transaction ที่ใช้คำนวณ: - Offline/non-REMOTE: `79,321` transactions - Online/REMOTE: `10,049` transactions ไฟล์ที่ใช้และวิธีหา: - ใช้ `tables/FACT_SALES.csv` - กรอง `business_event_date < 2025-07-15` - แยก offline ด้วย `branch_code != REMOTE` - แยก online ด้วย `branch_code = REMOTE` - average `basket_total_thb` - วัน launch ของ SKU อ้างอิงจากคำถามและตรวจได้จาก `tables/DIM_PRODUCT.csv` โดย `SF-Galaxy-Pro-2568` มี `launch_date = 2025-07-15`",
L3-Q-MED-015,NovaTech Laptop รุ่น NT-LT-001 (Powercell X3) เคยถูก recall ใช่ไหมครับ อยากทราบว่าใน dim_product_recall_history ของ SKU นี้มีการเปลี่ยน status (transition) ทั้งหมดกี่ครั้ง สถานะอะไรบ้าง และเปลี่ยนเมื่อวันที่เท่าไหร่ในแต่ละครั้ง? ขอตอบให้ครบทั้งจำนวน transition + รายชื่อ status ตามลำดับเวลา + วันที่ของแต่ละ transition ด้วยครับ,tables,tables/dim_product_recall_history.csv,คำตอบ: `NT-LT-001` เคยถูก recall ใช่ มี status history ทั้งหมด `3` records ตามลำดับเวลา: | order | status | transition_date | |---:|---|---| | 1 | `normal` | `2024-01-01` | | 2 | `active` | `2025-09-10` | | 3 | `completed` | `2025-10-15` | ถ้านับเฉพาะการเปลี่ยนสถานะจากสถานะก่อนหน้า จะมี `2` transitions: - `normal -> active` วันที่ `2025-09-10` - `active -> completed` วันที่ `2025-10-15` ไฟล์ที่ใช้และวิธีหา: - ใช้ `tables/dim_product_recall_history.csv` - กรอง `sku_id = NT-LT-001` - เรียงตาม `transition_date`,
L3-Q-MED-016,ในปี 2025 (2568) อัตราการคืนสินค้าต่อสาขา คำนวณจาก (จำนวน return / จำนวน sales transaction) สำหรับแต่ละสาขา ในช่วง business_event_date ปี 2025 สาขาใดมีอัตราการคืนสูงสุด และสาขาใดมีอัตราการคืนต่ำสุด ขอ branch_code ของทั้งสองสาขา พร้อมเปอร์เซ็นต์อัตราการคืนของแต่ละสาขาด้วยครับ,tables,tables/FACT_SALES.csv; tables/FACT_RETURN.csv,"คำตอบ: คำนวณปี 2025 ด้วยสูตร: `return rate = จำนวน distinct return_id / จำนวน distinct sales txn_id` รวม `REMOTE` เพราะเป็น `branch_code` ใน `FACT_SALES` และ `FACT_RETURN` - สาขาที่ return rate สูงสุด: `HKT-FEST` - sales transactions: `3,970` - return events: `271` - return rate: `6.83%` - สาขาที่ return rate ต่ำสุด: `REMOTE` - sales transactions: `8,150` - return events: `316` - return rate: `3.88%` หมายเหตุ: ถ้าต้องการเฉพาะ physical branch และตัด `REMOTE` ออก สาขาที่ต่ำสุดคือ `KKC-CTRL` ที่ `4.97%` ไฟล์ที่ใช้และวิธีหา: - ใช้ `tables/FACT_SALES.csv` นับ distinct `txn_id` ปี 2025 ต่อ `branch_code` - ใช้ `tables/FACT_RETURN.csv` นับ distinct `return_id` ปี 2025 ต่อ `branch_code` - join ด้วย `branch_code` - คำนวณ `return_id count / txn_id count`",
L3-Q-MED-017,DN-LT-010 (Dawn flagship laptop) เป็น SKU ที่ทำรายได้สูงสุดของฟ้าใหม่ตลอดทั้งคลัง ขอตรวจรายการขายที่ใหญ่ที่สุดของรุ่นนี้ในระบบหน่อยครับ: ใน FACT_SALES_LINE_ITEM เมื่อ group by txn_id แล้ว transaction เดียวที่มียอดรวมเฉพาะ DN-LT-010 สูงที่สุดเป็นกี่บาท และในรายการนั้นขายไปกี่เครื่อง ขอเลขทั้งสองค่า (มูลค่า DN-LT-010 + จำนวนเครื่อง),tables,tables/FACT_SALES_LINE_ITEM.csv,"คำตอบ: สำหรับ `DN-LT-010` transaction ที่มียอดรวมเฉพาะ SKU นี้สูงสุดมีมูลค่า: - มูลค่า `DN-LT-010` สูงสุดต่อ transaction: `254,700` บาท - จำนวนเครื่องใน transaction นั้น: `3` เครื่อง มี transaction ที่ tie กันที่ยอดสูงสุดนี้ `4` รายการ: - `TXN-202411-09020300` - `TXN-202506-02002742` - `TXN-202508-12023200` - `TXN-202509-14028900` ไฟล์ที่ใช้และวิธีหา: - ใช้ `tables/FACT_SALES_LINE_ITEM.csv` - กรอง `sku_id = DN-LT-010` - group by `txn_id` - sum `line_total_thb` และ sum `quantity` - เรียงยอดรวมจากมากไปน้อย",
L3-Q-MED-018,ในปี 2025 (พ.ศ. 2568) ค่าธรรมเนียมธนาคารทั้งหมดของฟ้าใหม่ที่บันทึกใน FACT_BANK_TRANSACTION (transaction_type='fee') มีกี่รายการ และยอดรวม (ผลรวมของ amount_thb ของรายการเหล่านั้น) เป็นเท่าไหร่ THB ครับ ขอตัวเลข 2 ค่า: จำนวนรายการ + ยอดรวม THB,tables,tables/FACT_BANK_TRANSACTION.csv,"คำตอบ: ในปี 2025 รายการค่าธรรมเนียมธนาคารใน `FACT_BANK_TRANSACTION` ที่ `transaction_type = fee` มี: - จำนวนรายการ: `24` - ผลรวม `amount_thb`: `-15,600` บาท หมายเหตุ: ค่าเป็นลบเพราะเป็นเงินออก/ค่าธรรมเนียม ถ้าดูเป็น cost แบบค่าสัมบูรณ์คือ `15,600` บาท ไฟล์ที่ใช้และวิธีหา: - ใช้ `tables/FACT_BANK_TRANSACTION.csv` - กรอง `business_event_date` อยู่ในปี 2025 - กรอง `transaction_type = fee` - count rows และ sum `amount_thb`",
L3-Q-MED-019,ในปี 2025 (พ.ศ. 2568) FahMai ขายสินค้า (sku_id) ที่แตกต่างกันกี่ตัวในแต่ละเดือนครับ ขอจำนวน SKU ที่ปรากฏใน FACT_SALES_LINE_ITEM (นับ DISTINCT sku_id) แยกตามเดือนของ business_event_date เป็น tuple 12 ค่าตามลำดับเดือนมกราคมถึงธันวาคม,tables,tables/FACT_SALES_LINE_ITEM.csv,"คำตอบ: จำนวน distinct `sku_id` ที่ขายในปี 2025 แยกตามเดือน มกราคมถึงธันวาคม คือ: `(109, 109, 109, 109, 109, 109, 110, 110, 110, 110, 110, 110)` แปลตามเดือน: | month | distinct sku_id | |---:|---:| | Jan | `109` | | Feb | `109` | | Mar | `109` | | Apr | `109` | | May | `109` | | Jun | `109` | | Jul | `110` | | Aug | `110` | | Sep | `110` | | Oct | `110` | | Nov | `110` | | Dec | `110` | ไฟล์ที่ใช้และวิธีหา: - ใช้ `tables/FACT_SALES_LINE_ITEM.csv` - กรอง `business_event_date` อยู่ในปี 2025 - แปลงเดือนจาก `business_event_date` - group by month - count distinct `sku_id`",
L3-Q-MED-020,ในปี 2025 (พ.ศ. 2568) วันใดของสัปดาห์ที่มีจำนวนรายการคืนสินค้า (return events) จากลูกค้าประเภท B2C มากที่สุดของฟ้าใหม่ครับ ขอตอบ 2 ค่า: (ก) ชื่อวันของสัปดาห์ และ (ข) จำนวนรายการคืนของวันนั้น (นับ return_id จาก FACT_RETURN หลัง join กับ DIM_CUSTOMER เพื่อกรอง customer_type='B2C' และ filter business_event_date อยู่ในปี 2025; group by day-of-week ของ business_event_date),tables,tables/FACT_RETURN.csv; tables/DIM_CUSTOMER.csv,คำตอบ: ในปี 2025 วันของสัปดาห์ที่มี return events จากลูกค้า B2C มากที่สุดคือ: - วัน: `Thursday` - จำนวน return events: `536` จำนวนตามวันของสัปดาห์: | day_of_week | return events | |---|---:| | Thursday | `536` | | Friday | `519` | | Monday | `499` | | Saturday | `496` | | Wednesday | `496` | | Tuesday | `492` | | Sunday | `486` | ไฟล์ที่ใช้และวิธีหา: - ใช้ `tables/FACT_RETURN.csv` - ใช้ `tables/DIM_CUSTOMER.csv` - join ด้วย `customer_id` - กรอง `customer_type = B2C` - กรอง `business_event_date` อยู่ในปี 2025 - group by day-of-week จาก `business_event_date` - นับ distinct `return_id`,
L3-Q-HARD-001,วันที่ 2025-04-05 ใน LINE WORKS thread ของทีม Finance / Ops มีการแจ้งเคส invoice ID ซ้ำหลัง schema cutover ของ vendor V-013 (PayWise) ขอให้ตอบ 3 ข้อนี้ครับ: (1) invoice ID ที่ถูกแจ้งว่าซ้ำคือเลขอะไร (2) ใน FACT_VENDOR_PAYMENT มี payment record กี่แถวที่ใช้ invoice ID เดียวกันนี้ และ (3) แต่ละแถวจ่ายเป็นจำนวนเงินเท่าไหร่ (THB) และ posting_date เป็นวันที่เท่าไหร่,docs; tables,docs/chat_line_works/lwt__DQ3-2025-04-05__2025-04-05__e0000.md; tables/FACT_VENDOR_PAYMENT.csv,"(1) Invoice ID ที่ซ้ำ: PW-INV-2568-04823 (2) มี 2 แถวที่ใช้ invoice ID เดียวกัน (3) แถวที่ 1: payment_id=VP-202504-9096124, 89,000 THB, posting_date=2025-04-05; แถวที่ 2: payment_id=VP-202509-15179906, 104,500 THB, posting_date=2025-09-10",
L3-Q-HARD-002,ในวันที่ 2025-07-15 (เปิดตัวโปรโมชัน SF-LAUNCH-2568) FACT_PROMO_REDEMPTION มีรายการที่ดู phantom / log ซ้ำจาก app channel กี่รายการ และมีการแจ้งปัญหานี้ใน LINE WORKS thread ของวันนั้นด้วยไหมครับ ถ้ามียอด discount ที่ถูกนับซ้ำคิดเป็นเท่าไหร่ (THB) และส่งผลให้ยอด redemption รวมของวันนั้นถูก inflate ไปกี่เปอร์เซ็นต์เมื่อเทียบกับยอดที่ dedup แล้ว,docs; tables,docs/chat_line_works/lwt__DQ4__2025-07-15__e0000.md; tables/FACT_PROMO_REDEMPTION.csv,"มี phantom/log ซ้ำจาก app channel 1 รายการ; มี LINE WORKS thread วันที่ 2025-07-15 ยืนยันว่าเกิด app bug; ยอด discount ที่ถูกนับซ้ำ 4,135.00 THB; ยอด raw 15,840.00 เทียบ dedup 11,705.00 ทำให้ inflate 35.3%",
L3-Q-HARD-003,"ในปี 2025 ของสาขา REMOTE มีวันใดวันหนึ่งที่จำนวนธุรกรรมการขาย (FACT_SALES) พุ่งสูงผิดปกติเมื่อเทียบกับวันอื่นในปีเดียวกัน กรุณาระบุ (1) วันที่เกิด spike (ในรูปแบบ YYYY-MM-DD), (2) SKU ที่ครองสัดส่วนรายการในวันนั้น และ (3) จำนวนธุรกรรมทั้งหมดของสาขา REMOTE ในวันดังกล่าวครับ",tables,tables/FACT_SALES.csv; tables/FACT_SALES_LINE_ITEM.csv,(1) วันที่ spike: 2025-07-15 (2) SKU ที่ครอง: SF-Galaxy-Pro-2568 (501 จาก 530 line items = 94.53%) (3) จำนวนธุรกรรมทั้งหมด: 512 รายการ (median ปกติ ~12/วัน),
L3-Q-HARD-004,"ในช่วงเดือนเมษายนถึงพฤษภาคม 2025 (เม.ย.–พ.ค. 2568) สาขาหนึ่งของฟ้าใหม่มีจำนวนการคืนสินค้า (FACT_RETURN) ที่มีสาเหตุระบุว่าเป็น 'hardware batch defect' ผิดปกติ รวมตัวกันที่สาขาเดียวเท่านั้น ไม่กระจายไปสาขาอื่น กรุณาตอบ 3 ข้อนี้ครับ: (1) SKU ที่ถูกส่งคืนคือรหัสอะไร, (2) สาขาที่เกิดเหตุการณ์นี้คือสาขาใด (branch_code), และ (3) มีการคืนสินค้าที่ระบุสาเหตุเป็น 'hardware batch defect' กี่ครั้งในสาขานั้น ภายในช่วงเดือนเม.ย.–พ.ค. 2568",tables,tables/FACT_RETURN.csv,SKU คือ WK-SW-004; สาขาคือ HKT-FEST; มี hardware batch defect return 28 ครั้งในช่วงเม.ย.-พ.ค. 2025,
L3-Q-HARD-005,"ใน FACT_SHIPPING มี shipment กลุ่มหนึ่งที่ posting_date ไม่ตรงกับ business_event_date ดูเหมือนถูก backpost (บันทึกย้อนหลัง) เข้าระบบช้ากว่าวันที่เกิดเหตุการณ์จริงหลายสัปดาห์ กรุณาตอบ 4 ข้อนี้ครับ: (1) มี shipment ทั้งหมดกี่รายการในกลุ่มนี้ (นับเฉพาะ row ที่ posting_date!= business_event_date ในตาราง FACT_SHIPPING ทั้งหมด), (2) ช่วง business_event_date ของ shipment กลุ่มนี้ครอบคลุมวันที่ใด ถึงวันที่ใด, (3) posting_date ที่ระบบใช้บันทึก batch นี้คือวันไหน, และ (4) ระยะเวลา lag สูงสุด (สูงสุดของจำนวนวันระหว่าง business_event_date กับ posting_date ในกลุ่มนี้) คือกี่วัน",tables,tables/FACT_SHIPPING.csv,มี shipment mismatch 8 รายการ; business_event_date ครอบคลุม 2024-08-22 ถึง 2024-08-24; posting_date batch คือ 2024-09-30; lag สูงสุด 39 วัน,
L3-Q-HARD-006,ทีม Internal Audit ของฟ้าใหม่กำลังประเมิน 'ความรุนแรงของ bitemporal mismatch' ของ vendor-payment ledger ทั้งหมดในระบบ FACT_VENDOR_PAYMENT (ทั้ง 809 แถว ครอบคลุมปี 2024–2025) โดยใช้เกณฑ์ว่า แถวใดที่ posting_date กับ business_event_date 'ไม่ได้อยู่ในเดือนปฏิทินเดียวกัน' (กล่าวคือคนละ calendar month หรือคนละปี) ให้นับเป็น 'cross-month posting'. กรุณาตอบเป็น 2-tuple ครับ: (1) ในระบบทั้งหมด มี vendor payment กี่แถวที่ posting_date ตกในเดือน/ปี ที่แตกต่างจาก business_event_date และ (2) ลำดับเวลา (lag) สูงสุดที่พบเป็นกี่วัน (วัดเป็น absolute calendar days ระหว่าง business_event_date กับ posting_date ของแถวเดียวกัน). ขอให้นับจากตาราง public/tables/FACT_VENDOR_PAYMENT.csv โดยตรง ไม่ต้องอาศัยข้อมูลภายนอก,tables,tables/FACT_VENDOR_PAYMENT.csv,(1) 767 แถว (จาก 809 ทั้งหมด) เป็น cross-month posting (2) Lag สูงสุด: 28 วัน (เช่น business_event_date 2024-01-31 → posting_date 2024-02-28),
L3-Q-HARD-007,"ดูจาก FACT_SALES (filter branch_code='REMOTE') ทั้งปี 2024 และ 2025 จะเห็นว่ามีไตรมาสหนึ่งที่ revenue ของสาขา REMOTE สูงผิดปกติเมื่อเทียบกับไตรมาสอื่น ๆ ขอให้ตอบ 3 ข้อนี้ครับ: (1) ไตรมาสไหน (ระบุปีและไตรมาส เช่น 2025 Q3) (2) revenue ของสาขา REMOTE ในไตรมาสนั้นรวมเท่าไหร่ (THB, sum ของ net_total_thb) และ (3) เทียบกับ baseline ซึ่งคือค่าเฉลี่ยของอีก 7 ไตรมาสที่เหลือ (ทั้ง 2024 Q1-Q4 และ 2025 Q1, Q2, Q4) คิดเป็นกี่เท่าของ baseline (ratio ≈ x.xx)",tables,tables/FACT_SALES.csv,"2025 Q3; revenue 178,707,675.00 THB; baseline เฉลี่ยอีก 7 ไตรมาส 41,816,611.14 THB; ratio 4.27 เท่า",
L3-Q-HARD-008,"ในตาราง FACT_BANK_TRANSACTION ทั้งหมด รายการฝากเงิน (deposit) เดี่ยวที่มียอดสูงที่สุดเป็นรายการไหน? ขอทราบวันที่ (business_event_date), บัญชี (account_id), ยอดเงิน (amount_thb) และอธิบายสั้นๆ ว่าสิ่งใดเป็นตัวขับเคลื่อนยอดผิดปกตินี้ (โดยอ้างอิงจากตาราง DIM_PRODUCT หรือ DIM_PROMO_CAMPAIGN ตามความเหมาะสม)",tables,tables/FACT_BANK_TRANSACTION.csv; tables/FACT_SALES.csv; tables/FACT_SALES_LINE_ITEM.csv; tables/DIM_PRODUCT.csv; tables/DIM_PROMO_CAMPAIGN.csv,"largest deposit คือวันที่ 2025-07-15, account_id OPER-REMOTE, amount 18,906,765.00 THB. ตัวขับเคลื่อนคือยอดขาย REMOTE credit_card วันที่ 2025-07-15 ซึ่งถูกดันโดยการเปิดตัว SF-Galaxy-Pro-2568 ภายใต้ promo SF-LAUNCH-2568",
L3-Q-HARD-009,"ที่จุดสิ้นปี 2025 (snapshot ของ FACT_INVENTORY_MONTHLY_SNAPSHOT ณ business_event_date = 2025-12-31) ขอทราบ (1) มี SKU จำนวนเท่าใดที่ closing_units = 0 ในทุกสาขาที่ปรากฏใน snapshot, (2) ในจำนวน SKU เหล่านั้น มีกี่ตัวที่ DIM_PRODUCT บันทึก end_of_life_date เอาไว้ (สะท้อนว่าได้รับการประกาศ EOL อย่างเป็นทางการแล้ว) และ (3) ในเดือนนั้น snapshot ครอบคลุมสาขากี่สาขา (ระบุว่าตรงกับจำนวนสาขาทั้งหมดใน DIM_BRANCH หรือไม่ ถ้าไม่ตรง สาขาใดหายไป)",tables,tables/FACT_INVENTORY_MONTHLY_SNAPSHOT.csv; tables/DIM_PRODUCT.csv; tables/DIM_BRANCH.csv,มี SKU ที่ closing_units=0 ทุกสาขาใน snapshot 100 SKU; ในนั้นมี end_of_life_date ใน DIM_PRODUCT 0 SKU; snapshot ครอบคลุม 10 สาขา ไม่ตรงกับ DIM_BRANCH 11 สาขา โดยสาขาที่หายไปคือ REMOTE,
L3-Q-HARD-010,ในบรรดา promo campaign ทั้งหมดที่ปรากฏใน DIM_PROMO_CAMPAIGN ของฟ้าใหม่ (FahMai) ถ้านิยาม ROI ratio ของแต่ละ campaign = SUM(FACT_SALES.net_total_thb) ÷ SUM(FACT_SALES.discount_total_thb) คิดเฉพาะธุรกรรมที่ promo_campaign_id ตรงกับ campaign นั้น ๆ ขอให้ตอบ 2 ข้อนี้ครับ: (1) campaign ไหนมี ROI ratio สูงสุด (ให้ตอบเป็น campaign_id) และ (2) ROI ratio ของ campaign นั้นเป็นกี่เท่า (round เป็นทศนิยม 1 ตำแหน่ง). กรุณาใช้ข้อมูลทั้งช่วงที่มีอยู่ใน FACT_SALES โดยไม่ filter ปี,tables,tables/FACT_SALES.csv; tables/DIM_PROMO_CAMPAIGN.csv,"(1) Campaign ID: SF-LAUNCH-2568 (2) ROI ratio: 19.0x (net_total 143,301,515 THB / discount_total 7,542,185 THB)",
L3-Q-HARD-011,"ขอให้ดูบัญชี OPER-REMOTE ใน DIM_BANK_ACCOUNT (สาขา REMOTE ขายผ่านช่อง online/e-commerce) และคำนวณจาก FACT_BANK_TRANSACTION ตอบ 2 ข้อนี้ครับ: (1) ในเดือนกรกฎาคม 2025 (business_event_date อยู่ในช่วง 2025-07-01 ถึง 2025-07-31) บัญชี OPER-REMOTE มียอด deposit รวมทั้งสิ้นกี่บาท (นับเฉพาะ transaction_type='deposit' และให้ตอบเป็นจำนวนเงิน THB ตามที่บันทึกใน amount_thb)? (2) ยอด deposit ของเดือนกรกฎาคม 2025 นี้ คิดเป็นสัดส่วนกี่เปอร์เซ็นต์ของยอด deposit ทั้งปี 2025 (ตลอด 12 เดือน) ของบัญชีเดียวกัน (ให้ round เปอร์เซ็นต์เป็นทศนิยม 1 ตำแหน่ง)? ขอให้ตอบเป็น 2-tuple (ยอดบาท, เปอร์เซ็นต์) พร้อมตัวเลขตัวจริง",tables,tables/DIM_BANK_ACCOUNT.csv; tables/FACT_BANK_TRANSACTION.csv,"(1) ยอด deposit กรกฎาคม 2025: 150,986,075.00 THB (89 รายการ) (2) 49.5% ของยอด deposit ทั้งปี 2025 (305,078,991 THB) → 2-tuple: (150,986,075.0, 49.5%)",
L3-Q-HARD-012,"ทีม Finance ขอวิเคราะห์ vendor concentration ของฟ้าใหม่ (FahMai) ตลอดช่วงเวลาทั้งหมดที่ปรากฏใน FACT_VENDOR_PAYMENT (ทั้งปี 2024 และ 2025) ขอให้ตอบ 3 ข้อนี้ครับ: (1) เรียงลำดับ vendor ทุกราย (ระบุ vendor_id) ตาม paid_amount_thb รวมทั้งหมดจากมากไปน้อย พร้อมระบุยอดรวมเป็น THB ของแต่ละราย, (2) vendor ที่จ่ายเงินมากที่สุด (รายอันดับ 1) คิดเป็นสัดส่วน (%) ของยอด vendor spend ทั้งหมดเท่าไหร่ (round ทศนิยม 1 ตำแหน่ง), และ (3) ในชุดข้อมูลนี้มี vendor_invoice_id ของ vendor ใดที่ปรากฏซ้ำ (duplicate) ในตาราง ถ้ามี ระบุ vendor_id ของผู้ที่ออก invoice ซ้ำนั้น และแจ้งจำนวน vendor_invoice_id ที่ซ้ำกี่ id",tables,tables/FACT_VENDOR_PAYMENT.csv,"vendor spend เรียงมากไปน้อย: V-001=16,320,000.00 THB; V-002=8,064,000.00 THB; V-006=3,552,000.00 THB; V-013=2,032,350.00 THB; V-014=2,016,000.00 THB; V-018=1,382,400.00 THB. อันดับ 1 คือ V-001 คิดเป็น 48.9% ของ spend ทั้งหมด. duplicate vendor_invoice_id มี 1 id: V-013/PW-INV-2568-04823 (2 rows)",
L3-Q-HARD-013,"ทีม Inventory Planning ขอวิเคราะห์การ initialize stock ของ SKU AW-MN-001 (ArcWave monitor flagship) ณ จุดเริ่มต้นของระบบ โดยอ้างอิงจาก FACT_INVENTORY_MOVEMENT ของฟ้าใหม่ (FahMai) ขอให้ตอบ 3 ข้อนี้ครับ: (1) นับเฉพาะ movement_type='opening_balance' ของ SKU AW-MN-001 เท่านั้น (ไม่นับ transfer_in, transfer_out หรือ sale) ยอด quantity รวมของ opening_balance ทุกแถวที่บันทึก ณ as_of_date 2024-01-15 (คือ business_event_date ≤ 2024-01-15) เป็นเท่าไหร่ และมีกี่แถว/กี่ branch ที่มีการ initialize, (2) ในบรรดา branch ทั้งหมดที่ initialize opening_balance ของ SKU นี้ branch ใดได้รับ opening_balance ปริมาณมากที่สุด และเท่าไหร่ (ระบุ branch_code + quantity), และ (3) วันที่ 2024-01-15 (business_event_date='2024-01-15') มี movement_type='opening_balance' ของ SKU AW-MN-001 บันทึกในวันนั้นกี่แถว และ เพื่อ guard กับ confusion วันที่ 2024-01-15 เดียวกันนั้น มี movement_type='transfer_in' ของ SKU AW-MN-001 กี่แถวและ quantity รวมเท่าไหร่ (อย่ารวมตัวเลข transfer_in เข้ากับ opening_balance ในการตอบข้อ 1)",tables,tables/FACT_INVENTORY_MOVEMENT.csv,"opening_balance รวม 12,652 units จาก 11 แถว / 11 branch. branch สูงสุดคือ REMOTE 12,152 units. วันที่ 2024-01-15 มี opening_balance 0 แถว; วันเดียวกันมี transfer_in 10 แถว quantity รวม 500 units ซึ่งไม่รวมใน opening_balance",
L3-Q-HARD-014,"ทีม Audit & Compliance ขอตรวจการอ้างอิงผู้บริหารและผู้อนุมัติเงินคืนของฟ้าใหม่ (FahMai) ณ สถานะปัจจุบัน (รอบ FY2025 ที่เพิ่งปิดและก่อนเริ่ม FY2026) โดยใช้ DIM_EMPLOYEE + FACT_REFUND_PAID + เอกสารภายในใน public/docs เป็นหลัก ขอให้ตอบ 3 ข้อนี้ครับ: (1) ขณะนี้ใครเป็น CEO ของฟ้าใหม่ (เป็น 'ผู้ที่ดำรงตำแหน่ง CEO ในปัจจุบัน' จริง ๆ ไม่ใช่ Founder/Board Chair เดิม) ระบุ employee_id + first_name + last_name + position_title และตำแหน่ง CEO นี้มีการเปลี่ยนผู้ดำรงตำแหน่งในวันใด (อ้างจาก leadership transition / handover ที่ระบุไว้ใน internal chat threads ภายใต้ public/docs/chat_line_works/ ปี 2025), (2) เมื่อ aggregate FACT_REFUND_PAID ทั้งคลัง (business_event_date 2024-01-01 ถึง 2025-12-31) แบบ GROUP BY approver_employee_id แล้วเรียงจากมากไปน้อย employee_id ของผู้ที่อนุมัติ refund (approver_employee_id) มากที่สุดโดยจำนวนแถวคือใคร (ระบุ employee_id + first_name + last_name + position_title) และอนุมัติไปทั้งหมดกี่แถว, (3) ผู้อนุมัติ refund อันดับ 1 ในข้อ (2) เป็นบุคคลเดียวกับ CEO คนปัจจุบันในข้อ (1) หรือไม่ ตอบ ใช่/ไม่ และอธิบายสั้น ๆ ว่า role ของผู้อนุมัติอันดับ 1 จริง ๆ คืออะไรในโครงสร้างองค์กร (ฝ่าย/dept_code อะไร และ position_level ระดับใด IC, Manager, Director หรือ C-level)",tables; docs,tables/DIM_EMPLOYEE.csv; tables/FACT_REFUND_PAID.csv; docs/chat_line_works/lwt__CEO__2025-01-15__e0002.md,"CEO ปัจจุบันคือ EMP-L3-00013 Naret Vision (CEO); leadership handover มีผลวันที่ 2025-01-15. ผู้อนุมัติ refund มากที่สุดคือ EMP-L3-00005 Fin Approver (Finance Manager) จำนวน 7,116 แถว. เป็นคนเดียวกับ CEO หรือไม่: ไม่; role จริงคือ dept_code=FIN, position_level=Manager",
L3-Q-HARD-015,"ทีม Finance ของฟ้าใหม่กำลังตรวจสอบกรณี vendor payment ของ V-013 PayWise ที่มีปัญหาเรื่องเลข invoice ID ซ้ำกัน หลังเหตุการณ์ schema cutover ในเดือนเมษายน 2568 ขอให้คุณช่วยตอบคำถามต่อไปนี้โดยอ้างอิงจาก FACT_VENDOR_PAYMENT และ chat thread ภายใน (LINE WORKS) ของวันที่ 2025-04-05:
 

 1) ในตาราง FACT_VENDOR_PAYMENT มีกี่แถวที่ใช้ vendor_invoice_id เดียวกันคือ PW-INV-2568-04823 (รวมทุกช่วงเวลา ไม่เฉพาะวันที่ 2025-04-05)?
 2) แถวที่มี posting_date = 2025-04-05 มี payment_id อะไร และจ่ายไปเป็นจำนวนเท่าใด (THB)?
 3) จาก chat thread ภายในของวันนั้น ทีมไหนรับผิดชอบในการยืนยันว่า record ใดเป็น canonical และสถานะของการตรวจสอบในวันนั้นเป็นอย่างไร?",tables; docs,tables/FACT_VENDOR_PAYMENT.csv; docs/chat_line_works/lwt__DQ3-2025-04-05__2025-04-05__e0000.md,"(1) 2 แถว: VP-202504-9096124 (posting 2025-04-05, 89,000 THB) และ VP-202509-15179906 (posting 2025-09-10, 104,500 THB) (2) payment_id = VP-202504-9096124, จ่าย 89,000 THB (3) ทีม AP (Accounts Payable) รับผิดชอบยืนยัน canonical record; สถานะยังอยู่ระหว่างดำเนินการ (not yet resolved ในวันนั้น)",
L3-Q-HARD-016,ทีม Finance ขอให้ตรวจสอบ promotion SF-LAUNCH-2568 (E5 launch ของ SF-Galaxy-Pro). มีรายงานใน LINE WORKS thread ของทีม Ops ช่วงปลายเดือนกรกฎาคม 2025 ว่าฝั่ง app channel มี bug ที่ทำให้ promo redemption ถูก log ซ้ำ. ขอให้ตอบ 3 ข้อนี้ครับ: (1) ใน FACT_PROMO_REDEMPTION มีกี่ row ที่เป็น phantom duplicate ของ campaign นี้ (รวมตลอดทั้งช่วงที่ bug มีผล ไม่ใช่แค่ในวันที่แจ้งครั้งแรก) (2) เมื่อหัก phantom rows ออกแล้ว campaign นี้มี redemption ที่แท้จริงทั้งหมดกี่ row และ (3) discount_applied_thb รวม (sum) ที่แท้จริงของ campaign หลัง dedup เป็นเท่าไหร่ THB,tables; docs,tables/FACT_PROMO_REDEMPTION.csv; docs/chat_line_works/lwt__DQ4__2025-07-23__e0020.md,"phantom duplicate ของ campaign SF-LAUNCH-2568 มี 4 rows. หลังหัก phantom rows เหลือ redemption จริง 39 rows. discount_applied_thb รวมจริงหลัง dedup = 143,505.00 THB",
L3-Q-HARD-017,"ทีม Operations ของฟ้าใหม่ (FahMai) สังเกตว่าในช่วงวันที่ 2024-08-22 ถึง 2024-08-24 มี shipment เลื่อน/ล่าช้าหลายรายการ ซึ่งสะท้อนใน internal chat thread ของฝั่งโลจิสติกส์ใน LINE WORKS. ทีมต้องการประเมินว่าควรจะนับช่วงนี้รวมในการคำนวณ on-time-rate เชิง operations หรือไม่ จึงขอให้คุณช่วยตอบ 3 ข้อนี้ครับ โดยอ้างอิงจากข้อมูล public/ เท่านั้น: (1) จาก internal chat thread ของช่วง 2024-08-22 ถึง 2024-08-24 (LINE WORKS) สาเหตุที่ทีม Logistics แจ้งว่าทำให้ delivery บางส่วนล่าช้าคืออะไร และสาเหตุนั้นเป็น 'internal' (จากฝั่ง FahMai เอง) หรือ 'external' (จากฝั่ง carrier/ผู้ขนส่ง) ขอคำตอบเป็นวลีสั้น ๆ พร้อมระบุประเภท internal/external; (2) จาก FACT_SHIPPING (รวมตลอดทั้งตาราง) และ DIM_VENDOR ใครคือ carrier (vendor) ที่รับผิดชอบการขนส่งของ FahMai ในช่วงนี้ ระบุทั้ง vendor_id และ ชื่อ vendor (name_en); และ (3) ในช่วงวันที่ 2024-08-22 ถึง 2024-08-24 (รวม 3 วัน, ตาม business_event_date) FACT_SHIPPING มี shipment ทั้งหมดกี่แถวที่ vendor_id ตรงกับ carrier ที่ระบุในข้อ (2)",docs; tables,docs/chat_line_works/lwt__E2__2024-08-22__e0000.md; docs/chat_line_works/lwt__E2__2024-08-23__e0001.md; docs/chat_line_works/lwt__E2__2024-08-23__e0002.md; docs/chat_line_works/lwt__E2__2024-08-24__e0003.md; tables/FACT_SHIPPING.csv; tables/DIM_VENDOR.csv,สาเหตุคือ temporary service disruption / carrier disruption จัดเป็น external จากฝั่ง carrier. carrier คือ V-006 VeloShip. ช่วง 2024-08-22 ถึง 2024-08-24 มี shipment ของ carrier นี้ 88 แถว,
L3-Q-HARD-018,ในช่วงประมาณวันที่ 2025-04-15 ถึง 2025-05-12 (28 วัน) ตัวเลขยอดขายของฟ้าใหม่ลดลงเมื่อเทียบกับ 28 วันก่อนหน้า (2025-03-18 ถึง 2025-04-14) ขอให้ตอบ 3 ข้อนี้ครับ: (1) สาเหตุที่ยอดขายตกในช่วงนี้คือฝั่งอุปสงค์ (demand-driven ลูกค้าซื้อน้อยลง) หรือฝั่งอุปทาน (supply-driven สินค้าไม่พร้อมส่ง)? และเหตุผลที่ระบุไว้ใน chat หรือ note ภายในคืออะไร (2) มี LINE WORKS thread ภายในกี่ thread ที่ทีม Ops กับ CS แลกเปลี่ยนเรื่องเดียวกันนี้ในช่วง 28 วันนี้ (3) ทาง CS ใช้สถานะเดียวกันนี้แจ้งลูกค้าผ่าน LINE OA กี่ thread ในช่วงเวลาเดียวกัน,tables; docs,tables/FACT_SALES.csv; docs/memo/memo__E3__2025-04-15__e0000.md; docs/chat_line_works/lwt__E3__2025-04-15__e0000.md; docs/chat_line_works/lwt__E3__2025-04-24__e0001.md; docs/chat_line_works/lwt__E3__2025-05-03__e0002.md; docs/chat_line_works/lwt__E3__2025-05-12__e0003.md; docs/chat_line_oa/loa__E3__2025-04-15__e0000.md; docs/chat_line_oa/loa__E3__2025-04-15__e0001.md; docs/chat_line_oa/loa__E3__2025-04-15__e0002.md; docs/chat_line_oa/loa__E3__2025-04-16__e0003.md; docs/chat_line_oa/loa__E3__2025-04-16__e0004.md; docs/chat_line_oa/loa__E3__2025-04-16__e0005.md; docs/chat_line_oa/loa__E3__2025-04-16__e0006.md; docs/chat_line_oa/loa__E3__2025-04-16__e0007.md; docs/chat_line_oa/loa__E3__2025-04-16__e0008.md; docs/chat_line_oa/loa__E3__2025-04-17__e0009.md; docs/chat_line_oa/loa__E3__2025-04-17__e0010.md; docs/chat_line_oa/loa__E3__2025-04-17__e0011.md; docs/chat_line_oa/loa__E3__2025-04-17__e0012.md; docs/chat_line_oa/loa__E3__2025-04-17__e0013.md; docs/chat_line_oa/loa__E3__2025-04-18__e0014.md; docs/chat_line_oa/loa__E3__2025-04-18__e0015.md; docs/chat_line_oa/loa__E3__2025-04-18__e0016.md; docs/chat_line_oa/loa__E3__2025-04-18__e0017.md; docs/chat_line_oa/loa__E3__2025-04-18__e0018.md; docs/chat_line_oa/loa__E3__2025-04-18__e0019.md; docs/chat_line_oa/loa__E3__2025-04-19__e0020.md; docs/chat_line_oa/loa__E3__2025-04-19__e0021.md; docs/chat_line_oa/loa__E3__2025-04-19__e0022.md; docs/chat_line_oa/loa__E3__2025-04-19__e0023.md; docs/chat_line_oa/loa__E3__2025-04-19__e0024.md; docs/chat_line_oa/loa__E3__2025-04-20__e0025.md; docs/chat_line_oa/loa__E3__2025-04-20__e0026.md; docs/chat_line_oa/loa__E3__2025-04-20__e0027.md; docs/chat_line_oa/loa__E3__2025-04-20__e0028.md; docs/chat_line_oa/loa__E3__2025-04-20__e0029.md; docs/chat_line_oa/loa__E3__2025-04-20__e0030.md; docs/chat_line_oa/loa__E3__2025-04-21__e0031.md; docs/chat_line_oa/loa__E3__2025-04-21__e0032.md; docs/chat_line_oa/loa__E3__2025-04-21__e0033.md; docs/chat_line_oa/loa__E3__2025-04-21__e0034.md; docs/chat_line_oa/loa__E3__2025-04-21__e0035.md; docs/chat_line_oa/loa__E3__2025-04-22__e0036.md; docs/chat_line_oa/loa__E3__2025-04-22__e0037.md; docs/chat_line_oa/loa__E3__2025-04-22__e0038.md; docs/chat_line_oa/loa__E3__2025-04-22__e0039.md; docs/chat_line_oa/loa__E3__2025-04-22__e0040.md; docs/chat_line_oa/loa__E3__2025-04-22__e0041.md; docs/chat_line_oa/loa__E3__2025-04-23__e0042.md; docs/chat_line_oa/loa__E3__2025-04-23__e0043.md; docs/chat_line_oa/loa__E3__2025-04-23__e0044.md; docs/chat_line_oa/loa__E3__2025-04-23__e0045.md; docs/chat_line_oa/loa__E3__2025-04-23__e0046.md; docs/chat_line_oa/loa__E3__2025-04-24__e0047.md; docs/chat_line_oa/loa__E3__2025-04-24__e0048.md; docs/chat_line_oa/loa__E3__2025-04-24__e0049.md; docs/chat_line_oa/loa__E3__2025-04-24__e0050.md; docs/chat_line_oa/loa__E3__2025-04-24__e0051.md; docs/chat_line_oa/loa__E3__2025-04-24__e0052.md; docs/chat_line_oa/loa__E3__2025-04-25__e0053.md; docs/chat_line_oa/loa__E3__2025-04-25__e0054.md; docs/chat_line_oa/loa__E3__2025-04-25__e0055.md; docs/chat_line_oa/loa__E3__2025-04-25__e0056.md; docs/chat_line_oa/loa__E3__2025-04-25__e0057.md; docs/chat_line_oa/loa__E3__2025-04-26__e0058.md; docs/chat_line_oa/loa__E3__2025-04-26__e0059.md; docs/chat_line_oa/loa__E3__2025-04-26__e0060.md; docs/chat_line_oa/loa__E3__2025-04-26__e0061.md; docs/chat_line_oa/loa__E3__2025-04-26__e0062.md; docs/chat_line_oa/loa__E3__2025-04-26__e0063.md; docs/chat_line_oa/loa__E3__2025-04-27__e0064.md; docs/chat_line_oa/loa__E3__2025-04-27__e0065.md; docs/chat_line_oa/loa__E3__2025-04-27__e0066.md; docs/chat_line_oa/loa__E3__2025-04-27__e0067.md; docs/chat_line_oa/loa__E3__2025-04-27__e0068.md; docs/chat_line_oa/loa__E3__2025-04-28__e0069.md; docs/chat_line_oa/loa__E3__2025-04-28__e0070.md; docs/chat_line_oa/loa__E3__2025-04-28__e0071.md; docs/chat_line_oa/loa__E3__2025-04-28__e0072.md; docs/chat_line_oa/loa__E3__2025-04-28__e0073.md; docs/chat_line_oa/loa__E3__2025-04-28__e0074.md; docs/chat_line_oa/loa__E3__2025-04-29__e0075.md; docs/chat_line_oa/loa__E3__2025-04-29__e0076.md; docs/chat_line_oa/loa__E3__2025-04-29__e0077.md; docs/chat_line_oa/loa__E3__2025-04-29__e0078.md; docs/chat_line_oa/loa__E3__2025-04-29__e0079.md; docs/chat_line_oa/loa__E3__2025-04-29__e0080.md; docs/chat_line_oa/loa__E3__2025-04-30__e0081.md; docs/chat_line_oa/loa__E3__2025-04-30__e0082.md; docs/chat_line_oa/loa__E3__2025-04-30__e0083.md; docs/chat_line_oa/loa__E3__2025-04-30__e0084.md; docs/chat_line_oa/loa__E3__2025-04-30__e0085.md; docs/chat_line_oa/loa__E3__2025-05-01__e0086.md; docs/chat_line_oa/loa__E3__2025-05-01__e0087.md; docs/chat_line_oa/loa__E3__2025-05-01__e0088.md; docs/chat_line_oa/loa__E3__2025-05-01__e0089.md; docs/chat_line_oa/loa__E3__2025-05-01__e0090.md; docs/chat_line_oa/loa__E3__2025-05-01__e0091.md; docs/chat_line_oa/loa__E3__2025-05-02__e0092.md; docs/chat_line_oa/loa__E3__2025-05-02__e0093.md; docs/chat_line_oa/loa__E3__2025-05-02__e0094.md; docs/chat_line_oa/loa__E3__2025-05-02__e0095.md; docs/chat_line_oa/loa__E3__2025-05-02__e0096.md; docs/chat_line_oa/loa__E3__2025-05-03__e0097.md; docs/chat_line_oa/loa__E3__2025-05-03__e0098.md; docs/chat_line_oa/loa__E3__2025-05-03__e0099.md; docs/chat_line_oa/loa__E3__2025-05-03__e0100.md; docs/chat_line_oa/loa__E3__2025-05-03__e0101.md; docs/chat_line_oa/loa__E3__2025-05-03__e0102.md; docs/chat_line_oa/loa__E3__2025-05-04__e0103.md; docs/chat_line_oa/loa__E3__2025-05-04__e0104.md; docs/chat_line_oa/loa__E3__2025-05-04__e0105.md; docs/chat_line_oa/loa__E3__2025-05-04__e0106.md; docs/chat_line_oa/loa__E3__2025-05-04__e0107.md; docs/chat_line_oa/loa__E3__2025-05-05__e0108.md; docs/chat_line_oa/loa__E3__2025-05-05__e0109.md; docs/chat_line_oa/loa__E3__2025-05-05__e0110.md; docs/chat_line_oa/loa__E3__2025-05-05__e0111.md; docs/chat_line_oa/loa__E3__2025-05-05__e0112.md; docs/chat_line_oa/loa__E3__2025-05-05__e0113.md; docs/chat_line_oa/loa__E3__2025-05-06__e0114.md; docs/chat_line_oa/loa__E3__2025-05-06__e0115.md; docs/chat_line_oa/loa__E3__2025-05-06__e0116.md; docs/chat_line_oa/loa__E3__2025-05-06__e0117.md; docs/chat_line_oa/loa__E3__2025-05-06__e0118.md; docs/chat_line_oa/loa__E3__2025-05-07__e0119.md; docs/chat_line_oa/loa__E3__2025-05-07__e0120.md; docs/chat_line_oa/loa__E3__2025-05-07__e0121.md; docs/chat_line_oa/loa__E3__2025-05-07__e0122.md; docs/chat_line_oa/loa__E3__2025-05-07__e0123.md; docs/chat_line_oa/loa__E3__2025-05-07__e0124.md; docs/chat_line_oa/loa__E3__2025-05-08__e0125.md; docs/chat_line_oa/loa__E3__2025-05-08__e0126.md; docs/chat_line_oa/loa__E3__2025-05-08__e0127.md; docs/chat_line_oa/loa__E3__2025-05-08__e0128.md; docs/chat_line_oa/loa__E3__2025-05-08__e0129.md; docs/chat_line_oa/loa__E3__2025-05-09__e0130.md; docs/chat_line_oa/loa__E3__2025-05-09__e0131.md; docs/chat_line_oa/loa__E3__2025-05-09__e0132.md; docs/chat_line_oa/loa__E3__2025-05-09__e0133.md; docs/chat_line_oa/loa__E3__2025-05-09__e0134.md; docs/chat_line_oa/loa__E3__2025-05-09__e0135.md; docs/chat_line_oa/loa__E3__2025-05-10__e0136.md; docs/chat_line_oa/loa__E3__2025-05-10__e0137.md; docs/chat_line_oa/loa__E3__2025-05-10__e0138.md; docs/chat_line_oa/loa__E3__2025-05-10__e0139.md; docs/chat_line_oa/loa__E3__2025-05-10__e0140.md; docs/chat_line_oa/loa__E3__2025-05-11__e0141.md; docs/chat_line_oa/loa__E3__2025-05-11__e0142.md; docs/chat_line_oa/loa__E3__2025-05-11__e0143.md; docs/chat_line_oa/loa__E3__2025-05-11__e0144.md; docs/chat_line_oa/loa__E3__2025-05-11__e0145.md; docs/chat_line_oa/loa__E3__2025-05-11__e0146.md; docs/chat_line_oa/loa__E3__2025-05-12__e0147.md; docs/chat_line_oa/loa__E3__2025-05-12__e0148.md; docs/chat_line_oa/loa__E3__2025-05-12__e0149.md,"เป็น supply-driven: สินค้า out of stock จาก upstream component supply shortage. ยอดขายลดจาก 234,214,000.00 เป็น 212,414,700.00 THB (-21,799,300.00 THB, -9.3%). LINE WORKS ภายในที่ Ops/CS คุยเรื่องนี้มี 4 threads; LINE OA ที่ CS แจ้งลูกค้าด้วยสถานะเดียวกันมี 150 threads",
L3-Q-HARD-019,"ฝ่าย Audit & Compliance ขอตรวจ refund ที่ผู้อนุมัติเป็น 'ระดับหน้างาน' (position_level='IC') ไม่ใช่ระดับ Manager ขึ้นไป โดยใช้ DIM_EMPLOYEE + FACT_REFUND_PAID + LINE WORKS thread ภายในใน public/docs/chat_line_works/ ตลอดช่วงข้อมูลปี 2024-2025 ขอให้ตอบ 4 ข้อนี้ครับ: (1) ใน FACT_REFUND_PAID ทั้งหมด มี refund กี่รายการที่ approver_employee_id เป็นพนักงานระดับ IC (position_level='IC') และไม่มี cosig_employee_id (co-signer ว่าง), (2) มูลค่ารวมของ refund เหล่านั้น (sum ของ refund_amount_thb) เท่ากับเท่าไหร่บาท, (3) ผู้อนุมัติ refund ในข้อ (1) คือใคร ระบุ employee_id + first_name + last_name + position_title + dept_code, และ (4) ใน LINE WORKS thread ภายในของทีม CS ที่อ้างถึงเคส refund เหล่านี้ ทีมระบุชื่อขั้นตอน (process) ที่ใช้อนุมัติว่าอะไร ตอบตามวลีที่ปรากฏใน chat",tables; docs,tables/DIM_EMPLOYEE.csv; tables/FACT_REFUND_PAID.csv; docs/chat_line_works/lwt__L1__2024-04-15__r0000.md; docs/chat_line_works/lwt__L1__2024-06-10__r0001.md; docs/chat_line_works/lwt__L1__2024-07-22__r0002.md; docs/chat_line_works/lwt__L1__2024-09-05__r0003.md; docs/chat_line_works/lwt__L1__2024-11-12__r0004.md; docs/chat_line_works/lwt__L1__2025-01-08__r0005.md; docs/chat_line_works/lwt__L1__2025-03-04__r0006.md; docs/chat_line_works/lwt__L1__2025-04-18__r0007.md; docs/chat_line_works/lwt__L1__2025-06-02__r0008.md; docs/chat_line_works/lwt__L1__2025-07-15__r0009.md; docs/chat_line_works/lwt__L1__2025-08-26__r0010.md; docs/chat_line_works/lwt__L1__2025-10-07__r0011.md; docs/chat_line_works/lwt__L1__2025-11-18__r0012.md; docs/chat_line_works/lwt__L1__2025-12-22__r0013.md,"(1) 14 รายการ (2) 77,250.00 THB (3) EMP-L3-00010, May Support, CS Agent, dept_code=SUP (4) ชื่อขั้นตอน: 'standard goodwill-return process'",
L3-Q-HARD-020,"ฝ่าย Internal Audit ขอตรวจ refund ที่ผู้อนุมัติเป็นพนักงานระดับ Manager แต่ ""ไม่ได้สังกัดฝ่าย Finance"" (position_level='Manager' AND dept_code!= 'FIN') โดยใช้ DIM_EMPLOYEE + FACT_REFUND_PAID + LINE WORKS thread ภายในใน public/docs/chat_line_works/ ตลอดช่วงข้อมูลปี 2024-2025 ขอให้ตอบ 4 ข้อนี้ครับ: (1) ใน FACT_REFUND_PAID ทั้งหมด มี refund กี่รายการที่ approver_employee_id เป็นพนักงานระดับ Manager ที่อยู่นอกฝ่าย FIN และ cosig_employee_id ว่าง, (2) มูลค่ารวมของ refund เหล่านั้น (sum ของ refund_amount_thb) เท่ากับเท่าไหร่บาท, (3) ผู้อนุมัติ refund ในข้อ (1) คือใคร ระบุ employee_id + first_name + last_name + position_title + dept_code, และ (4) ใน LINE WORKS thread ภายในที่อ้างถึงเคส refund เหล่านี้ ทีมระบุชื่อ ""อำนาจ"" หรือ ""ขั้นตอน"" ที่ใช้อนุมัติว่าอะไร ตอบตามวลีที่ปรากฏใน chat (ทั้งภาษาไทยและภาษาอังกฤษที่พบ)",tables; docs,tables/DIM_EMPLOYEE.csv; tables/FACT_REFUND_PAID.csv; docs/chat_line_works/lwt__L2__2024-11-20__e0005.md; docs/chat_line_works/lwt__L2__2024-12-03__e0001.md; docs/chat_line_works/lwt__L2__2025-02-25__e0006.md; docs/chat_line_works/lwt__L2__2025-02-28__e0010.md; docs/chat_line_works/lwt__L2__2025-04-15__e0007.md; docs/chat_line_works/lwt__L2__2025-06-22__e0008.md,"(1) 4 รายการ (3,500 + 4,500 + 5,500 + 6,200 THB) (2) 19,700.00 THB (3) EMP-L3-00008, Ollie Logistics, Operations Manager, dept_code=OPS (4) 'manager delegated approval authority' (EN) / 'อำนาจอนุมัติของผู้จัดการ' / 'อำนาจที่ได้รับมอบหมาย' (TH)",
L3-Q-XHARD-001,"ขอช่วยตรวจ ROI ของแคมเปญ SF-LAUNCH-2568 (โปรโมชั่นเปิดตัว SF-Galaxy-Pro-2568 ช่วง 2025-07-15 ถึง 2025-07-31) ให้หน่อยครับ ตามที่ทีม Finance สงสัย: app-side redemption log ดูเหมือนจะมี double-logging อยู่บางรายการ เลยอยากให้ช่วยรายงานเป็น 5 ตัวเลขดังนี้ (1) จำนวน redemption ทั้งหมดที่บันทึกใน FACT_PROMO_REDEMPTION ภายใต้ campaign นี้, (2) จำนวน redemption ที่เป็น duplicate (phantom มี txn_id เดียวกันบันทึกหลายครั้งภายใต้ channel ต่างกัน), (3) จำนวน redemption ที่ unique จริงหลังหัก phantom, (4) net discount cost (THB) ที่ตรงกับ POS truth คือ FACT_SALES.discount_total_thb ของ cohort ลูกค้าที่ redeem, และ (5) net revenue (THB) ของ cohort ตาม FACT_SALES.net_total_thb แล้ว ROI = revenue / cost ออกมาเป็นกี่เท่า รบกวนชี้ด้วยว่า reconciliation กับ FACT_BANK_TRANSACTION ของ vendor PayWise (V-013) ในเดือน 2025-07 ยืนยันได้ไหมว่า phantom redemption ไม่มี cash flow ออกจริง",tables,"tables/FACT_PROMO_REDEMPTION.csv:L618-660 (campaign_id=SF-LAUNCH-2568, 43 rows; phantom app rows L622,637,651,660) | tables/FACT_SALES.csv:L89397-92582 (cohort 39 unique txn; discount_total_thb, net_total_thb) | tables/DIM_PROMO_CAMPAIGN.csv:L2 (SF-LAUNCH-2568 window+SKU) | tables/DIM_VENDOR.csv:L5 (V-013 PayWise processor NET-30 monthly) | tables/FACT_VENDOR_PAYMENT.csv:L676 (VP-202508-1442135, 2025-07 fee 12500) | tables/FACT_BANK_TRANSACTION.csv:L29867 (BT-202508-192942665969 settle -12500)","(1) redemption ทั้งหมด = 43; (2) phantom duplicate = 4; (3) unique หลังหัก phantom = 39; (4) net discount cost = 143,505.00 THB; (5) net revenue = 2,726,595.00 THB; ROI = 19.00 เท่า. Reconciliation: ยืนยันได้ว่า phantom ไม่มี cash flow ออกจริง — V-013 (PayWise) เป็น payment processor คิดค่าธรรมเนียมคงที่รายเดือน 12,500 THB (NET-30); เดือน 2025-07 จ่ายครั้งเดียว (VP-202508-1442135 settle ผ่าน BT-202508-192942665969 จำนวน -12,500 THB) และไม่มี bank transaction ผูกกับ redemption_id ใด ๆ จึงไม่มีเงินออกซ้ำจาก 4 รายการ phantom.","วิธีคำนวณ (อย่าใช้ค่าจาก redemption log ตรง ๆ ต้อง dedupe ก่อน): (1) total = COUNT(*) ของ FACT_PROMO_REDEMPTION ที่ campaign_id='SF-LAUNCH-2568'. (2) phantom = จำนวนแถวส่วนเกินที่ txn_id ซ้ำภายใต้ channel ต่างกัน = total − COUNT(DISTINCT txn_id). (3) unique = COUNT(DISTINCT txn_id). (4) net discount cost = SUM(FACT_SALES.discount_total_thb) ของแถว FACT_SALES ที่ txn_id อยู่ในชุด unique txn (cohort) — ใช้ FACT_SALES เป็น POS truth (1 txn=1 row, channel จริง=online). (5) net revenue = SUM(FACT_SALES.net_total_thb) ของ cohort เดียวกัน. ROI = net_revenue / net_discount_cost (เท่า). กับดัก: ถ้าไม่หัก phantom จะรวม discount เกินจาก 4 แถว app ทำให้ cost พองและ ROI ต่ำกว่าจริง. Reconcile method: ผลรวม withdrawal ของ bank_txn ที่ related_entity_id='V-013' เดือน 2025-07 ต้องเท่ากับค่าฟีรายเดือน ไม่มี entry ผูก redemption_id."
L3-Q-XHARD-002,"ทีม Finance Audit ได้รับ flag จาก LINE WORKS ของวันที่ 2025-04-05 และวันที่ 2025-09-10 ว่ามี duplicate vendor invoice ID ฝั่ง V-013 (PayWise) หลัง schema cutover ขอให้ช่วยทำ bitemporal reconciliation เป็น 7 ส่วนดังนี้ครับ (1) invoice ID ที่ซ้ำคืออะไร, (2) มีกี่ payment record (กี่แถวใน FACT_VENDOR_PAYMENT) ที่ใช้ invoice ID เดียวกันนี้ และ payment_id ของแต่ละแถวคืออะไร, (3) สำหรับแต่ละ payment row ให้ระบุ paid_amount_thb และ business_event_date / posting_date, (4) สำหรับแต่ละ payment row ให้ resolve ว่า contract version (V-013 vXX) ใดที่ active อยู่ ณ business_event_date ของ row นั้น (อ้างอิง DIM_VENDOR_CONTRACT_VERSION) และ amendment_summary ของ version นั้นว่าอะไร, (5) หลังจาก apply contract-version-aware dedupe logic (กล่าวคือ: ถ้า 2 row อ้างถึง invoice instance เดียวกันภายใต้ contract regime เดียวกัน นับเป็น 1; ถ้าอ้างถึงงวด invoice ต่างกันภายใต้ regime ต่างกัน นับเป็น 2 instance อิสระ) จำนวน distinct payment instance ที่เหลือหลัง dedupe คือเท่าไหร่, (6) total cash outflow ที่ FahMai จ่ายจริงให้ V-013 ภายใต้ invoice ID นี้ (ผลรวม paid_amount ของทุกแถว) และให้ cross-check กับ FACT_BANK_TRANSACTION ว่าจำนวนเงินตรงกับ withdrawal entry ที่ผูก vendor=V-013 ในวันเดียวกันหรือไม่, (7) สรุป true over-payment คือเท่าไหร่ (กล่าวคือ จำนวนเงินที่ FahMai จ่ายเกินจากที่ตามสัญญา contract regime ของแต่ละ row ควรจะจ่าย) เป็น 0 บาท หรือไม่เป็น 0 ถ้าไม่เป็น 0 ให้ระบุจำนวนและเหตุผล",tables,"tables/FACT_VENDOR_PAYMENT.csv:L515 (VP-202504-9096124, inv PW-INV-2568-04823, period 2025-03), L689 (VP-202509-15179906, period 2025-08) | tables/DIM_VENDOR_CONTRACT_VERSION.csv:L2 (v1 2024-01-01..2025-04-01), L4 (v3 2025-07-01..2025-10-01) | tables/FACT_BANK_TRANSACTION.csv:L22838 (BT-202504-1067675454044 -89000 2025-04-05), L30881 (BT-202509-30080391030 -104500 2025-09-10) | docs/chat_line_works/lwt__DQ3-2025-04-05__*.md (flag part 1, ~30 threads) | docs/chat_line_works/lwt__DQ3-2025-09-10__*.md (flag part 2, ~30 threads)","(1) invoice ID ที่ซ้ำ = PW-INV-2568-04823. (2) มี 2 payment record: VP-202504-9096124 และ VP-202509-15179906. (3) VP-202504-9096124: paid_amount_thb=89000.00, business_event_date=2025-03-31, posting_date=2025-04-05, invoice period=2025-03; VP-202509-15179906: paid_amount_thb=104500.00, business_event_date=2025-09-10, posting_date=2025-09-10, invoice period=2025-08. (4) resolve ตาม business_event_date: row แรก (2025-03-31) อยู่ภายใต้ V-013 v1 (effective 2024-01-01..2025-04-01, amendment_summary: ไม่มี/สัญญาฉบับแรก); row สอง (2025-09-10) อยู่ภายใต้ V-013 v3 (effective 2025-07-01..2025-10-01, amendment_summary: 'Yearly rate ladder'). (5) สองแถวอ้างคนละงวด invoice (มี.ค. vs ส.ค.) ภายใต้คนละ contract regime (v1 vs v3) จึงเป็น 2 instance อิสระ ไม่ใช่ตัวซ้ำที่ต้องยุบ. (6) bank cross-check: BT-202504-1067675454044 = -89000 (2025-04-05) และ BT-202509-30080391030 = -104500 (2025-09-10) เป็น withdrawal ผูก vendor=V-013 ตรงกับ paid_amount แต่ละแถว. (7) true over-payment = 0 บาท: เป็นการ recycle เลข invoice ข้าม regime หลัง schema cutover ไม่ใช่จ่ายซ้ำงวดเดียวกัน แต่ละ payment ตรงตาม regime ของตัวเองและมี cash out จริงรองรับ — flag จึงเป็น false positive.","วิธีคำนวณ/ตรวจสอบ: (2) นับ COUNT(*) ใน FACT_VENDOR_PAYMENT ที่ vendor_id='V-013' AND vendor_invoice_id='PW-INV-2568-04823'. (4) bitemporal resolve: เลือกแถวใน DIM_VENDOR_CONTRACT_VERSION ที่ vendor_id='V-013' AND effective_date <= business_event_date < end_date (เทียบต่อ row). (5) distinct instance = นับกลุ่มของ (invoice period + contract regime) ที่ไม่ซ้ำกัน; ถ้า (period,regime) ต่างกัน = คนละ instance. (6) total cash outflow = SUM(paid_amount_thb) ของทุกแถวภายใต้ invoice นี้ แล้วเทียบกับ SUM(|amount_thb|) ของ FACT_BANK_TRANSACTION ที่ transaction_type='withdrawal' AND related_entity_id='V-013' ผูกกับ bank_txn_id ของแต่ละ payment. (7) true over-payment = total_paid − (ผลรวมยอดที่ควรจ่ายตาม regime ของแต่ละ instance); = 0 เมื่อทุก instance เป็นงวด/regime อิสระและจับคู่ bank withdrawal ได้ครบ (ไม่มีงวดใดถูกจ่ายซ้ำ)."
L3-Q-XHARD-003,"ทีม Finance ขอให้ช่วยทำ end-to-end reconciliation ของ NovaTech Powercell X3 laptop recall (NT-LT-001) ที่เกิดขึ้นช่วงปลายปี 2025 โดยอ้างอิงเฉพาะสิ่งที่ปรากฏใน data lake (DIM_PRODUCT, dim_product_recall_history, DIM_POLICY_VERSION, FACT_RETURN, FACT_REFUND_PAID, FACT_BANK_TRANSACTION, FACT_WARRANTY_CLAIM, FACT_VENDOR_PAYMENT) โดยตอบเป็น 6 ส่วนดังนี้ (1) ช่วงเวลา recall ของ SKU นี้คืออะไร (recall_status ใน dim_product_recall_history เปลี่ยนจาก normal → active เมื่อไหร่ และ active → completed เมื่อไหร่), (2) จำนวน vendor-recall returns ของ NT-LT-001 ในช่วงดังกล่าวมีกี่รายการ และยอดรวม refund ที่ FahMai จ่ายให้ลูกค้า (FACT_REFUND_PAID ที่ผูกกับ return เหล่านี้) คือเท่าไหร่บาท, (3) DIM_POLICY_VERSION มี policy ใดที่ active อยู่ตั้งแต่ 2025-06-01 ที่ระบุ warranty_routing destination destination ตามนโยบายฉบับนั้นคืออะไร และผู้รับผิดชอบในการรับเคลม warranty ของ NT-LT-001 ในช่วงปกติ (เช่น claims ที่ posted ระหว่าง 2025-07-08 ถึง 2025-09-09 ก่อน recall) ควรถูก route ไปที่ใด (อ้างอิง FACT_WARRANTY_CLAIM.routing_destination), (4) ในช่วง recall window (2025-09-10 ถึง 2025-10-15) refund จริงที่จ่ายให้ลูกค้า (FACT_REFUND_PAID + FACT_BANK_TRANSACTION KBANK-OPER withdrawals) ออกจากบัญชีของฝั่งใด FahMai หรือ NovaTech (V-002) และยอดรวม cash outflow ที่ KBANK-OPER เห็นจาก recall lane นี้คือเท่าไหร่บาท, (5) ใน FACT_BANK_TRANSACTION ตลอดทั้งบัญชี มี deposit transaction ใดจาก vendor V-002 ที่เป็น cost-recovery / reimbursement กลับมาเข้าบัญชีของ FahMai เพื่อชดเชย refund payouts ใน recall lane นี้หรือไม่ ถ้ามี เป็นจำนวนเท่าไหร่ ถ้าไม่มี ให้ระบุว่าไม่พบในข้อมูล, (6) จากข้อ (4) และ (5) FahMai net cost ของ recall นี้ (refund outflow ลบด้วย vendor reimbursement) สามารถคำนวณเป็นตัวเลขที่แน่นอนได้จากข้อมูลที่ระบบมีหรือไม่ ถ้าได้ ให้คำนวณ ถ้าไม่ได้ ให้อธิบายว่าทำไมไม่สามารถยืนยันตัวเลขสุดท้ายได้",tables,"tables/dim_product_recall_history.csv:L2-4 (NT-LT-001: normal 2024-01-01, active 2025-09-10, completed 2025-10-15) | tables/DIM_PRODUCT.csv (NT-LT-001 vendor_id=V-002 NovaTech, msrp 42900) | tables/FACT_RETURN.csv (sku=NT-LT-001 AND return_reason='vendor recall — V-002 NovaTech battery', window 2025-09-10..2025-10-15) | tables/FACT_REFUND_PAID.csv (refunds linked by return_id ของชุด returns ข้างต้น) | tables/FACT_BANK_TRANSACTION.csv (KBANK-OPER withdrawals 'E9 recall refund payout' counterparty=CUST; deposit จาก V-002 = 0 แถว) | tables/DIM_POLICY_VERSION.csv (policy_version_id=8, warranty_routing=novatech_service, effective 2025-06-01) | tables/FACT_WARRANTY_CLAIM.csv (sku=NT-LT-001, routing_destination, posting_date 2025-07-08..2025-09-09) | tables/FACT_VENDOR_PAYMENT.csv (V-002 ไม่มีรายการ credit/ติดลบ)","(1) จาก dim_product_recall_history: NT-LT-001 เปลี่ยน normal→active วันที่ 2025-09-10 และ active→completed วันที่ 2025-10-15 (recall window = 2025-09-10 ถึง 2025-10-15). (2) returns ที่เกี่ยว filter ด้วย sku_id=NT-LT-001 และ return_reason='vendor recall — V-002 NovaTech battery' ในหน้าต่าง recall แล้ว join FACT_REFUND_PAID ด้วย return_id (จำนวนรายการและยอด refund รวม = ค่าคำนวณ ดู note). (3) DIM_POLICY_VERSION id=8: policy_variable=warranty_routing, value_text=novatech_service, effective 2025-06-01 (end_date ว่าง/ยังไม่ปิด) → เคลม warranty ของ NT-LT-001 ช่วงปกติ (posted 2025-07-08..2025-09-09) ต้อง route ไป novatech_service (NovaTech Service / V-002); FACT_WARRANTY_CLAIM.routing_destination ช่วงนี้ส่วนใหญ่เป็น novatech_service (มีบางเคสเป็น fahmai_cs ซึ่งไม่ตรงนโยบาย = noise). (4) refund payout ทุกแถวตัดจากบัญชี KBANK-OPER ของ FahMai (transaction_type=withdrawal, counterparty=ลูกค้า CUST-L3-…) → FahMai เป็นฝ่ายจ่ายเอง ไม่ใช่ NovaTech (V-002); ยอดรวม cash outflow = ค่าคำนวณ ดู note. (5) ไม่พบ deposit จาก V-002 ที่เป็น cost-recovery/reimbursement ใน FACT_BANK_TRANSACTION เลย และ FACT_VENDOR_PAYMENT ฝั่ง V-002 ไม่มีรายการ credit/ติดลบ → ไม่พบ vendor reimbursement ในข้อมูล. (6) ยืนยันเป็นตัวเลขสุดท้ายไม่ได้: gross refund outflow คำนวณได้แน่นอนและ recovery ที่บันทึกไว้ = 0 แต่เนื่องจากเป็น vendor recall ของ NovaTech ที่ตามปกติผู้ผลิตควรชดเชย ขณะที่ data lake (as-of 2026-01-15) ไม่มีธุรกรรม reimbursement บันทึกไว้ — การไม่มีรายการไม่ได้แปลว่าไม่มีหนี้ค้างชดเชย (อาจ settle ภายหลัง / ผ่าน credit note / หักกลบ payment รอบถัดไป) จึงสรุปได้แค่ net cost 'ตามที่บันทึก' = refund outflow − 0 แต่ตัวเลข net cost สุดท้ายที่ settle แล้วยืนยันจากข้อมูลที่มีไม่ได้.","วิธีคำนวณ (ไม่ใส่ผลลัพธ์): (2) count = COUNT(*) ของ FACT_RETURN ที่ sku_id='NT-LT-001' AND return_reason LIKE 'vendor recall%' AND business_event_date ใน 2025-09-10..2025-10-15; refund รวม = SUM(FACT_REFUND_PAID.refund_amount_thb) ของ refund ที่ return_id อยู่ในชุด returns นั้น. (3) routing: bitemporal resolve เลือก DIM_POLICY_VERSION ที่ policy_variable='warranty_routing' AND effective_date<=วันเคลม<COALESCE(end_date,∞); แล้วดู FACT_WARRANTY_CLAIM.routing_destination ของ sku=NT-LT-001 ที่ posting_date 2025-07-08..2025-09-09. (4) cash outflow = SUM(ABS(amount_thb)) ของ FACT_BANK_TRANSACTION ที่ account_id='KBANK-OPER' AND transaction_type='withdrawal' ผูกกับ bank_txn_id ของ refund recall lane; ตรวจ counterparty/related_entity ว่าจ่ายจากบัญชี FahMai (ไม่ใช่ V-002). (5) reimbursement = filter FACT_BANK_TRANSACTION transaction_type='deposit' AND (counterparty='V-002' OR related_entity_id='V-002'); 0 แถว = ไม่พบ. (6) net cost = refund_outflow − vendor_reimbursement; คำนวณได้เฉพาะ 'ตามที่บันทึก' (refund_outflow − 0) ส่วน final settled number ยืนยันไม่ได้เพราะฝั่ง recovery ไม่มีข้อมูล."
L3-Q-XHARD-004,"สาขา BKK-PKT (FahMai Phuket Road) มียอดขายเดือนเมษายน 2568 ที่ดูเหมือนหายไปอย่างมากเมื่อเทียบกับเดือนข้างเคียง (มีนาคม/พฤษภาคม 2568) ลูกค้าระดับ executive อยากเข้าใจ root cause ก่อนตัดสินใจเรื่อง capex Q3 ที่จะมีการขออนุมัติเพิ่ม. ขอให้ทำ decomposition ของ April 2025 BKK-PKT sales dip ออกมาเป็น 6-tuple ดังนี้: (1) baseline ยอดขายต่อ operating-day ของ BKK-PKT (ใช้ค่าเฉลี่ยจาก March + May 2025 เป็น flanking baseline, หน่วย THB/op-day, ปัดเป็นหลักพัน), (2) observed gross sales จริงของ BKK-PKT เดือนเมษายน 2025 ทั้งเดือน (THB), (3) จำนวน operating days ที่หายไปในเดือนเมษายน (calendar = 30 days), (4) THB contribution ของช่วงปิดสาขาเฉพาะ BKK-PKT ที่ไม่ได้มีผลกับสาขาอื่น (i.e., ส่วนของ renovation/maintenance window ที่ส่งผลกระทบ unique กับ PKT), (5) THB contribution ของช่วงปิด network-wide ที่ส่งผลกับทุกสาขาที่เป็น physical store (i.e., ช่วงวันหยุดยาว Songkran), (6) THB contribution ของ supply-shortage ที่ V-005 component shortage (window 2025-04-15..05-12) ต่อยอดขาย April PKT note: คำนวณเฉพาะส่วนที่ overlap กับวันที่ BKK-PKT เปิดให้บริการในเดือนเมษายน. ใช้ flanking-month baseline (avg ของ March + May 2025 per-op-day) เป็น reference ที่สอดคล้องกับ Theory #3 (volume-down decomposition) แสดงค่าทั้ง 6 พร้อมหน่วย และอธิบายสั้นๆ ว่าทำไม factor ใดเป็น root cause หลัก",tables+reports,"tables/FACT_SALES.csv (BKK-PKT offline daily, Mar/Apr/May 2025: Mar 31 op-days=26,032,400; Apr 12 op-days=10,668,300; May 31 op-days=27,571,100) | tables/FACT_SALES.csv (ทุก physical branch ขาดวัน 04-13..04-17 = Songkran; BKK-PKT ขาดต่อ 04-18..04-30) | tables/DIM_BRANCH.csv (BKK-PKT = physical branch, FahMai Phuket Road) | reports/2025-04/OPS_REPORT_2025-04.md (per-branch: BKK-PKT April = THB 10,668,300 / 179 txns) | premise: V-005 component shortage window 2025-04-15..2025-05-12 (จากโจทย์)","โครงสร้างจาก operating-day gaps (FACT_SALES, authoritative): BKK-PKT เปิดเฉพาะ 2025-04-01..04-12 (12 op-days) แล้วปิดยาว 04-13..04-30. เทียบรายสาขา: ทุก physical store ขาดวันเดียวกัน 04-13..04-17 (5 วัน) = Songkran network-wide; BKK-PKT ปิดต่ออีก 04-18..04-30 (13 วัน) เป็นช่วงปิดเฉพาะ PKT (renovation/maintenance). observed gross sales เดือนเมษายนของ BKK-PKT อ่านได้ตรงจาก reports/2025-04/OPS_REPORT_2025-04.md (per-branch BKK-PKT) ตรงกับผลรวม FACT_SALES. (6) V-005 shortage (2025-04-15..05-12) ไม่ overlap กับวันที่ PKT เปิดในเมษายน (04-01..04-12) เพราะ shortage เริ่ม 04-15 หลัง PKT ปิดไปแล้ว → contribution ต่อ April PKT = 0. Root cause หลัก = ช่วงปิดเฉพาะ PKT (renovation, 13 วัน) ซึ่งกินสัดส่วนส่วนใหญ่ของยอดที่หาย ส่วน Songkran (5 วัน) เป็นปัจจัยฤดูกาลที่กระทบทุกสาขาเท่ากัน และ V-005 ไม่กระทบ PKT เลย. นัย: April dip เป็น one-off จากการปิดปรับปรุง ไม่ใช่ underperformance เชิงโครงสร้าง (May ฟื้นเป็น 27.57M สูงกว่า March) — ควรประเมิน capex จาก run-rate เดือนปกติ.","วิธีคำนวณ (ไม่ใส่ผลลัพธ์): (1) baseline_per_opday = (SUM net_total_thb ของ BKK-PKT เดือน 2025-03 + เดือน 2025-05) / (op-days มี.ค. + op-days พ.ค.) โดย op-days = COUNT(DISTINCT business_event_date ที่มี sale); ปัดเป็นหลักพัน. (2) observed_april = SUM(FACT_SALES.net_total_thb) ของ BKK-PKT, business_event_date ใน 2025-04 (สำหรับ PKT offline net=gross เพราะไม่มี discount delta; ค่าตรงกับ OPS report). (3) op-days lost = 30 (calendar เม.ย.) − op-days จริงของ PKT ในเมษายน. (4) PKT-unique renovation = (จำนวนวันที่ PKT ปิดแต่สาขาอื่นเปิด) × baseline_per_opday. หา PKT-unique days = วันที่ PKT ไม่มี sale ลบด้วยวันที่ network-wide ปิด. (5) Songkran network-wide = (จำนวนวันที่ทุก physical branch ปิดพร้อมกัน) × baseline_per_opday. หา network-wide days = intersection ของวันที่ไม่มี sale ข้ามทุกสาขา offline. (6) V-005 shortage = (จำนวนวัน overlap ระหว่าง [2025-04-15..05-12] กับวันที่ PKT 'เปิด' ในเมษายน) × baseline_per_opday; ถ้า overlap = 0 วัน → 0 THB. check: 30 × baseline ≈ observed + (op-days lost × baseline); ส่วนของ closure แตกเป็น (4)+(5)+(6)."
L3-Q-XHARD-005,"CFO ของ FahMai กำลังเตรียม May 2025 board update และอยากเข้าใจ network-wide April 2025 sales gap ก่อนเข้าประชุม. April 2025 network gross sales อยู่ที่ ~224.5M THB เทียบกับ March 2025 ~280.6M THB (ลดลง ~20%) และ May 2025 recovery ที่ ~268.3M THB. ขอให้ทำ 4-tuple attribution ดังนี้: (1) Songkran-attributable network loss total THB ที่หายไปจากช่วงที่สาขา physical ทุกแห่งปิดพร้อมกัน 5 วันในเดือนเมษายน (ตรวจสอบจาก FACT_SALES ว่ามีช่วงไหนในเมษายน 2025 ที่ทุกสาขา physical-store มียอด 0 รายการพร้อมกัน DIM_DATE ของช่วงนั้นไม่ได้ระบุ holiday_name จึงต้อง infer จาก network-wide pattern); (2) BKK-PKT incremental closure loss THB ที่หายไปเฉพาะที่ BKK-PKT (สาขา FahMai Phuket Road, Bangkok) ที่ปิดต่อเนื่องเกินกว่า Songkran (i.e., ช่วง Apr 18 onwards ที่สาขาอื่นกลับมาเปิดแล้วแต่ BKK-PKT ยังปิด); (3) Combined event-attributable loss ผลรวมของ (1) + (2) ในหน่วย THB; (4) Demand-side test per-operational-day rate ของสาขา physical ทั้ง 9 แห่ง (ไม่นับ BKK-PKT, ไม่นับ REMOTE) ในช่วง April-open-days (i.e., excluding Songkran 5 วัน) เทียบกับ flanking-month per-op-day baseline (March 2025 + May 2025 ของสาขาเดียวกัน) ระบุว่ามาก/น้อยกว่าหรือเท่ากับ baseline และตัดสินว่าน่าจะมี demand-side weakening signal หรือไม่. ใช้ basket_total_thb เป็น revenue metric. Baseline = Mar+May per-branch aggregate per-op-day. ตอบเป็นตัวเลข THB พร้อม % comparison + คำตัดสิน demand-side yes/no.",tables,tables/FACT_SALES.csv (offline basket_total_thb รายสาขา/รายวัน Mar/Apr/May 2025) | tables/FACT_SALES.csv (ทุก 10 physical store ยอด 0 พร้อมกัน 2025-04-13..04-17 = Songkran; BKK-PKT ยอด 0 ต่อ 04-18..04-30) | tables/DIM_BRANCH.csv (10 physical branches + REMOTE; ใช้แยก physical vs online) | tables/DIM_DATE.csv (ช่วง 2025-04-13..04-17 ไม่มี holiday_name flag → infer จาก network-wide zero-sales pattern),"โครงสร้างจาก FACT_SALES (authoritative): physical store ทั้ง 10 สาขามียอด 0 พร้อมกันวันที่ 2025-04-13..04-17 (5 วัน) — DIM_DATE ไม่ได้ flag holiday_name จึง infer ว่าเป็น Songkran network-wide closure จาก pattern ที่ทุกสาขาปิดพร้อมกัน. BKK-PKT มียอด 0 ต่อเนื่อง 04-18..04-30 (13 วัน) ขณะที่อีก 9 สาขากลับมาเปิดปกติ = ช่วงปิดเฉพาะ PKT. (1) Songkran loss คิดจาก baseline ต่อ op-day ของทุก physical branch × 5 วัน; (2) PKT incremental คิดจาก baseline PKT × 13 วัน; (3) = (1)+(2) ซึ่งอธิบาย ~95% ของ gap March→April (~56M). (4) Demand-side test: เทียบ per-op-day ของ 9 สาขา (ไม่นับ PKT, REMOTE) ในวัน April ที่เปิด เทียบ flanking baseline (Mar+May) — ผลคือ April per-op-day rate **สูงกว่า** baseline → **demand-side weakening = NO** (ตัวเลข rate/%/THB ดูวิธีคำนวณใน note). คำตัดสินสำหรับ board: April drop ~20% เป็น calendar/closure-driven เกือบทั้งหมด (Songkran ฤดูกาล + PKT renovation one-off) ไม่ใช่ความอ่อนแอของตลาด; underlying demand แข็งแรง สอดคล้อง May recovery 268.3M.","วิธีคำนวณ (basket_total_thb, ไม่ใส่ผลลัพธ์): baseline_per_opday(branch) = (SUM basket เดือน 2025-03 + 2025-05 ของสาขานั้น) / (op-days มี.ค. + op-days พ.ค.), op-day = COUNT(DISTINCT business_event_date ที่มี sale). (1) Songkran loss = Σ over physical branches [baseline_per_opday(branch) × 5] (จำนวนวัน = ช่วงที่ทุกสาขา 0 ยอดพร้อมกัน). (2) PKT incremental = baseline_per_opday('BKK-PKT') × (จำนวนวันที่ PKT ปิดแต่สาขาอื่นเปิด = 04-18..04-30). (3) combined = (1)+(2). (4) เลือก 9 สาขา physical (ตัด BKK-PKT, REMOTE); april_rate = (Σ basket เดือน 04 ของ 9 สาขา) / (Σ April op-days ของ 9 สาขา ซึ่งตัด Songkran ออกเพราะ 0 ยอด); baseline_rate = (Σ basket Mar+May 9 สาขา)/(Σ op-days Mar+May); เทียบ %; ตัดสิน: ถ้า april_rate >= baseline (ภายใน/เหนือ ±3%) → ไม่มี demand-side weakening, ถ้าต่ำกว่าอย่างมีนัย → มี signal."
L3-Q-XHARD-006,"HR Director (คุณนาเร็ต) ขอ audit performance ของทีม CS หน่อยครับ โดยเฉพาะ CS-tier (position_level=IC, dept_code=SUP) ตัวแรก (sorted by employee_id) ของ FahMai ขอช่วยตรวจ FACT_REFUND_PAID ทุกแถวที่พนักงานคนนี้เป็น approver_employee_id แต่ไม่มี cosig_employee_id (NULL) แล้วเทียบกับ refund signing-authority ladder ที่มีผลบังคับ ณ วันที่ของแต่ละ refund (resolve per-row ที่ business_event_date, ไม่ใช่ at query date ใช้ DIM_POLICY_VERSION policy_class='signing_authority' + dim_signing_authority_ladder) เพื่อนับว่ามีกี่รายที่เกินเพดานการอนุมัติของตัวเอง (over-threshold without co-signer) รายงานเป็น 6-tuple ดังนี้: (1) employee_id ของคนที่ตรงตามนิยาม slot นี้, (2) จำนวน violation รายก่อน PM1 cutover (effective_date ของ signing_authority policy ก่อน 2025-02-15), (3) ผลรวมจำนวนเงิน THB ของ violation ก่อน-PM1, (4) จำนวน violation หลัง-PM1 (≥ 2025-02-15), (5) ผลรวม THB ของ violation หลัง-PM1, (6) ผลรวม THB ทั้งหมด (pre+post). ทั้งนี้สามารถ cross-check การจ่ายเงินจริงได้จาก FACT_BANK_TRANSACTION (related_entity_id link, KBANK-OPER account) และ memo ประกาศนโยบาย (MEMO-PM1-2025-02-15 + MEMO-PM-REFUND-2025-03-15) เพื่อยืนยัน boundary date. หมายเหตุ: agent ที่ใช้เพดาน ณ วันที่ query (ปัจจุบัน post-PM1) จะตอบผิดเพราะจะนับ pre-PM1 violations ไม่ครบ.",tables,"tables/DIM_EMPLOYEE.csv (filter position_level='IC' AND dept_code='SUP', min employee_id = EMP-L3-00010 CS Agent) | tables/FACT_REFUND_PAID.csv (approver_employee_id=EMP-L3-00010 AND cosig_employee_id IS NULL; refund_amount_thb, business_event_date, bank_txn_id) | tables/DIM_POLICY_VERSION.csv (policy_version_id=5 signing_authority eff 2024-01-01..2025-02-15; id=6 eff 2025-02-15..) | tables/dim_signing_authority_ladder.csv (v5: IC ceiling 0/min_co_signers 1; v6: IC+SUP ceiling 5000/min_co_signers 0) | tables/FACT_BANK_TRANSACTION.csv (KBANK-OPER withdrawals ผูกกับ bank_txn_id ของ refund เหล่านี้) | docs/memo/MEMO-PM1-2025-02-15.md + docs/memo/MEMO-PM-REFUND-2025-03-15.md (ยืนยัน boundary date PM1)","(1) employee = EMP-L3-00010 (CS Agent, position_level=IC, dept_code=SUP — ตัวแรกเมื่อ sort by employee_id). พนักงานคนนี้มี refund ที่เป็น approver และ cosig_employee_id เป็น NULL ทั้งหมด 14 ราย (ยอด 2,500–8,000 THB, ช่วง 2024-04-15 ถึง 2025-12-22). เพดานอนุมัติของ IC/SUP เปลี่ยนที่ PM1 cutover (2025-02-15): policy v5 (ก่อน) IC ceiling=0 ต้องมี co-signer เสมอ → refund ไม่มี cosigner ทุกยอดเป็น violation; policy v6 (ตั้งแต่ 2025-02-15) มี row เฉพาะ IC+SUP ceiling=5,000 อนุมัติเดี่ยวได้ถึง 5,000 → violation เฉพาะยอด >5,000. ดังนั้นต้อง resolve เพดาน ณ business_event_date ของแต่ละ refund; ถ้าใช้เพดานปัจจุบัน (5,000) กับทุกแถว จะนับ pre-PM1 violations ไม่ครบ (ยอด ≤5,000 ช่วงก่อน PM1 จะถูกพลาด). ผล: ทั้ง 14 รายเป็น violation (pre-PM1 ยอด ≤5,000 แต่ ceiling=0; post-PM1 ยอด >5,000). cross-check: refund violation ทุกรายผูกกับ FACT_BANK_TRANSACTION บัญชี KBANK-OPER เป็น withdrawal จริง (จ่ายเงินครบ). ค่าตัวเลข (2)-(6) เป็นผลคำนวณ ดูวิธีใน note.","(1) employee = EMP-L3-00010 (CS Agent, position_level=IC, dept_code=SUP — ตัวแรกเมื่อ sort by employee_id). พนักงานคนนี้มี refund ที่เป็น approver และ cosig_employee_id เป็น NULL ทั้งหมด 14 ราย (ยอด 2,500–8,000 THB, ช่วง 2024-04-15 ถึง 2025-12-22). เพดานอนุมัติของ IC/SUP เปลี่ยนที่ PM1 cutover (2025-02-15): policy v5 (ก่อน) IC ceiling=0 ต้องมี co-signer เสมอ → refund ไม่มี cosigner ทุกยอดเป็น violation; policy v6 (ตั้งแต่ 2025-02-15) มี row เฉพาะ IC+SUP ceiling=5,000 อนุมัติเดี่ยวได้ถึง 5,000 → violation เฉพาะยอด >5,000. ดังนั้นต้อง resolve เพดาน ณ business_event_date ของแต่ละ refund; ถ้าใช้เพดานปัจจุบัน (5,000) กับทุกแถว จะนับ pre-PM1 violations ไม่ครบ (ยอด ≤5,000 ช่วงก่อน PM1 จะถูกพลาด). ผล: ทั้ง 14 รายเป็น violation (pre-PM1 ยอด ≤5,000 แต่ ceiling=0; post-PM1 ยอด >5,000). cross-check: refund violation ทุกรายผูกกับ FACT_BANK_TRANSACTION บัญชี KBANK-OPER เป็น withdrawal จริง (จ่ายเงินครบ). ค่าตัวเลข (2)-(6) เป็นผลคำนวณ ดูวิธีใน note."
L3-Q-XHARD-007,"เรากำลังเตรียม internal control audit ของบัญชี KBANK-OPER (central operating account) สำหรับช่วง 2024-10-01 ถึง 2025-06-30 และพบว่ามีกลุ่มรายการที่ดูเหมือนถูก flag ไว้ในระบบ ว่าเกี่ยวข้องกับ approval irregularity ของ Operations Manager (Ollie Logistics / EMP-L3-00008) บางรายการเป็น vendor payment ของ V-013 PayWise และบางรายการเป็น refund payout ให้ลูกค้า. ช่วยช่วยทำ taxonomy breakdown ของ violations กลุ่มนี้ให้หน่อย โดยแยกออกเป็น 3 categories ตามที่ระบบ flag ไว้ (1) missing co-signer, (2) wrong-tier (signed above ceiling), (3) late-signing (posting_date มาทีหลัง business_event_date) แล้วตอบทั้ง count และ total THB amount per category. กรุณาระบุด้วยว่ารวมทั้งหมดกี่รายการ และยอดรวมทั้งหมดเป็น THB เท่าไหร่ครับ.",tables,"tables/FACT_BANK_TRANSACTION.csv (contains flagged CL-L2 transactions with violation labels in description field, linked to KBANK-OPER account)|tables/FACT_VENDOR_PAYMENT.csv (8 flagged vendor payment rows for V-013 PayWise, all signed by EMP-L3-00008 with empty cosig_employee_id)|tables/FACT_REFUND_PAID.csv (4 flagged refund payout rows approved by EMP-L3-00008 with posting_date > business_event_date)|tables/DIM_BANK_ACCOUNT.csv (confirms KBANK-OPER = central operating account)|tables/DIM_EMPLOYEE.csv (confirms EMP-L3-00008 = Ollie Logistics, Operations Manager, position_level = Manager)|tables/dim_signing_authority_ladder.csv (Manager ceiling = 100,000 THB, min_co_signers = 0)|tables/DIM_POLICY_VERSION.csv (policy version 5 effective 2024-01-01 to 2025-02-15; version 6 effective 2025-02-15+)","(1) Missing Co-Signer:VP-CL-L2-1533451: 60,000 THB (2024-10-15),VP-CL-L2-54158968: 75,000 THB (2024-12-03),VP-CL-L2-13125759: 85,000 THB (2025-01-22),VP-CL-L2-91084441: 55,000 THB (2025-03-11),VP-CL-L2-54920102: 70,000 THB (2025-05-06) -> Count = 5 rows, Total = 345,000 THB
(2) Wrong-Tier:VP-CL-L2-124111847: 150,000 THB (2024-11-22),VP-CL-L2-64394697: 250,000 THB (2025-02-28),VP-CL-L2-141728529: 350,000 THB (2025-05-23) -> Count = 3 rows, Total = 750,000 THB
(3) Late-Signing:RFD-CL-L2-16641584: 3,500 THB (business_event 2024-11-08, posting 2024-11-20, delay 12 days),RFD-CL-L2-238238340: 4,500 THB (business_event 2025-02-15, posting 2025-02-25, delay 10 days),RFD-CL-L2-187708871: 5,500 THB (business_event 2025-04-04, posting 2025-04-15, delay 11 days),RFD-CL-L2-158105581: 6,200 THB (business_event 2025-06-12, posting 2025-06-22, delay 10 days) -> Count = 4 rows, Total = 19,700 THB
Grand Total: 12 rows, 1,114,700 THB",
L3-Q-XHARD-008,"เรากำลังเตรียมเอกสารให้ผู้ตรวจสอบบัญชีภายนอกเรื่อง 'สัญญาณเปลี่ยนผ่านอำนาจอนุมัติ' ของช่วงต้นปี 2568 ขอช่วยตอบครบทุกข้อด้วยครับ:
 

 (1) จาก DIM_EMPLOYEE ใครคือ 'Founder & CEO' และใครคือ 'Incoming CEO' (employee_id + ชื่อภาษาอังกฤษทั้ง first name + last name ของทั้งสองคน)?
 

 (2) วันที่ใดที่ memo / minutes / email ภายในของบริษัทแจ้งเรื่องการเปลี่ยนผ่าน CEO อย่างเป็นทางการ (ระบุเป็น ISO date YYYY-MM-DD)?
 

 (3) ระหว่างวันที่ 2024-01-01 ถึง 2025-12-31, DIM_SIGNING_AUTHORITY_LADDER (ผ่าน DIM_POLICY_VERSION) ถูกเปลี่ยนเวอร์ชันกี่ครั้ง (a single integer count of distinct ladder-version cutovers in this window)? และวันที่ของการเปลี่ยน (effective_date) คือวันอะไร?
 

 (4) ใน FACT_REFUND_PAID, นับจำนวน refund rows ที่ business_event_date อยู่ก่อนวัน PM1 cutover (signing-authority ladder change) และจำนวนที่อยู่ตั้งแต่วัน PM1 cutover เป็นต้นไป (give both counts as integers, treating the cutover date as inclusive of post-window).
 

 (5) FACT_VENDOR_PAYMENT มีแถวที่ใส่ EMP-L3-00001 ในช่อง cosig_employee_id ในวันที่ 2025-09-10 (8 เดือนหลังการประกาศเปลี่ยน CEO) นี่เป็นข้อมูล anachronistic / data-quality concern หรือไม่? อธิบายสั้นๆว่าทำไม flag (หรือไม่ flag) แถวนี้ออกมา
 

 กรุณาตอบทุกข้อให้ครบ โดยอ้างอิงตามข้อมูลที่ปรากฏใน public data lake ของ FahMai เท่านั้น.",tables; docs,"tables/DIM_EMPLOYEE.csv (EMP-L3-00001 Vichai Leelawong = Founder & CEO; EMP-L3-00013 Naret Vision = Incoming CEO)|tables/DIM_POLICY_VERSION.csv (policy versions 5 and 6 for signing_authority)|tables/dim_signing_authority_ladder.csv (ladder rows for policy versions 5 and 6)|tables/FACT_REFUND_PAID.csv (refund rows before/after PM1 cutover)|tables/FACT_VENDOR_PAYMENT.csv (row with EMP-L3-00001 as cosig on 2025-09-10)|docs/email/EMAIL-ALLSTAFF-2024-01.md (first official email about executive transition, dated 2024-01-02)
","(1) Founder & CEO / Incoming CEO:Founder & CEO: EMP-L3-00001, Vichai Leelawong, Incoming CEO: EMP-L3-00013, Naret Vision
(2) วันที่แจ้งการเปลี่ยนผ่าน CEO อย่างเป็นทางการ: 2024-01-02
(3) จำนวนครั้งที่ signing authority ladder เปลี่ยนเวอร์ชัน (2024-01-01 to 2025-12-31): 1 ครั้ง| วัน effective_date: 2025-02-15 (policy_version 5 → 6) ;Policy 5: effective 2024-01-01, end 2025-02-15 ;Policy 6: effective 2025-02-15, no end date
(4) FACT_REFUND_PAID rows (pre vs post PM1 cutover):Before cutover (business_event_date < 2025-02-15): 4,015 rows|From cutover onwards (business_event_date >= 2025-02-15): 3,120 rows
(5) FACT_VENDOR_PAYMENT row VP-202509-15179906 วันที่ 2025-09-10 ใส่ EMP-L3-00001 เป็น cosig_employee_id:  ไม่เป็น anachronistic / data-quality concern | เหตุผล: EMP-L3-00001 (Vichai Leelawong) ยังมี status = active ใน DIM_EMPLOYEE (ไม่มี termination_date) และตำแหน่งยังเป็น CEO (C-level) ซึ่งมี signing authority ceiling = 5,000,000 THB การเปลี่ยนผ่าน CEO ยังไม่เสร็จสมบูรณ์ — Naret Vision ยังมี canon_role_label = ""Incoming CEO"" (ยังไม่ได้เข้ารับตำแหน่งอย่างเป็นทางการ) Vichai จึงยังมีอำนาจ co-sign ได้ตามปกติ
",
L3-Q-XHARD-009,"ทีม Quality / Vendor-Management กำลังเตรียม case file สำหรับวงประชุม steering ของไตรมาส ขอ end-to-end ของ batch-defect cluster ที่แสดงตัวในช่วงเดือนเมษายน-พฤษภาคม 2568 (Q2 calendar 2025) เห็นชัดเฉพาะกับสินค้า WatchKit smartwatch (sku_id WK-SW-004) ที่สาขา FahMai Phuket Festival เท่านั้น. คำว่า 'HDY cluster' ปรากฏใน return_reason text เป็น narrative reference; the physically-observed branch_code ใน data lake คือ branch อื่น ไม่ใช่ HDY (ไม่มี branch_code HDY ใน DIM_BRANCH เลย) โปรดยึด branch_code จริงตามที่ FACT_RETURN บันทึก, ไม่ใช่ literal 'HDY' จาก reason string. ขอช่วยตอบทั้ง 7 ข้อโดยอ้างอิงเฉพาะข้อมูลใน public data lake:
 

 (1) ระบุ branch_code (เป็น code ตามที่ปรากฏใน DIM_BRANCH) และ display name ภาษาอังกฤษ (name_en) ของสาขาที่ได้รับผลกระทบจริง.
 

 (2) ระบุ sku_id, brand_family, category, และ MSRP (msrp_thb) ของสินค้าที่ได้รับผลกระทบ จาก DIM_PRODUCT.
 

 (3) จำนวน batch-defect returns ในช่วง 2025-04-01 ถึง 2025-05-31 ที่ branch นี้สำหรับ SKU นี้ นับเฉพาะ rows ที่ return_reason CONTAINS 'hardware batch defect' (exclude customer_change_of_mind ที่บังเอิญตกในช่วงเดียวกัน) ตอบเป็นจำนวน integer.
 

 (4) Baseline return-rate (returns/sales, %) ของ SKU+branch เดียวกันใน 2024-Q4 (เดือน 2024-10, 2024-11, 2024-12) คำนวณจาก count(FACT_RETURN rows) หารด้วย sum(FACT_SALES_LINE_ITEM.quantity) ในไตรมาสเดียวกัน ตอบเป็น % ปัดทศนิยม 2 ตำแหน่ง.
 

 (5) Observed return-rate ใน 2025-Q2 (เดือน 2025-04, 2025-05, 2025-06) ของ SKU+branch เดียวกัน ใช้ ALL returns ในไตรมาส (ไม่ filter return_reason) หารด้วย sum(FACT_SALES_LINE_ITEM.quantity) ในไตรมาสเดียวกัน ตอบเป็น % ปัดทศนิยม 2 ตำแหน่ง. (Hint: rate อาจ > 100% เพราะ batch-defect returns ส่วนใหญ่อ้างถึง original_txn_id ของ purchase รุ่นเก่ากว่า ไม่ใช่ in-quarter sales เป็น signature ของ regime shift และเป็นข้อมูลในตัวมันเอง.)
 

 (6) ผลรวม return_amount_thb ของ batch-defect rows ที่นับใน (3) ตอบเป็น THB integer.
 

 (7) ใน FACT_RETURN, approved_by_employee_id ของ batch-defect rows ที่นับใน (3) มีกี่ employee distinct ที่อนุมัติ และคนที่อนุมัติส่วนใหญ่ (mode) เป็น employee_id ใด พร้อมระบุ dept_code + position_level ของคนนั้นจาก DIM_EMPLOYEE.
 

 กรุณาตอบทุกข้อโดยอ้างอิงข้อมูลใน public/ เท่านั้น และระวัง ถ้าใครพยายาม filter branch_code='HDY' จะได้ 0 rows เพราะ HDY ไม่อยู่ใน DIM_BRANCH; ต้องอ่าน narrative ของ return_reason เพื่อจับว่าเหตุการณ์ logical cluster ชื่อ 'HDY' ถูก impl-route ไปลงที่สาขาอื่นจริงๆ ตามที่ระบบ implement.",tables,"tables/DIM_BRANCH.csv (HKT-FEST = FahMai Phuket Festival)|tables/DIM_PRODUCT.csv (WK-SW-004: WatchKit smartwatch, msrp_thb=5,900)|tables/FACT_RETURN.csv (28 batch-defect returns + all returns for rate calc)|tables/FACT_SALES_LINE_ITEM.csv (sales quantities via sku_id join)|tables/FACT_SALES.csv (branch_code filter via txn_id join)|tables/DIM_EMPLOYEE.csv (EMP-L3-00010 = May Support, SUP dept, IC level)
","(1) Branch=branch_code: HKT-FEST,name_en: FahMai Phuket Festival
(2) SKU + Spec=sku_id: WK-SW-004,brand_family: WatchKit,category: smartwatch,msrp_thb: 5,900.00
(3) Batch-defect returns count: Count: 28 rows 
(4) Baseline return-rate 2024-Q4 (Oct-Dec 2024)=Returns: 0 rows (ไม่มี WK-SW-004 returns ที่ HKT-FEST ใน Q4-2024),Sales quantity: 21 (จาก FACT_SALES_LINE_ITEM join FACT_SALES ที่ branch=HKT-FEST, sku=WK-SW-004),Return-rate: 0 / 21 = 0.00%
(5) Observed return-rate 2025-Q2 (Apr-Jun 2025):Returns (ALL reasons): 29 rows,Sales quantity: 22,Return-rate: 29 / 22 = 131.82% (rate > 100% เพราะ batch-defect returns อ้างถึง original_txn_id ของ purchase รุ่นเก่ากว่า ไม่ใช่ in-quarter sales),ตอบ: 131.82%
(6) Total return_amount_thb ของ batch-defect rows: Total: 165,200 THB (28 × 5,900 MSRP)
(7) Approved-by analysis:Distinct approvers: 1 (EMP-L3-00010 อนุมัติทั้ง 28 rows) | Mode: EMP-L3-00010,dept_code: SUP,position_level: IC",
L3-Q-XHARD-010,"ทีม Finance ของฟ้าใหม่กำลังจะปิดงบสำหรับปีงบประมาณ 2568 (fiscal year ending 31 December 2025). โจทย์: ในบรรดารายการขาย B2B ที่มี business_event_date อยู่ภายในปีงบ 2568 และยังไม่ได้รับชำระ ณ as_of_date 2026-01-15 (i.e., open AR ที่ข้ามรอบปีงบ cross-fiscal AR), ให้ระบุ 7-tuple ดังนี้:
 

 (1) customer_id ของลูกค้าที่มีรายการ open AR เดี่ยวที่ net_total_thb สูงที่สุด
 (2) customer_name ภาษาอังกฤษ (first_name_en + last_name_en, ตาม DIM_CUSTOMER)
 (3) account_manager_id ที่ดูแลลูกค้ารายนี้
 (4) txn_id ของรายการ open AR ที่ใหญ่ที่สุด
 (5) business_event_date ของรายการนั้น (รูปแบบ YYYY-MM-DD)
 (6) net_total_thb ของรายการนั้น (THB, แสดงเป็นตัวเลขรวม 2 ตำแหน่งทศนิยม)
 (7) total cross-fiscal open AR (THB) ของลูกค้ารายนี้ ซึ่ง = ผลรวม net_total_thb ของ pending B2B sales ทั้งหมดของลูกค้านี้ที่ business_event_date อยู่ภายใน FY2568 และ payment_received_date ยังว่าง (NULL) ณ 2026-01-15
 

 Note: ใช้ as_of_date = 2026-01-15 (release snapshot). ปีงบ FY2568 = ปี ค.ศ. 2025 ตาม DIM_DATE (fiscal_year column).",tables,"tables/FACT_SALES.csv (907 B2B open AR rows in FY2568 with payment_received_date=NULL as of 2026-01-15)|tables/DIM_CUSTOMER.csv (CUST-L3-B2B-000200: B2B Customer 000200, account_manager_id=EMP-L3-00002)|tables/DIM_DATE.csv (fiscal_year column confirms FY2568 = calendar year 2025)
","(1) customer_id: CUST-L3-B2B-000200
(2) customer_name_en: B2B Customer 000200 (first_name_en=""B2B Customer 000200"", last_name_en="""")
(3) account_manager_id: EMP-L3-00002 (Ben Account, B2B Account Manager)
(4) txn_id: TXN-CL-L5-40298991
(5) business_event_date: 2025-12-18
(6) net_total_thb: 18,000,001.20 THB
(7) total cross-fiscal open AR for CUST-L3-B2B-000200: 19,082,341.20 THB",
L3-Q-XHARD-011,"ทีม Vendor-Quality กำลังเตรียม audit case file สำหรับ steering committee ใน FACT_WARRANTY_CLAIM พบ cluster ของ claim ที่ผิดปกติ ที่ผูกกับ batch identifier ของ supplier V-004 (อยู่ใน text ของ claim_reason ในรูปแบบ 'vendor batch defect (...)' ตามด้วย sku reference). อยากให้ช่วยทำ end-to-end reconciliation จาก public data lake เท่านั้น และตอบเป็น 6 ส่วนดังนี้:
 

 (1) **Batch identifier**: ระบุ literal string ของ batch id ที่ปรากฏในวงเล็บใน claim_reason ของ cluster นี้ ทุก row ใน cluster ใช้ batch_id เดียวกัน. (รูปแบบ: ตัวอักษร-ตัวเลข, มี dash, มี ค.ศ./พ.ศ.).
 

 (2) **SKU + spec**: SKU ที่ได้รับผลกระทบทั้ง cluster (sku_id), brand_family, category, และ msrp_thb จาก DIM_PRODUCT ให้ตอบทุก field. (Hint: เป็น flagship monitor ของ FahMai's house brand DIM_PRODUCT.is_third_party = false; vendor_id ใน DIM_PRODUCT ของ row นี้ว่างเปล่า; warranty_months = 24.)
 

 (3) **Cluster size + cost**: จำนวน claim rows ทั้งหมดใน cluster (filter: claim_reason CONTAINS the batch identifier from (1)) ตอบเป็น integer; รวมทั้ง sum ของ claim_amount_thb ของ rows ใน cluster เป็น THB integer. (Hint: claim_amount_thb ของ rows ใน cluster ถูกบันทึกเต็มจำนวน MSRP ในขณะที่ rows ที่มี claim_reason='defect' แบบทั่วไปสำหรับ SKU เดียวกัน มี claim_amount_thb เป็น empty/null เป็นสัญญาณว่า cluster นี้ถูก approve เป็น full refund เท่ากับ MSRP.)
 

 (4) **Date window**: business_event_date ของ row แรกใน cluster (min) และ row สุดท้าย (max) ตอบเป็น YYYY-MM-DD ทั้งสอง. ระบุด้วยว่า cluster spans กี่เดือนปฏิทินเต็ม (calendar months containing ≥1 cluster row, นับ inclusive).
 

 (5) **Baseline lift vs pre-window**: คำนวณ baseline rate ของ generic 'defect' claims (claim_reason exactly equal to 'defect', ไม่ contains batch identifier) สำหรับ SKU เดียวกัน ในช่วง pre-window 11 calendar months ก่อนหน้า window จาก (4) (เช่นถ้า window เริ่ม 2024-12-01 ก็เป็น 2024-01-01..2024-11-30) ตอบเป็น rows-per-month รูปแบบเดียวกัน. คำนวณรวมในระหว่าง window count: cluster_rows + generic_defect_rows ในช่วงเดียวกันแล้วหารด้วย months ของ window จาก (4) ตอบเป็น rows-per-month. ระบุ lift ratio (window combined rate / pre-window baseline rate) ปัดทศนิยม 1 ตำแหน่ง ตอบเป็น 'Xx' or 'X เท่า'.
 

 (6) **Phantom-warranty signature (the kill check)**: จากรายชื่อ distinct customer_id ของ rows ใน cluster (มีกี่ราย unique?) ลองตรวจสอบใน FACT_SALES + FACT_SALES_LINE_ITEM ว่า customer เหล่านี้ **เคยซื้อ SKU จาก (2)** ในข้อมูลใน data lake **ก่อน** วันที่ของ claim ของพวกเขาหรือไม่ (join FACT_SALES_LINE_ITEM.sku_id = the SKU, join FACT_SALES.txn_id, filter FACT_SALES.customer_id IN cluster's distinct customers, filter business_event_date < claim's business_event_date). ระบุจำนวน distinct cluster-customers ทั้งหมด, จำนวน cluster-customers ที่มี matching prior purchase ของ SKU ที่ affected ใน FACT_SALES_LINE_ITEM, และจำนวนที่ **ไม่มี** matching prior purchase และ comment สั้นๆ ว่าผลที่ได้บ่งชี้ data-lake anomaly แบบใด (เช่น 'warranty claims บันทึกไว้ แต่ไม่มี matching FACT_SALES purchase record ในระบบ' = phantom-warranty signature).
 

 กรุณาตอบทุกส่วนโดยอ้างอิงเฉพาะข้อมูลใน public/ folder เท่านั้น และระวัง:
 - claim_reason ของ cluster ใช้ string ที่ **ต่าง** จาก 'defect' agent ที่ filter `claim_reason='defect'` (exact match) จะ miss cluster ทั้ง 35 rows.
 - ในทางกลับกัน agent ที่ filter `claim_reason CONTAINS 'defect'` (substring) จะได้ทั้ง cluster (35) + generic defect (36) รวมกัน ต้องแยกออกจากกันให้ถูก.
 - การ join FACT_SALES_LINE_ITEM → FACT_SALES ต้องผ่าน txn_id เพราะ customer_id ไม่อยู่บน LINE_ITEM table โดยตรง.",tables,"tables/FACT_WARRANTY_CLAIM.csv (35 cluster rows with claim_reason containing 'vendor batch defect (V-004-MON-BATCH-2567-Q4-001)' plus 36 generic defect rows for AW-MN-001)|tables/DIM_PRODUCT.csv (AW-MN-001: ArcWave ProView 27 4K monitor, brand_family=ArcWave, category=monitor, msrp_thb=16,900, is_third_party=false, vendor_id=empty, warranty_months=24)|tables/FACT_SALES_LINE_ITEM.csv (2,763 line items for AW-MN-001, joined via txn_id)|tables/FACT_SALES.csv (customer_id lookup via txn_id; all 291 AW-MN-001 buyers are B2B customers CUST-L3-B2B-*)
","(1) Batch Identifier:vV-004-MON-BATCH-2567-Q4-001
(2) SKU + Spec=sku_id: AW-MN-001,brand_family: ArcWave,category: monitor,msrp_thb: 16,900.00,is_third_party: false (FahMai house brand flagship monitor),vendor_id: (empty),warranty_months: 24
(3) Cluster Size + Cost= Cluster row count: 35, Total claim_amount_thb: 591,500 THB
(4) Date Window=First claim (min business_event_date): 2024-12-01,Last claim (max business_event_date): 2025-04-30,Calendar months spanned: 5 months (Dec 2024, Jan 2025, Feb 2025, Mar 2025, Apr 2025 — all contain >= 1 cluster row)
(5) Baseline Lift vs Pre-Window:
    - Pre-window (2024-01-01 to 2024-11-30, 11 months): 20 generic defect rows for AW-MN-001 (claim_reason exactly 'defect')
    - Pre-window baseline rate: 20 / 11 = 1.82 rows/month
    - Window generic defect rows (2024-12-01 to 2025-04-30): 3 rows
    - Window combined count (cluster + generic defect): 35 + 3 = 38 rows
    - Window combined rate: 38 / 5 = 7.60 rows/month
    - Lift ratio: 7.60 / 1.82 = 4.2x (ประมาณ 4 เท่า)
(6) Phantom-Warranty Signature (The Kill Check):
    - Distinct cluster customers: 34 (CUST-L3-000011 through CUST-L3-000191)
    - Cluster customers with matching prior purchase of AW-MN-001 in FACT_SALES_LINE_ITEM: 0
    - Cluster customers WITHOUT matching prior purchase: 34
    - Comment: All 34 distinct customers who filed batch-defect warranty claims for AW-MN-001 have ZERO matching purchase records of this SKU in the entire data lake. The only AW-MN-001 buyers in the system are 291 B2B customers (CUST-L3-B2B-* format), with zero overlap to the cluster's consumer customer IDs. This is a clear phantom-warranty signature — warranty claims are recorded in the system but there are no corresponding FACT_SALES purchase records for these customers, indicating a serious data-lake anomaly suggesting either fraudulent claims or a systemic data integrity failure.",
L3-Q-XHARD-012,"ทีม Data Engineering กำลังจะ rebuild dashboard ของ POS logs และพบว่าไฟล์ pos_*.tsv ใน public/logs/ มี schema ไม่เหมือนกันระหว่างต้นปีกับกลางปี 2025 ครับ ช่วย reconcile ให้ทีหน่อย โดยตอบคำถามต่อไปนี้ทั้งหมด (เป็น tuple เดียวกัน เพราะ downstream pipeline ต้องใช้ครบ 6 ค่า):
 

 (1) วันที่ schema_version flip จาก 1 เป็น 2 เริ่มมีผล (cutover date ใช้รูปแบบ YYYY-MM-DD)
 (2) ใน v1 มี discount column ชื่ออะไร และใน v2 column นั้นถูก rename เป็นชื่ออะไร (ตอบทั้งสองชื่อ)
 (3) v2 schema เพิ่ม column ใดบ้างที่ไม่มีใน v1 (ตอบให้ครบทุก column ที่เพิ่ม โดยใช้ชื่อ column ตามไฟล์)
 (4) สำหรับสาขา BKK-CTW ในเดือน March 2025 (ก่อน cutover) ตอบจำนวน POS log line ทั้งหมด (excluding header rows)
 (5) สำหรับสาขา BKK-CTW ในเดือน April 2025 (หลัง cutover) ตอบจำนวน POS log line ทั้งหมด
 (6) สำหรับสาขา BKK-CTW ในเดือน March 2025 (v1) total gross revenue = SUM(quantity × unit_price_thb) เป็นเงินบาทเท่าไหร่ (round เป็นเลขจำนวนเต็ม THB ได้)
 

 Note: เมษายน 2025 ที่สาขา BKK-PKT มีการปิด renovation บางช่วง แต่ BKK-CTW ดำเนินงานเต็มเดือน ขอ figures ของ BKK-CTW ตามที่ปรากฏใน public/logs/ เท่านั้น",logs,"logs/pos_BKK-CTW_202503*.tsv (v1 schema, March 2025)|logs/pos_BKK-CTW_202504*.tsv (v2 schema, April 2025)
","(1) Schema version cutover date (v1 → v2): 2025-04-01
(2) Discount column rename:v1 name-discount_amt,v2 name-discount_total_thb
(3) New columns added in v2 (not present in v1):payment_terminal_id ,loyalty_tier_at_purchase
(4) BKK-CTW March 2025 POS log lines (excluding headers): 842
(5) BKK-CTW April 2025 POS log lines (excluding headers): 702
(6) BKK-CTW March 2025 total gross revenue (SUM quantity × unit_price_thb): 17,240,800 THB",
L3-Q-XHARD-013,"ทีม Brand Marketing กำลังเตรียม launch postmortem สำหรับ SF-Galaxy-Pro-2568 (E5 flagship launch ของ SaiFah, แคมเปญ SF-LAUNCH-2568) อยากเข้าใจ shape ของ demand curve และเหตุการณ์ระหว่างทาง โดยอ้างอิงเฉพาะ public corpus (ไม่ดูข้อมูล CRM ภายนอก). รบกวน reconcile ออกมาเป็น 5-tuple ดังนี้:
 

 (1) จำนวน units ของ SF-Galaxy-Pro-2568 ที่ขายในช่วง preorder phase (คือก่อนวัน launch 2025-07-01 ถึง 2025-07-14) เป็นเท่าไหร่ครับ และมี daily pattern อะไรที่ผิดปกติ (กระจาย uniform หรือเปล่า)?
 

 (2) จำนวน units ที่ขายในวัน launch (2025-07-15) และเทียบกับค่าเฉลี่ย daily preorder แล้วเป็น spike กี่เท่า?
 

 (3) จำนวน units ที่ขายในช่วง post-launch ของเดือนเดียวกัน (2025-07-16 ถึง 2025-07-31) sustained demand หรือเงียบลง?
 

 (4) ยอดรวม units ในตลอด campaign window ของ SF-LAUNCH-2568 (2025-07-15 ถึง 2025-07-31 ตาม DIM_PROMO_CAMPAIGN) และยอดรวม units ตลอดทั้งเดือนกรกฎาคม 2025 ของ SKU นี้ (รวม preorder + launch window) ใกล้เคียงกันหรือเปล่า แสดงว่าอะไร?
 

 (5) ข้อสำคัญที่สุด discount-mechanic resolution: ถ้าเช็ก FACT_SALES_LINE_ITEM ที่มี sku_id = SF-Galaxy-Pro-2568 จะเห็นว่า line_discount_thb = 0.00 ทุก row (ไม่มีส่วนลดที่ระดับ line item) แต่ FACT_SALES.discount_total_thb ของ txn ที่ tagged promo_campaign_id='SF-LAUNCH-2568' กลับมียอดรวมหลายล้านบาท ความขัดแย้งนี้อธิบายอย่างไร? ค่า total discount cost ของแคมเปญเป็นเท่าไหร่ (THB) และตรงกับ rate ที่กำหนดใน dim_promo_mechanic หรือไม่? อ้างอิง promo_mechanic_id ใดบ้างที่ผูกกับ SF-LAUNCH-2568.",tables,"tables/FACT_SALES_LINE_ITEM.csv; tables/DIM_PRODUCT.csv; tables/DIM_PROMO_CAMPAIGN.csv; tables/FACT_SALES.csv, tables/dim_promo_mechanic.csv","(1) Preorder Phase Units & Daily Pattern: 3,192 units
(2) Launch Day Spike:  วัน launch (2025-07-15) ขายได้ 504 units เทียบกับค่าเฉลี่ย preorder 228 units/day เป็น spike 2.21x (เพิ่มขึ้น ~121%)
(3) Post-Launch Sustained Demand: ช่วง post-launch (2025-07-16 ถึง 2025-07-31) ขายได้เพียง 54 units ใน 16 วัน (เฉลี่ย 3.4 units/day) — demand ไม่ sustain ร่วงจาก preorder baseline 228/day ลง ~98.5% มีวันที่ Jul-25 ขาย 0 units โดยรวมเป็น demand cliff อย่างรุนแรง
(4) Campaign Window vs Full July: 588 units
(5) Discount-Mechanic Resolution: promo_mechanic_id=1 เป็น pct_off 5% ที่คำนวณที่ basket level (txn header) ไม่ได้ allocate ลง per-line-item — พิสูจน์ได้จาก FACT_SALES.discount_total_thb / FACT_SALES.basket_total_thb = 0.050000 พอดีทุก txn (3,749 ใบ ไม่มี deviation) สำหรับ single-item basket (3,707 txns) discount = 38,900 × 5% = 1,945 THB ส่วน multi-item basket (42 txns) discount = basket_total × 5% ซึ่งรวม item อื่นในตะกร้าด้วย (collateral discount)

",
L3-Q-XHARD-014,"ขอวิเคราะห์เคส recall ของ NovaTech laptop NT-LT-001 (battery issue จาก vendor V-002) ให้ครบ 6 ประเด็นนี้ครับ ใช้ข้อมูลใน data lake ทั้งหมด (ตาราง DIM/FACT + เอกสาร) เท่านั้น ไม่ต้องอ้างความรู้นอก data:
 

 (1) recall_status state machine ของ NT-LT-001 มีกี่ transitions และวันที่ของแต่ละ transition คือเมื่อไหร่ (resolve at the recall-history table's transition_date D70 state-machine semantics) ตอบเป็น list ของ (status, date)
 (2) recall window เริ่มและจบวันที่เท่าไหร่ (จาก state = 'active' ถึง state = 'completed')
 (3) ในช่วง recall window นั้น มี vendor-recall returns ของ NT-LT-001 ทั้งหมดกี่ใบ (filter FACT_RETURN by sku + return_reason ที่ระบุว่าเป็น vendor recall)
 (4) ยอด refund ที่จ่ายออกไปสำหรับ vendor-recall returns เหล่านั้นเป็นเงินกี่บาท
 (5) **Lost revenue** ของช่วง recall เทียบยอดขาย NT-LT-001 ใน recall window (35 วัน, 2025-09-10 ถึง 2025-10-15) กับ baseline ที่เป็น 35-day window ทันทีก่อน recall start (2025-08-05 ถึง 2025-09-09) เป็นกี่บาท (compute: baseline_revenue - recall_window_revenue)
 (6) มี early-warning signals ใน warranty claim data ก่อน recall start (claim_reason ที่บ่งชี้ pre-recall battery concern) ทั้งหมดกี่ claim
 

 ต้องตอบครบทั้ง 6 ข้อ พร้อมตัวเลขที่ตรง",tables,"tables/dim_product_recall_history.csv; tables/FACT_RETURN.csv; tables/FACT_REFUND_PAID.csv;  tables/FACT_SALES_LINE_ITEM.csv, tables/FACT_WARRANTY_CLAIM.csv","(1) Recall Status State Machine Transitions: [(normal, 2024-01-01), (active, 2025-09-10) ,(completed, 2025-10-15)]
(2) Recall Window:  Recall window เริ่ม 2025-09-10 (state = active) ถึง 2025-10-15 (state = completed) รวม 35 วัน
(3) Vendor-Recall Returns Count: 36 ใบ
(4) Refund Amount: 1,544,400.00 บาท 
(5) Lost Revenue: 2,574,000.00 บาท
(6) Early-Warning Warranty Claims: 25 claims
",
L3-Q-XHARD-015,"ทีม Quality Risk ขอให้ช่วยทำ retrospective ดูว่า ก่อนที่ NovaTech Powercell X3 (SKU: NT-LT-001) จะถูกประกาศ active recall เมื่อ 2025-09-10 นั้น มี early-warning signal อะไรที่ ""ปรากฏใน data lake แล้ว"" แต่ยังไม่ได้ถูกหยิบขึ้นมาเป็นทางการบ้าง ขอข้อมูล 4 ส่วนนี้ครับ:
 

 (1) **จำนวน claim** ที่บ่งบอกถึง pre-recall battery concern signal ของ NT-LT-001 ที่ปรากฏใน FACT_WARRANTY_CLAIM ก่อนวันที่ recall_status เปลี่ยนเป็น active (จาก dim_product_recall_history) เป็นกี่ claim
 

 (2) **Date range** (วันที่แรกสุด → วันที่ล่าสุด) ของ claim cluster นี้ และ **gap (จำนวนวัน)** ระหว่างวันที่ล่าสุดของ pre-recall claim กับวันที่ recall_status เปลี่ยนเป็น active
 

 (3) **Routing/handling signature ที่แตกต่าง** pre-recall cluster นี้ถูกส่ง route ไปที่ destination ไหน และต่างจาก normal NT-LT-001 warranty claim ใน corpus เดียวกันยังไง (ระบุชื่อ routing destination ทั้งสองค่า) รวมทั้งบอกด้วยว่าใน column ไหนยังมี signature อื่นที่ไม่เหมือน normal claim (เช่น column ที่ค่าว่างของ pre-recall cluster แต่มีค่าใน normal cluster)
 

 (4) **Cross-modal corroboration** ใน customer-facing channel (chat_line_oa) ช่วง window เดียวกัน (2025-07 ถึง 2025-09) มี chat ที่พูดถึง Powercell X3 อยู่บ้างไหม และ tone โดยรวมเป็นอย่างไร เป็น signal ที่ corroborate กับ warranty cluster ไหม (หรือ stable baseline ที่ไม่บ่งบอก spike) ขอประเมินสั้น ๆ พร้อมระบุว่ามี Powercell X3 chats ในช่วง window อย่างน้อยกี่ thread (order-of-magnitude OK) เพื่อให้เห็นว่า product family นี้มี customer engagement ต่อเนื่องไม่ว่าจะมี recall หรือไม่
 

 คำตอบทั้ง 4 ส่วนต้องอ้างจาก public data lake เท่านั้น DIM/FACT tables + customer chats ไม่ใช่ความรู้นอก data หรือ memo/minutes ที่ออกในวัน recall (ซึ่งใน corpus เป็น template-bare และไม่ระบุ recall เป็น subject)","tables, docs","tables/FACT_WARRANTY_CLAIM.csv, tables/dim_product_recall_history.csv; docs/chat_line_oa/ (CHAT-LO-2025-07-.md, CHAT-LO-2025-08-.md, CHAT-LO-2025-09-*.md)","(1) Pre-Recall Battery Concern Claims: 25 claims
(2) Date Range & Gap to Recall: Date range: 2025-07-08 (วันแรก) → 2025-09-09 (วันล่าสุด) รวม cluster ยาว ~63 วัน Gap จาก claim สุดท้าย (2025-09-09) ถึงวัน recall active (2025-09-10) = 1 วัน — signal ดับเพียง 1 วันก่อนประกาศ recall
(3) Routing/Handling Signature Differences: For routing_destination, Pre-recall cluster (25 claims) is novatech_service and Normal cluster (33 claims) fahmai_cs. For claim_id prefix, Pre-recall cluster (25 claims)        is WCL-CL-E9_PRE- and Normal cluster (33 claims) is WC-. For original_txn_id, Pre-recall cluster (25 claims)        is blank and Normal cluster (33 claims) is มีค่า (TXN-* linked). ความแตกต่างที่สำคัญ:
routing_destination: pre-recall ถูกส่งตรงไป novatech_service (vendor service center) ขณะที่ normal claim ส่งไป fahmai_cs (FahMai internal CS) — บ่งชี้ว่าทีมงานแยกส่งตรงถึง vendor ตั้งแต่ก่อน recall จะประกาศ
claim_id prefix: WCL-CL-E9_PRE- vs WC- — prefix พิเศษบ่งชี้ handling path ต่างหาก
original_txn_id: pre-recall cluster ไม่มี original_txn_id (ว่างทุก row) ขณะที่ normal cluster มี txn link ทุก row — แสดงว่า pre-recall claims เข้ามาโดยไม่ผ่าน purchase-txn linkage ปกติ (อาจเป็น direct service intake)
(4) Cross-Modal Corroboration (chat_line_oa): มี Powercell X3 chats ในช่วง Jul-Sep 2025 จำนวน ~2,000 thread (order-of-magnitude: 2,031 threads จาก 4,731 total chats = ~43% ของ chat volume)

Jul: 731 | Aug: 628 | Sep: 672 — volume คงที่ ไม่มี spike
Tone โดยรวม: neutral/product inquiry — ลูกค้าถามเรื่องสเปก, วิธีใช้งาน, การดูแลรักษา, เช็กสต็อก, รับประกัน ไม่พบ complaint เรื่องแบตเตอรี่หรือ safety concern ใน chat sample ที่ตรวจสอบ แม้มี ~643 chat ที่ match complaint-adjacent keywords (แบต, ร้อน, เสีย ฯลฯ) แต่เมื่ออ่าน content จริงกลับเป็นการถามข้อมูลทั่วไปเกี่ยวกับการใช้งานและการดูแล ไม่ใช่ร้องเรียน

สรุป: chat_line_oa เป็น stable baseline — ไม่ corroborate กับ warranty cluster signal คือด้าน customer-facing channel ยังสงบ ในขณะที่ warranty pipeline มี signal ชัดเจน 25 claims ที่ถูกส่งตรงไป novatech_service แล้ว สะท้อนว่า early-warning ปรากฏใน back-end warranty data ก่อน front-end customer sentiment




",
L3-Q-XHARD-016,"Head of CS Ops ขอ refund-cluster shape analysis สำหรับ CS-tier IC agent ที่อยู่ใน support department (dept_code='SUP' + position_level='IC') ของ FahMai เพื่อตรวจดู refund-amount distribution signature ว่าเปลี่ยนแปลงอย่างไรหลังจาก PM1 cutover (DIM_POLICY_VERSION policy_class='signing_authority', effective 2025-02-15 ladder version flip) โดย scope ของ analysis คือ FACT_REFUND_PAID ทุกแถวที่ (a) approver_employee_id เป็น SUP IC slot คนแรก (sort by employee_id ASC) AND (b) cosig_employee_id IS NULL.
 

 รบกวนช่วยทำ refund-amount bucketing ด้วย bucket width = ฿1,000 (โดยใช้ floor-of-amount/1000 ดังนั้น refund 4,250 บาท → bucket [4000, 4999], refund 7,250 บาท → bucket [7000, 7999]) แล้ว split เป็น 2 window ด้วย business_event_date เทียบกับ PM1 effective_date (2025-02-15):
  • pre-PM1 window = business_event_date < 2025-02-15
  • post-PM1 window = business_event_date ≥ 2025-02-15
 

 กรุณา report เป็น 6-tuple ดังนี้:
  (1) pre-PM1 mode-bucket range (ในรูปแบบ '฿X,000–฿X,999' หรือ 'X000-X999')
  (2) pre-PM1 mode-bucket count (จำนวน refund ใน mode-bucket นั้น)
  (3) post-PM1 mode-bucket range
  (4) post-PM1 mode-bucket count
  (5) PM1 policy reference (ระบุ policy_version_id ใหม่ของ signing_authority หลัง 2025-02-15 หรือ refer ถึง policy_class + effective_date เพื่อระบุการเปลี่ยน)
  (6) PM1 effective_date (ISO date)
 

 หมายเหตุประกอบ:
  • หาก SUP IC slot คนแรก (sort by employee_id ASC) ไม่มี refund record ใน FACT_REFUND_PAID, ขอให้ใช้ tiebreak rule = ใช้ SUP IC คนที่มี refund record ที่ approver_employee_id ตรงและ cosig_employee_id IS NULL แทน (ในตอนนี้มี SUP IC เพียงคนเดียวที่ปรากฏเป็น approver ในตาราง refund ดังนั้น slot resolution จะ unique โดยอัตโนมัติ).
  • หาก mode-bucket มี tie (หลาย bucket มี count เท่ากันสูงสุด) ขอให้ report bucket ที่มีค่า refund_amount เฉลี่ยต่ำที่สุด (lower-amount-tie-break) เพื่อความ deterministic.
  • ขอ cross-reference กับ MEMO-PM1-2025-02-15.md (memo announcement ฉบับนี้ confirm boundary date body ไม่ enumerate ladder mechanic แต่ระบุวันประกาศ) แยกจาก MEMO-PM-REFUND-2025-03-15.md (PM-REFUND คือ refund_threshold_thb 2K→5K cutover ที่ effective 2025-03-15 ไม่ใช่ PM1, ห้ามสับสน).
  • Bank-side corroboration: ทุก refund ใน scope นี้มี FACT_BANK_TRANSACTION KBANK-OPER withdrawal companion ที่ description ระบุ 'L1 over-threshold refund payout' ใช้เพื่อยืนยันว่า refund payout เกิดขึ้นจริง (cross-modal).
 

 คำเตือน: agent ที่ bucket mode ของ refund_amount over the entire fiscal window (ไม่ split pre/post PM1) จะได้ mode-bucket ที่ dilute ทั้ง pre + post signature เข้าด้วยกัน เป็น anti-shortcut หลัก. agent ที่ใช้ PM-REFUND boundary (2025-03-15) แทน PM1 boundary (2025-02-15) ก็จะ misplace 2025-03-04 row (5500 บาท) จาก post window ไปอยู่ใน pre window เปลี่ยน partition + เปลี่ยน count.",tables,"tables/DIM_EMPLOYEE.csv, tables/FACT_REFUND_PAID.csv, tables/DIM_POLICY_VERSION.csv, tables/DIM_POLICY_VERSION.csv","(1) Pre-PM1 Mode-Bucket Range:  ฿4,000–฿4,999 (pre-PM1 window: 6 refund rows, mode = 3 rows ใน bucket 4000–4999)
(2) Pre-PM1 Mode-Bucket Count: 3 refunds
(3) Post-PM1 Mode-Bucket Range: ฿7,000–฿7,999 (post-PM1 window: 8 refund rows, mode = 4 rows ใน bucket 7000–7999)
(4) Post-PM1 Mode-Bucket Count: 4 refunds
(5) PM1 Policy Reference: policy_version_id = 6 (policy_class = signing_authority, policy_variable = refund_signing_authority_ladder, scope = global, policy_value_table_ref = dim_signing_authority_ladder)

การเปลี่ยนแปลงสำคัญจาก ladder: ก่อน PM1 (version 5) — IC ทุก dept มี amount_ceiling = 0 + min_co_signers = 1 (Manager) → ต้องมี co-signer เสมอ หลัง PM1 (version 6) — เพิ่ม row ใหม่ ladder_row_id=4: IC + dept=SUP ได้ amount_ceiling = 5,000 + min_co_signers = 0 → SUP IC อนุมัติได้เดี่ยวถึง 5,000 บาทไม่ต้อง co-sign ซึ่งอธิบายการเปลี่ยน mode-bucket จาก 4K (ใกล้เพดานเดิม) เป็น 7K (สูงขึ้นแต่ยังอยู่ภายใต้ threshold ใหม่ที่สูงขึ้น)

Memo MEMO-PM1-2025-02-15.md ยืนยันวันประกาศ 15 ก.พ. 2568 ถึง DL-ALL-STAFF โดย Ollie Logistics (Operations Manager) — เนื้อหาเป็น template-bare แจ้งการเปลี่ยน policy แต่ไม่ได้ enumerate ladder mechanic
(6) PM1 Effective Date:  2025-02-15 (policy_version_id=6 effective_date; version เก่า id=5 end_date = 2025-02-15 พอดี)


",
L3-Q-XHARD-017,"ทีม Sales Strategy ของฟ้าใหม่กำลังออกแบบ B2B subscription pilot program สำหรับลูกค้า enterprise โจทย์: ระบุลูกค้า B2B ที่เป็น ""top-spending account"" ของบริษัทตั้งแต่เริ่ม operate ถึงปัจจุบัน (all-time, ทุกปีรวมกัน ไม่ใช่ปีล่าสุดเพียงปีเดียว) เพื่อใช้เป็น anchor account ของ pilot. ขอข้อมูล 3 ส่วนตามนี้ครับ:
 

 (1) **customer_id ของลูกค้า B2B ที่มียอดซื้อรวมตลอดอายุการเป็นลูกค้า (sum ของ FACT_SALES.net_total_thb ทั้งหมด ไม่จำกัดปี) สูงสุดเป็นอันดับ 1** ในฐานข้อมูล (กรอง is_b2b=true). ขอ customer_id (รูปแบบ CUST-L3-B2B-XXXXXX) พร้อมยอดรวมทั้งหมด (THB)
 

 (2) **SKU หลัก (top SKU) ที่ลูกค้ารายนี้ซื้อมากที่สุด** เมื่อจัดอันดับ line_total_thb (sum) ตาม sku_id จาก FACT_SALES_LINE_ITEM ของลูกค้ารายนี้ ขอ sku_id และชื่อ brand_family + category ตาม DIM_PRODUCT เพื่อยืนยัน product identity
 

 (3) **จำนวน distinct calendar months ที่ลูกค้ารายนี้มีรายการซื้อ (transactional months active)** นับ distinct YYYY-MM ของ FACT_SALES.business_event_date ทั้งหมดของลูกค้ารายนี้ (ลูกค้าอาจมีเดือนที่ไม่มีกิจกรรม ไม่นับเดือนว่าง). ใช้ตัวเลขนี้เพื่อประเมินความต่อเนื่องของลูกค้าก่อนชวนเข้าโปรแกรม subscription รายเดือน
 

 ข้อสำคัญ: คำถามถามถึงข้อมูล **all-time / ตลอดอายุ** ของ FACT_SALES ไม่ใช่ปีเดียว. หากกรองเฉพาะปี 2024 ผลที่ได้จะเป็นคนละลูกค้า (ไม่ตรงโจทย์ อันดับลูกค้าที่ใหญ่ที่สุดในปี 2024 เพียงปีเดียวเป็นข้อมูล supporting context เท่านั้น ไม่ใช่ gold). ขอกรองเฉพาะ B2B (is_b2b=true) ตลอดข้อมูลทั้งหมดในระบบ.",tables,"tables/FACT_SALES.csv, tables/FACT_SALES_LINE_ITEM.csv, tables/DIM_PRODUCT.csv","(1) Top B2B Customer (All-Time): customer_id = CUST-L3-B2B-000200 ยอดซื้อรวมตลอดกาล = 25,867,541.20 THB (จาก 45 transactions, is_b2b=true, ทุกปีรวมกัน) — เป็นอันดับ 1 แยกจากอันดับ 2 (CUST-L3-B2B-002600 = 13,978,435 THB) 
(2) Top SKU: sku_id = NT-LT-001 (brand_family = NovaTech, category = laptop, subcategory = flagship, MSRP = 42,900 THB) — line_total_thb รวม = 18,300,301.20 THB (qty = 627 units) ครอบครอง ~70.7% ของยอดซื้อทั้งหมดของลูกค้ารายนี้
(3) Distinct Active Months: 19 distinct calendar months (Jan 2024 → Dec 2025) จาก span 24 เดือน → active rate ~79% มีช่วง inactive ใน Feb 2025, Sep 2025 และ Jul-Aug 2025 โดยรวมความต่อเนื่องสูง — เหมาะเป็น anchor account สำหรับ subscription pilot เนื่องจากมี purchasing pattern สม่ำเสมอตลอด 2 ปี

",
L3-Q-XHARD-018,"ทีม Pricing & Revenue ของฟ้าใหม่ตั้งโจทย์ post-mortem ของไตรมาส 4/2568 มี SKU หนึ่งใน catalog ที่ ""ยอดขายในหน่วย (units sold) พุ่งขึ้นมหาศาลในเดือนเดียวจน outlier ชัดเจน แต่ราคา per-unit ในเดือนนั้นกลับถูกตัด deep discount ลงไป"" ทำให้เกิดสถานการณ์ classic ของ Theory shape #3 (volume up, revenue per unit down). โจทย์: ใช้ FACT_SALES_LINE_ITEM + DIM_PRODUCT (พร้อม cross-reference FACT_SALES เพื่อยืนยัน txn identity) ตอบ 2 ส่วนตามนี้ครับ
 

 (1) **ระบุ sku_id ของสินค้า** (รูปแบบ NT-LT-XXX, SF-XX-XXX, AW-XX-XXX, DN-LT-XXX, WK-SW-XXX, SKU-MASS-XXX, ฯลฯ) ที่มีพฤติกรรมข้างต้นในปี 2025 เกณฑ์: หนึ่งเดือนปฏิทินที่ยอดขายในหน่วย (sum quantity) ของ SKU นั้นสูงกว่าค่าเฉลี่ยรายเดือนของ SKU เดียวกันในช่วง 12 เดือนก่อนหน้าอย่างน้อย 5 เท่าขึ้นไป AND ในเดือนนั้นมีการบันทึก unit_price_thb ส่วนใหญ่ที่ต่ำกว่า msrp_thb ใน DIM_PRODUCT อย่างมีนัยสำคัญ (>= 25%). ขอชื่อ brand_family + category ตาม DIM_PRODUCT เพื่อยืนยัน product identity ด้วย.
 

 (2) **คำนวณ ""foregone revenue"" (รายได้ที่หายไป) เป็นมูลค่า THB** กรองเฉพาะ line items ของ SKU นั้นในเดือนที่ระบุใน (1) ที่ขายในราคาส่วนลด (unit_price_thb < msrp ใน DIM_PRODUCT) แล้วคิดสูตร: foregone_revenue_THB = SUM[(msrp_thb - unit_price_thb) × quantity] เฉพาะ line items ที่เข้าเงื่อนไขส่วนลดข้างต้น. ขอตัวเลขเดียวเป็นบาท. 
 

 หมายเหตุสำคัญสำหรับการคำนวณ:
 - ใช้ **msrp_thb** ใน DIM_PRODUCT (ตาราง structured master) เป็น price anchor ไม่ใช่ราคาที่ระบุในเอกสาร product KB (`public/docs/l1_kb/products/`) ซึ่งอาจมีค่าต่างกัน (data drift ระหว่าง KB doc กับ master table เป็น quirk ของ corpus). หาก answer ใช้ราคา KB-doc แทน msrp_thb จะได้คำตอบคนละค่า ขอ anchor ที่ DIM_PRODUCT ตาม schema convention.
 - ไม่ต้องหัก line_discount_thb เพิ่ม (อยู่ที่ 0 สำหรับเคสที่ระบุอยู่แล้ว discount ถูก embed ลงใน unit_price_thb โดยตรง).
 - เดือนที่ระบุใน (1) ควรเป็นเดือนของปี 2025 กรองด้วย business_event_date เพื่อความชัดเจน.
 

 ต้องการคำตอบเป็น 2-tuple: (sku_id + brand_family + category, foregone_revenue_THB).",tables,"tables/FACT_SALES_LINE_ITEM.csv, tables/DIM_PRODUCT.csv","(1) ระบุ SKU + Product Identity: sku_id = NT-LT-001 (brand_family = NovaTech, category = laptop, subcategory = flagship) — เดือนที่พุ่ง: 2025-12 (728 units, spike 6.5x เท่าของ trailing 12-month avg ~111 units/month) โดย 620 จาก 728 units (85%) ขายในราคาต่ำกว่า MSRP 42,900 อย่างน้อย 25% (avg unit_price ~31,090 = discount ~28%)
(2) Foregone Revenue: 8,597,998.80 THB สูตร: SUM[(42,900 − unit_price_thb) × quantity] เฉพาะ line items ของ NT-LT-001 ใน 2025-12 ที่ unit_price_thb < msrp_thb (620 discounted units จาก 728 total)


",
L3-Q-XHARD-019,"ฝ่ายการตลาดขอรายงาน ROI ของแคมเปญ SF-LAUNCH-2568 (E5 launch ของ SF-Galaxy-Pro-2568 ในเดือน ก.ค. 2568) แบบ rigorous ตามนโยบายภายในที่ใช้ assumption LTV 12-month rolling window per cohort customer (วัดรายได้ net ที่เกิดขึ้นภายใน 12 เดือนนับจากวันที่ลูกค้า redeem โปรโมชัน หักด้วย refunds ที่ตกในหน้าต่างเดียวกัน) ขอให้ระบุค่าทั้ง 4 ตัวเลขในคำตอบเดียวกัน: (1) จำนวน unique cohort customers หลังจาก dedup phantom redemption (channel = 'app' ที่ share txn_id กับ row offline/online row อื่น), (2) discount cost ทั้งหมดในหน่วย THB หลัง dedup phantom, (3) LTV-12mo net revenue ของ cohort (gross sales - in-window refunds) ใน THB, และ (4) corrected ROI ratio (LTV_net / discount_corrected, ปัดเศษทศนิยม 2 ตำแหน่ง พร้อมหน่วย 'x' หรือ 'เท่า'). Caveat: marketing's headline number (sales / discount = 19.0x) does not reflect either correction; show your work and flag the gap between the headline and the corrected figure.",tables; docs,tables/FACT_PROMO_REDEMPTION.csv; tables/FACT_SALES.csv; tables/FACT_REFUND_PAID.csv; tables/DIM_PROMO_CAMPAIGN.csv; docs/chat_line_works/lwt__DQ4__2025-07-23__e0020.md; docs/memo/MEMO-E5-2025-07-15.md,"หลัง dedup phantom redemption ของ SF-LAUNCH-2568: unique cohort customers = 39 คน; discount cost หลัง dedup = 143,505.00 THB; LTV-12mo net revenue = 2,392,595.00 THB จาก gross sales 2,726,595.00 - refunds 334,000.00; corrected ROI = 16.67x. วิธีคิด: ตัด phantom row ที่ channel='app' และ share txn_id + campaign_id กับ row อื่นออกก่อน แล้วใช้ยอดขายจริงจาก FACT_SALES ตาม txn_id ของ cohort จากนั้นหัก refund ของ customer เดียวกันใน 12-month window. Gap: headline 19.0x สูงกว่า corrected ROI 2.33x หรือประมาณ 12.2%",1. กรอง campaign_id = 'SF-LAUNCH-2568' 2. หา phantom duplicate โดยดู txn_id + campaign_id ที่ซ้ำ และตัดแถว channel = 'app' ออก 3. นับ customer_id หลัง dedup เป็น cohort customers 4. รวม discount_applied_thb หลัง dedup 5. ดึงยอดขายจาก FACT_SALES ด้วย txn_id ของ redemption ที่เหลือ 6. สำหรับแต่ละ cohort customer หา refund ในช่วง redeem_date ถึง redeem_date + 12 months 7. LTV_net = gross_sales - refunds 8. ROI = LTV_net / discount_corrected
L3-Q-XHARD-020,"เราอยากเข้าใจ profile ของ vendor recall ของ NovaTech laptop NT-LT-001 ที่ active ระหว่าง 2025-09-10 ถึง 2025-10-15 ให้ครบทุกมิติ เพื่อทำ post-mortem ส่งให้ Ops + Vendor Management. ขอข้อมูลห้าข้อตามนี้ครับ: (1) จำนวน return rows ทั้งหมดที่ถือว่าเป็น recall (ใช้ return_reason เป็น filter) มีกี่แถว, (2) ยอดเงิน return_amount_thb รวมเป็นเท่าไหร่, (3) มีพนักงานคนเดียว approve ทั้งหมดหรือไม่ ถ้าใช่คือใครและคิดเป็นกี่ % ของ recall rows, (4) recall ถูกจัดการที่กี่สาขา และสาขาไหน, (5) จากข้อมูลใน FACT_RETURN เอง recall window ครอบคลุม days_since_purchase ได้ถึงกี่วัน (ดูว่า value มันเป็น uniform หรือกระจาย). ตอบให้ครบทั้ง 5 ข้อในคำตอบเดียว ถ้าตอบไม่ครบจะถือว่าไม่ผ่าน.",tables,tables/FACT_RETURN.csv; tables/FACT_REFUND_PAID.csv; tables/DIM_EMPLOYEE.csv; tables/DIM_PRODUCT.csv; tables/dim_product_recall_history.csv,"Vendor recall ของ NT-LT-001 ช่วง 2025-09-10 ถึง 2025-10-15: (1) recall return rows = 36 แถว; (2) return_amount รวม = 1,544,400.00 THB; (3) มีพนักงานคนเดียว approve ทั้งหมดคือ EMP-L3-00010 May Support, CS Agent = 36/36 rows = 100.0%; (4) จัดการที่ 1 สาขา: BKK-SIAM; (5) days_since_purchase เป็นค่า uniform ทั้งหมด = 180 วัน ไม่กระจาย",1. กรอง sku_id = 'NT-LT-001' 2. กรองช่วง recall business_event_date between 2025-09-10 and 2025-10-15 3. กรอง return_reason ที่มีคำว่า recall 4. นับ return rows 5. รวม return_amount_thb 6. group ตาม approved_by_employee_id แล้วดูว่าคนเดียว approve ทั้งหมดไหม 7. join DIM_EMPLOYEE เพื่อดึงชื่อ/ตำแหน่ง 8. นับ branch_code ที่เกี่ยวข้อง 9. ตรวจ days_since_purchase ว่า min/max/nunique เป็นแบบ uniform หรือกระจาย