claim_id,business_event_date,posting_date,effective_date,as_of_date,customer_id,sku_id,original_txn_id,claim_reason,claim_amount_thb,routing_destination,resolution_type
WC-202401-01009861,2024-01-01,2024-01-01,,2026-01-15,CUST-L3-009861,SKU-MASS-073,TXN-202401-01009861,defect,,fahmai_cs,pending
WC-202401-01029212,2024-01-01,2024-01-01,,2026-01-15,CUST-L3-029212,SKU-MASS-030,TXN-202401-01029212,defect,,fahmai_cs,pending
WC-202401-02002376,2024-01-02,2024-01-02,,2026-01-15,CUST-L3-002376,SKU-MASS-022,TXN-202401-02002376,defect,,fahmai_cs,pending
WC-202401-02003648,2024-01-02,2024-01-02,,2026-01-15,CUST-L3-003648,SKU-MASS-061,TXN-202401-02003648,defect,,fahmai_cs,pending
WC-202401-02004990,2024-01-02,2024-01-02,,2026-01-15,CUST-L3-004990,SKU-MASS-104,TXN-202401-02004990,defect,,fahmai_cs,pending
WC-202401-02014707,2024-01-02,2024-01-02,,2026-01-15,CUST-L3-014707,SKU-MASS-098,TXN-202401-02014707,defect,,fahmai_cs,pending
WC-202401-02023094,2024-01-02,2024-01-02,,2026-01-15,CUST-L3-023094,SKU-MASS-108,TXN-202401-02023094,defect,,fahmai_cs,pending
WC-202401-02024692,2024-01-02,2024-01-02,,2026-01-15,CUST-L3-024692,SKU-MASS-086,TXN-202401-02024692,defect,,fahmai_cs,pending
WC-202401-03001177,2024-01-03,2024-01-03,,2026-01-15,CUST-L3-001177,SKU-MASS-104,TXN-202401-03001177,defect,,fahmai_cs,pending
WC-202401-03010849,2024-01-03,2024-01-03,,2026-01-15,CUST-L3-010849,SKU-MASS-058,TXN-202401-03010849,defect,,fahmai_cs,pending
WC-202401-03015330,2024-01-03,2024-01-03,,2026-01-15,CUST-L3-015330,SKU-MASS-097,TXN-202401-03015330,defect,,fahmai_cs,pending
WC-202401-03022064,2024-01-03,2024-01-03,,2026-01-15,CUST-L3-022064,SKU-MASS-048,TXN-202401-03022064,defect,,fahmai_cs,pending
WC-202401-03026007,2024-01-03,2024-01-03,,2026-01-15,CUST-L3-026007,SKU-MASS-069,TXN-202401-03026007,defect,,fahmai_cs,pending
WC-202401-04002988,2024-01-04,2024-01-04,,2026-01-15,CUST-L3-002988,SKU-MASS-077,TXN-202401-04002988,defect,,fahmai_cs,pending
WC-202401-04010738,2024-01-04,2024-01-04,,2026-01-15,CUST-L3-010738,SKU-MASS-104,TXN-202401-04010738,defect,,fahmai_cs,pending
WC-202401-04026433,2024-01-04,2024-01-04,,2026-01-15,CUST-L3-026433,SKU-MASS-072,TXN-202401-04026433,defect,,fahmai_cs,pending
WC-202401-05001712,2024-01-05,2024-01-05,,2026-01-15,CUST-L3-001712,SKU-MASS-093,TXN-202401-05001712,defect,,fahmai_cs,pending
WC-202401-05020318,2024-01-05,2024-01-05,,2026-01-15,CUST-L3-020318,SKU-MASS-051,TXN-202401-05020318,defect,,fahmai_cs,pending
WC-202401-05023187,2024-01-05,2024-01-05,,2026-01-15,CUST-L3-023187,SKU-MASS-097,TXN-202401-05023187,defect,,fahmai_cs,pending
WC-202401-05023821,2024-01-05,2024-01-05,,2026-01-15,CUST-L3-023821,SKU-MASS-008,TXN-202401-05023821,defect,,fahmai_cs,pending
WC-202401-06009687,2024-01-06,2024-01-06,,2026-01-15,CUST-L3-009687,SKU-MASS-076,TXN-202401-06009687,defect,,fahmai_cs,pending
WC-202401-06010407,2024-01-06,2024-01-06,,2026-01-15,CUST-L3-010407,SKU-MASS-007,TXN-202401-06010407,defect,,fahmai_cs,pending
WC-202401-06015330,2024-01-06,2024-01-06,,2026-01-15,CUST-L3-015330,SKU-MASS-053,TXN-202401-06015330,defect,,fahmai_cs,pending
WC-202401-06016635,2024-01-06,2024-01-06,,2026-01-15,CUST-L3-016635,SKU-MASS-025,TXN-202401-06016635,defect,,fahmai_cs,pending
WC-202401-06017264,2024-01-06,2024-01-06,,2026-01-15,CUST-L3-017264,SKU-MASS-072,TXN-202401-06017264,defect,,fahmai_cs,pending
WC-202401-07001478,2024-01-07,2024-01-07,,2026-01-15,CUST-L3-001478,SKU-MASS-108,TXN-202401-07001478,defect,,fahmai_cs,pending
WC-202401-07002483,2024-01-07,2024-01-07,,2026-01-15,CUST-L3-002483,SKU-MASS-023,TXN-202401-07002483,defect,,fahmai_cs,pending
WC-202401-07019504,2024-01-07,2024-01-07,,2026-01-15,CUST-L3-019504,SKU-MASS-107,TXN-202401-07019504,defect,,fahmai_cs,pending
WC-202401-07024362,2024-01-07,2024-01-07,,2026-01-15,CUST-L3-024362,SKU-MASS-015,TXN-202401-07024362,defect,,fahmai_cs,pending
WC-202401-07024522,2024-01-07,2024-01-07,,2026-01-15,CUST-L3-024522,SKU-MASS-037,TXN-202401-07024522,defect,,fahmai_cs,pending
WC-202401-07025585,2024-01-07,2024-01-07,,2026-01-15,CUST-L3-025585,SKU-MASS-042,TXN-202401-07025585,defect,,fahmai_cs,pending
WC-202401-07027480,2024-01-07,2024-01-07,,2026-01-15,CUST-L3-027480,SKU-MASS-008,TXN-202401-07027480,defect,,fahmai_cs,pending
WC-202401-07027709,2024-01-07,2024-01-07,,2026-01-15,CUST-L3-027709,SKU-MASS-021,TXN-202401-07027709,defect,,fahmai_cs,pending
WC-202401-07028347,2024-01-07,2024-01-07,,2026-01-15,CUST-L3-028347,SKU-MASS-073,TXN-202401-07028347,defect,,fahmai_cs,pending
WC-202401-07028741,2024-01-07,2024-01-07,,2026-01-15,CUST-L3-028741,SKU-MASS-028,TXN-202401-07028741,defect,,fahmai_cs,pending
WC-202401-08000909,2024-01-08,2024-01-08,,2026-01-15,CUST-L3-000909,SKU-MASS-037,TXN-202401-08000909,defect,,fahmai_cs,pending
WC-202401-08010529,2024-01-08,2024-01-08,,2026-01-15,CUST-L3-010529,SKU-MASS-022,TXN-202401-08010529,defect,,fahmai_cs,pending
WC-202401-08013371,2024-01-08,2024-01-08,,2026-01-15,CUST-L3-013371,SKU-MASS-026,TXN-202401-08013371,defect,,fahmai_cs,pending
WC-202401-08015720,2024-01-08,2024-01-08,,2026-01-15,CUST-L3-015720,SKU-MASS-062,TXN-202401-08015720,defect,,fahmai_cs,pending
WC-202401-08021466,2024-01-08,2024-01-08,,2026-01-15,CUST-L3-021466,SKU-MASS-099,TXN-202401-08021466,defect,,fahmai_cs,pending
WC-202401-09001426,2024-01-09,2024-01-09,,2026-01-15,CUST-L3-001426,SKU-MASS-047,TXN-202401-09001426,defect,,fahmai_cs,pending
WC-202401-09001969,2024-01-09,2024-01-09,,2026-01-15,CUST-L3-001969,WK-SW-004,TXN-202401-09001969,defect,,fahmai_cs,pending
WC-202401-09007491,2024-01-09,2024-01-09,,2026-01-15,CUST-L3-007491,SKU-MASS-039,TXN-202401-09007491,defect,,fahmai_cs,pending
WC-202401-09010744,2024-01-09,2024-01-09,,2026-01-15,CUST-L3-010744,SKU-MASS-090,TXN-202401-09010744,defect,,fahmai_cs,pending
WC-202401-09014606,2024-01-09,2024-01-09,,2026-01-15,CUST-L3-014606,SKU-MASS-097,TXN-202401-09014606,defect,,fahmai_cs,pending
WC-202401-09019160,2024-01-09,2024-01-09,,2026-01-15,CUST-L3-019160,SKU-MASS-110,TXN-202401-09019160,defect,,fahmai_cs,pending
WC-202401-10005849,2024-01-10,2024-01-10,,2026-01-15,CUST-L3-005849,SKU-MASS-022,TXN-202401-10005849,defect,,fahmai_cs,pending
WC-202401-10025497,2024-01-10,2024-01-10,,2026-01-15,CUST-L3-025497,SKU-MASS-014,TXN-202401-10025497,defect,,fahmai_cs,pending
WC-202401-11002922,2024-01-11,2024-01-11,,2026-01-15,CUST-L3-002922,SKU-MASS-047,TXN-202401-11002922,defect,,fahmai_cs,pending
WC-202401-11004196,2024-01-11,2024-01-11,,2026-01-15,CUST-L3-004196,SKU-MASS-046,TXN-202401-11004196,defect,,fahmai_cs,pending
WC-202401-11021243,2024-01-11,2024-01-11,,2026-01-15,CUST-L3-021243,SKU-MASS-073,TXN-202401-11021243,defect,,fahmai_cs,pending
WC-202401-11029009,2024-01-11,2024-01-11,,2026-01-15,CUST-L3-029009,SKU-MASS-058,TXN-202401-11029009,defect,,fahmai_cs,pending
WC-202401-12004510,2024-01-12,2024-01-12,,2026-01-15,CUST-L3-004510,SKU-MASS-027,TXN-202401-12004510,defect,,fahmai_cs,pending
WC-202401-12007137,2024-01-12,2024-01-12,,2026-01-15,CUST-L3-007137,SKU-MASS-078,TXN-202401-12007137,defect,,fahmai_cs,pending
WC-202401-12009812,2024-01-12,2024-01-12,,2026-01-15,CUST-L3-009812,SKU-MASS-098,TXN-202401-12009812,defect,,fahmai_cs,pending
WC-202401-12019920,2024-01-12,2024-01-12,,2026-01-15,CUST-L3-019920,SKU-MASS-024,TXN-202401-12019920,defect,,fahmai_cs,pending
WC-202401-13001678,2024-01-13,2024-01-13,,2026-01-15,CUST-L3-001678,SKU-MASS-013,TXN-202401-13001678,defect,,fahmai_cs,pending
WC-202401-13009364,2024-01-13,2024-01-13,,2026-01-15,CUST-L3-009364,SKU-MASS-011,TXN-202401-13009364,defect,,fahmai_cs,pending
WC-202401-13009491,2024-01-13,2024-01-13,,2026-01-15,CUST-L3-009491,SKU-MASS-016,TXN-202401-13009491,defect,,fahmai_cs,pending
WC-202401-13017113,2024-01-13,2024-01-13,,2026-01-15,CUST-L3-017113,SKU-MASS-032,TXN-202401-13017113,defect,,fahmai_cs,pending
WC-202401-13025636,2024-01-13,2024-01-13,,2026-01-15,CUST-L3-025636,SKU-MASS-110,TXN-202401-13025636,defect,,fahmai_cs,pending
WC-202401-14002212,2024-01-14,2024-01-14,,2026-01-15,CUST-L3-002212,SKU-MASS-067,TXN-202401-14002212,defect,,fahmai_cs,pending
WC-202401-14014984,2024-01-14,2024-01-14,,2026-01-15,CUST-L3-014984,SKU-MASS-101,TXN-202401-14014984,defect,,fahmai_cs,pending
WC-202401-15001154,2024-01-15,2024-01-15,,2026-01-15,CUST-L3-001154,SKU-MASS-016,TXN-202401-15001154,defect,,fahmai_cs,pending
WC-202401-15006232,2024-01-15,2024-01-15,,2026-01-15,CUST-L3-006232,SKU-MASS-068,TXN-202401-15006232,defect,,fahmai_cs,pending
WC-202401-15011480,2024-01-15,2024-01-15,,2026-01-15,CUST-L3-011480,SKU-MASS-065,TXN-202401-15011480,defect,,fahmai_cs,pending
WC-202401-15012973,2024-01-15,2024-01-15,,2026-01-15,CUST-L3-012973,SKU-MASS-084,TXN-202401-15012973,defect,,fahmai_cs,pending
WC-202401-15014629,2024-01-15,2024-01-15,,2026-01-15,CUST-L3-014629,SKU-MASS-041,TXN-202401-15014629,defect,,fahmai_cs,pending
WC-202401-15022805,2024-01-15,2024-01-15,,2026-01-15,CUST-L3-022805,SKU-MASS-033,TXN-202401-15022805,defect,,fahmai_cs,pending
WC-202401-15023490,2024-01-15,2024-01-15,,2026-01-15,CUST-L3-023490,SKU-MASS-096,TXN-202401-15023490,defect,,fahmai_cs,pending
WC-202401-15023558,2024-01-15,2024-01-15,,2026-01-15,CUST-L3-023558,SKU-MASS-035,TXN-202401-15023558,defect,,fahmai_cs,pending
WC-202401-15026218,2024-01-15,2024-01-15,,2026-01-15,CUST-L3-026218,SKU-MASS-007,TXN-202401-15026218,defect,,fahmai_cs,pending
WC-202401-16003296,2024-01-16,2024-01-16,,2026-01-15,CUST-L3-003296,SKU-STD-001,TXN-202401-16003296,defect,,fahmai_cs,pending
WC-202401-16011979,2024-01-16,2024-01-16,,2026-01-15,CUST-L3-011979,SKU-MASS-036,TXN-202401-16011979,defect,,fahmai_cs,pending
WC-202401-16013360,2024-01-16,2024-01-16,,2026-01-15,CUST-L3-013360,SKU-MASS-007,TXN-202401-16013360,defect,,fahmai_cs,pending
WC-202401-16025532,2024-01-16,2024-01-16,,2026-01-15,CUST-L3-025532,SKU-MASS-098,TXN-202401-16025532,defect,,fahmai_cs,pending
WC-202401-17002306,2024-01-17,2024-01-17,,2026-01-15,CUST-L3-002306,SKU-MASS-033,TXN-202401-17002306,defect,,fahmai_cs,pending
WC-202401-17003474,2024-01-17,2024-01-17,,2026-01-15,CUST-L3-003474,SKU-MASS-091,TXN-202401-17003474,defect,,fahmai_cs,pending
WC-202401-17009145,2024-01-17,2024-01-17,,2026-01-15,CUST-L3-009145,SKU-MASS-046,TXN-202401-17009145,defect,,fahmai_cs,pending
WC-202401-17011659,2024-01-17,2024-01-17,,2026-01-15,CUST-L3-011659,SKU-MASS-077,TXN-202401-17011659,defect,,fahmai_cs,pending
WC-202401-17016988,2024-01-17,2024-01-17,,2026-01-15,CUST-L3-016988,SKU-MASS-071,TXN-202401-17016988,defect,,fahmai_cs,pending
WC-202401-17028508,2024-01-17,2024-01-17,,2026-01-15,CUST-L3-028508,SKU-MASS-053,TXN-202401-17028508,defect,,fahmai_cs,pending
WC-202401-18000771,2024-01-18,2024-01-18,,2026-01-15,CUST-L3-000771,SKU-MASS-019,TXN-202401-18000771,defect,,fahmai_cs,pending
WC-202401-18001329,2024-01-18,2024-01-18,,2026-01-15,CUST-L3-001329,SKU-MASS-055,TXN-202401-18001329,defect,,fahmai_cs,pending
WC-202401-18001798,2024-01-18,2024-01-18,,2026-01-15,CUST-L3-001798,SKU-MASS-034,TXN-202401-18001798,defect,,fahmai_cs,pending
WC-202401-18006442,2024-01-18,2024-01-18,,2026-01-15,CUST-L3-006442,SKU-MASS-018,TXN-202401-18006442,defect,,fahmai_cs,pending
WC-202401-18009109,2024-01-18,2024-01-18,,2026-01-15,CUST-L3-009109,SKU-MASS-045,TXN-202401-18009109,defect,,fahmai_cs,pending
WC-202401-18013019,2024-01-18,2024-01-18,,2026-01-15,CUST-L3-013019,SKU-MASS-044,TXN-202401-18013019,defect,,fahmai_cs,pending
WC-202401-19001048,2024-01-19,2024-01-19,,2026-01-15,CUST-L3-001048,WK-SW-004,TXN-202401-19001048,defect,,fahmai_cs,pending
WC-202401-19002259,2024-01-19,2024-01-19,,2026-01-15,CUST-L3-002259,SKU-MASS-043,TXN-202401-19002259,defect,,fahmai_cs,pending
WC-202401-19011266,2024-01-19,2024-01-19,,2026-01-15,CUST-L3-011266,SKU-MASS-075,TXN-202401-19011266,defect,,fahmai_cs,pending
WC-202401-19013906,2024-01-19,2024-01-19,,2026-01-15,CUST-L3-013906,SKU-MASS-084,TXN-202401-19013906,defect,,fahmai_cs,pending
WC-202401-19015357,2024-01-19,2024-01-19,,2026-01-15,CUST-L3-015357,SKU-MASS-106,TXN-202401-19015357,defect,,fahmai_cs,pending
WC-202401-19016314,2024-01-19,2024-01-19,,2026-01-15,CUST-L3-016314,SKU-MASS-034,TXN-202401-19016314,defect,,fahmai_cs,pending
WC-202401-19022025,2024-01-19,2024-01-19,,2026-01-15,CUST-L3-022025,SKU-MASS-010,TXN-202401-19022025,defect,,fahmai_cs,pending
WC-202401-19026246,2024-01-19,2024-01-19,,2026-01-15,CUST-L3-026246,SKU-MASS-067,TXN-202401-19026246,defect,,fahmai_cs,pending
WC-202401-20002349,2024-01-20,2024-01-20,,2026-01-15,CUST-L3-002349,SKU-MASS-014,TXN-202401-20002349,defect,,fahmai_cs,pending
WC-202401-20008261,2024-01-20,2024-01-20,,2026-01-15,CUST-L3-008261,SKU-MASS-037,TXN-202401-20008261,defect,,fahmai_cs,pending
WC-202401-20013166,2024-01-20,2024-01-20,,2026-01-15,CUST-L3-013166,SKU-MASS-023,TXN-202401-20013166,defect,,fahmai_cs,pending
WC-202401-20014295,2024-01-20,2024-01-20,,2026-01-15,CUST-L3-014295,SKU-MASS-089,TXN-202401-20014295,defect,,fahmai_cs,pending
WC-202401-20018045,2024-01-20,2024-01-20,,2026-01-15,CUST-L3-018045,SKU-MASS-041,TXN-202401-20018045,defect,,fahmai_cs,pending
WC-202401-20021682,2024-01-20,2024-01-20,,2026-01-15,CUST-L3-021682,SKU-MASS-041,TXN-202401-20021682,defect,,fahmai_cs,pending
WC-202401-20024326,2024-01-20,2024-01-20,,2026-01-15,CUST-L3-024326,SKU-MASS-044,TXN-202401-20024326,defect,,fahmai_cs,pending
WC-202401-21000657,2024-01-21,2024-01-21,,2026-01-15,CUST-L3-000657,SKU-MASS-088,TXN-202401-21000657,defect,,fahmai_cs,pending
WC-202401-21008409,2024-01-21,2024-01-21,,2026-01-15,CUST-L3-008409,SKU-MASS-070,TXN-202401-21008409,defect,,fahmai_cs,pending
WC-202401-21016625,2024-01-21,2024-01-21,,2026-01-15,CUST-L3-016625,SKU-MASS-048,TXN-202401-21016625,defect,,fahmai_cs,pending
WC-202401-22007777,2024-01-22,2024-01-22,,2026-01-15,CUST-L3-007777,AW-MN-001,TXN-202401-22007777,defect,,fahmai_cs,pending
WC-202401-22010853,2024-01-22,2024-01-22,,2026-01-15,CUST-L3-010853,SKU-MASS-046,TXN-202401-22010853,defect,,fahmai_cs,pending
WC-202401-22010923,2024-01-22,2024-01-22,,2026-01-15,CUST-L3-010923,SKU-MASS-064,TXN-202401-22010923,defect,,fahmai_cs,pending
WC-202401-22019481,2024-01-22,2024-01-22,,2026-01-15,CUST-L3-019481,SKU-MASS-064,TXN-202401-22019481,defect,,fahmai_cs,pending
WC-202401-22025843,2024-01-22,2024-01-22,,2026-01-15,CUST-L3-025843,SKU-MASS-034,TXN-202401-22025843,defect,,fahmai_cs,pending
WC-202401-23004617,2024-01-23,2024-01-23,,2026-01-15,CUST-L3-004617,SKU-MASS-058,TXN-202401-23004617,defect,,fahmai_cs,pending
WC-202401-23017555,2024-01-23,2024-01-23,,2026-01-15,CUST-L3-017555,SKU-MASS-106,TXN-202401-23017555,defect,,fahmai_cs,pending
WC-202401-24003342,2024-01-24,2024-01-24,,2026-01-15,CUST-L3-003342,SKU-MASS-019,TXN-202401-24003342,defect,,fahmai_cs,pending
WC-202401-24004037,2024-01-24,2024-01-24,,2026-01-15,CUST-L3-004037,SKU-MASS-017,TXN-202401-24004037,defect,,fahmai_cs,pending
WC-202401-24008734,2024-01-24,2024-01-24,,2026-01-15,CUST-L3-008734,SKU-MASS-076,TXN-202401-24008734,defect,,fahmai_cs,pending
WC-202401-24011649,2024-01-24,2024-01-24,,2026-01-15,CUST-L3-011649,SKU-MASS-074,TXN-202401-24011649,defect,,fahmai_cs,pending
WC-202401-24013928,2024-01-24,2024-01-24,,2026-01-15,CUST-L3-013928,SKU-MASS-096,TXN-202401-24013928,defect,,fahmai_cs,pending
WC-202401-24023525,2024-01-24,2024-01-24,,2026-01-15,CUST-L3-023525,SKU-MASS-103,TXN-202401-24023525,defect,,fahmai_cs,pending
WC-202401-24028231,2024-01-24,2024-01-24,,2026-01-15,CUST-L3-028231,SKU-MASS-104,TXN-202401-24028231,defect,,fahmai_cs,pending
WC-202401-25003406,2024-01-25,2024-01-25,,2026-01-15,CUST-L3-003406,SKU-MASS-035,TXN-202401-25003406,defect,,fahmai_cs,pending
WC-202401-25003540,2024-01-25,2024-01-25,,2026-01-15,CUST-L3-003540,SKU-MASS-099,TXN-202401-25003540,defect,,fahmai_cs,pending
WC-202401-25005878,2024-01-25,2024-01-25,,2026-01-15,CUST-L3-005878,SKU-MASS-098,TXN-202401-25005878,defect,,fahmai_cs,pending
WC-202401-25009350,2024-01-25,2024-01-25,,2026-01-15,CUST-L3-009350,SKU-MASS-007,TXN-202401-25009350,defect,,fahmai_cs,pending
WC-202401-25012015,2024-01-25,2024-01-25,,2026-01-15,CUST-L3-012015,SKU-MASS-041,TXN-202401-25012015,defect,,fahmai_cs,pending
WC-202401-25013655,2024-01-25,2024-01-25,,2026-01-15,CUST-L3-013655,SKU-MASS-085,TXN-202401-25013655,defect,,fahmai_cs,pending
WC-202401-26002260,2024-01-26,2024-01-26,,2026-01-15,CUST-L3-002260,SKU-MASS-071,TXN-202401-26002260,defect,,fahmai_cs,pending
WC-202401-26005890,2024-01-26,2024-01-26,,2026-01-15,CUST-L3-005890,DN-LT-010,TXN-202401-26005890,defect,,fahmai_cs,pending
WC-202401-26019489,2024-01-26,2024-01-26,,2026-01-15,CUST-L3-019489,SKU-MASS-109,TXN-202401-26019489,defect,,fahmai_cs,pending
WC-202401-27005111,2024-01-27,2024-01-27,,2026-01-15,CUST-L3-005111,SKU-MASS-046,TXN-202401-27005111,defect,,fahmai_cs,pending
WC-202401-27005575,2024-01-27,2024-01-27,,2026-01-15,CUST-L3-005575,SKU-MASS-049,TXN-202401-27005575,defect,,fahmai_cs,pending
WC-202401-27008470,2024-01-27,2024-01-27,,2026-01-15,CUST-L3-008470,SKU-MASS-022,TXN-202401-27008470,defect,,fahmai_cs,pending
WC-202401-27010273,2024-01-27,2024-01-27,,2026-01-15,CUST-L3-010273,SKU-MASS-091,TXN-202401-27010273,defect,,fahmai_cs,pending
WC-202401-27013092,2024-01-27,2024-01-27,,2026-01-15,CUST-L3-013092,SKU-MASS-108,TXN-202401-27013092,defect,,fahmai_cs,pending
WC-202401-27016238,2024-01-27,2024-01-27,,2026-01-15,CUST-L3-016238,SKU-MASS-068,TXN-202401-27016238,defect,,fahmai_cs,pending
WC-202401-28001571,2024-01-28,2024-01-28,,2026-01-15,CUST-L3-001571,SKU-MASS-024,TXN-202401-28001571,defect,,fahmai_cs,pending
WC-202401-28002693,2024-01-28,2024-01-28,,2026-01-15,CUST-L3-002693,SKU-MASS-108,TXN-202401-28002693,defect,,fahmai_cs,pending
WC-202401-28003802,2024-01-28,2024-01-28,,2026-01-15,CUST-L3-003802,SKU-MASS-096,TXN-202401-28003802,defect,,fahmai_cs,pending
WC-202401-28009572,2024-01-28,2024-01-28,,2026-01-15,CUST-L3-009572,SKU-MASS-037,TXN-202401-28009572,defect,,fahmai_cs,pending
WC-202401-28010219,2024-01-28,2024-01-28,,2026-01-15,CUST-L3-010219,SKU-STD-001,TXN-202401-28010219,defect,,fahmai_cs,pending
WC-202401-28020037,2024-01-28,2024-01-28,,2026-01-15,CUST-L3-020037,SKU-MASS-011,TXN-202401-28020037,defect,,fahmai_cs,pending
WC-202401-29006779,2024-01-29,2024-01-29,,2026-01-15,CUST-L3-006779,SKU-MASS-031,TXN-202401-29006779,defect,,fahmai_cs,pending
WC-202401-29008832,2024-01-29,2024-01-29,,2026-01-15,CUST-L3-008832,SKU-MASS-055,TXN-202401-29008832,defect,,fahmai_cs,pending
WC-202401-29009138,2024-01-29,2024-01-29,,2026-01-15,CUST-L3-009138,SKU-MASS-013,TXN-202401-29009138,defect,,fahmai_cs,pending
WC-202401-29010655,2024-01-29,2024-01-29,,2026-01-15,CUST-L3-010655,SKU-MASS-081,TXN-202401-29010655,defect,,fahmai_cs,pending
WC-202401-29028467,2024-01-29,2024-01-29,,2026-01-15,CUST-L3-028467,NT-LT-001,TXN-202401-29028467,defect,,fahmai_cs,pending
WC-202401-30008631,2024-01-30,2024-01-30,,2026-01-15,CUST-L3-008631,SKU-MASS-037,TXN-202401-30008631,defect,,fahmai_cs,pending
WC-202401-30011902,2024-01-30,2024-01-30,,2026-01-15,CUST-L3-011902,SKU-MASS-019,TXN-202401-30011902,defect,,fahmai_cs,pending
WC-202401-30015515,2024-01-30,2024-01-30,,2026-01-15,CUST-L3-015515,SKU-MASS-051,TXN-202401-30015515,defect,,fahmai_cs,pending
WC-202401-31009509,2024-01-31,2024-01-31,,2026-01-15,CUST-L3-009509,SKU-MASS-091,TXN-202401-31009509,defect,,fahmai_cs,pending
WC-202401-31012520,2024-01-31,2024-01-31,,2026-01-15,CUST-L3-012520,SKU-MASS-057,TXN-202401-31012520,defect,,fahmai_cs,pending
WC-202401-31013123,2024-01-31,2024-01-31,,2026-01-15,CUST-L3-013123,SKU-MASS-095,TXN-202401-31013123,defect,,fahmai_cs,pending
WC-202401-31019896,2024-01-31,2024-01-31,,2026-01-15,CUST-L3-019896,SKU-MASS-075,TXN-202401-31019896,defect,,fahmai_cs,pending
WC-202401-31022506,2024-01-31,2024-01-31,,2026-01-15,CUST-L3-022506,SKU-MASS-072,TXN-202401-31022506,defect,,fahmai_cs,pending
WC-202401-31024169,2024-01-31,2024-01-31,,2026-01-15,CUST-L3-024169,SKU-MASS-047,TXN-202401-31024169,defect,,fahmai_cs,pending
WC-202401-31024662,2024-01-31,2024-01-31,,2026-01-15,CUST-L3-024662,DN-LT-010,TXN-202401-31024662,defect,,fahmai_cs,pending
WC-202401-31024880,2024-01-31,2024-01-31,,2026-01-15,CUST-L3-024880,SKU-MASS-039,TXN-202401-31024880,defect,,fahmai_cs,pending
WC-202402-01002198,2024-02-01,2024-02-01,,2026-01-15,CUST-L3-002198,SKU-MASS-061,TXN-202402-01002198,defect,,fahmai_cs,pending
WC-202402-01006174,2024-02-01,2024-02-01,,2026-01-15,CUST-L3-006174,SKU-MASS-063,TXN-202402-01006174,defect,,fahmai_cs,pending
WC-202402-01008831,2024-02-01,2024-02-01,,2026-01-15,CUST-L3-008831,SKU-MASS-016,TXN-202402-01008831,defect,,fahmai_cs,pending
WC-202402-01010706,2024-02-01,2024-02-01,,2026-01-15,CUST-L3-010706,SKU-MASS-059,TXN-202402-01010706,defect,,fahmai_cs,pending
WC-202402-01013142,2024-02-01,2024-02-01,,2026-01-15,CUST-L3-013142,SKU-MASS-077,TXN-202402-01013142,defect,,fahmai_cs,pending
WC-202402-01015769,2024-02-01,2024-02-01,,2026-01-15,CUST-L3-015769,SKU-MASS-060,TXN-202402-01015769,defect,,fahmai_cs,pending
WC-202402-01022457,2024-02-01,2024-02-01,,2026-01-15,CUST-L3-022457,SKU-MASS-022,TXN-202402-01022457,defect,,fahmai_cs,pending
WC-202402-02003533,2024-02-02,2024-02-02,,2026-01-15,CUST-L3-003533,SKU-MASS-080,TXN-202402-02003533,defect,,fahmai_cs,pending
WC-202402-02004489,2024-02-02,2024-02-02,,2026-01-15,CUST-L3-004489,SKU-MASS-076,TXN-202402-02004489,defect,,fahmai_cs,pending
WC-202402-02013488,2024-02-02,2024-02-02,,2026-01-15,CUST-L3-013488,SKU-MASS-054,TXN-202402-02013488,defect,,fahmai_cs,pending
WC-202402-02019063,2024-02-02,2024-02-02,,2026-01-15,CUST-L3-019063,SKU-MASS-013,TXN-202402-02019063,defect,,fahmai_cs,pending
WC-202402-02028826,2024-02-02,2024-02-02,,2026-01-15,CUST-L3-028826,SKU-MASS-048,TXN-202402-02028826,defect,,fahmai_cs,pending
WC-202402-03000276,2024-02-03,2024-02-03,,2026-01-15,CUST-L3-000276,SKU-MASS-020,TXN-202402-03000276,defect,,fahmai_cs,pending
WC-202402-03001631,2024-02-03,2024-02-03,,2026-01-15,CUST-L3-001631,SKU-MASS-027,TXN-202402-03001631,defect,,fahmai_cs,pending
WC-202402-03006741,2024-02-03,2024-02-03,,2026-01-15,CUST-L3-006741,SKU-MASS-036,TXN-202402-03006741,defect,,fahmai_cs,pending
WC-202402-03007818,2024-02-03,2024-02-03,,2026-01-15,CUST-L3-007818,SKU-MASS-077,TXN-202402-03007818,defect,,fahmai_cs,pending
WC-202402-03021137,2024-02-03,2024-02-03,,2026-01-15,CUST-L3-021137,SKU-MASS-061,TXN-202402-03021137,defect,,fahmai_cs,pending
WC-202402-03028557,2024-02-03,2024-02-03,,2026-01-15,CUST-L3-028557,SKU-MASS-048,TXN-202402-03028557,defect,,fahmai_cs,pending
WC-202402-03029593,2024-02-03,2024-02-03,,2026-01-15,CUST-L3-029593,SKU-MASS-015,TXN-202402-03029593,defect,,fahmai_cs,pending
WC-202402-04004451,2024-02-04,2024-02-04,,2026-01-15,CUST-L3-004451,SKU-MASS-029,TXN-202402-04004451,defect,,fahmai_cs,pending
WC-202402-04014455,2024-02-04,2024-02-04,,2026-01-15,CUST-L3-014455,SKU-MASS-104,TXN-202402-04014455,defect,,fahmai_cs,pending
WC-202402-04020650,2024-02-04,2024-02-04,,2026-01-15,CUST-L3-020650,SKU-MASS-096,TXN-202402-04020650,defect,,fahmai_cs,pending
WC-202402-04026704,2024-02-04,2024-02-04,,2026-01-15,CUST-L3-026704,SKU-MASS-027,TXN-202402-04026704,defect,,fahmai_cs,pending
WC-202402-05005132,2024-02-05,2024-02-05,,2026-01-15,CUST-L3-005132,SKU-MASS-081,TXN-202402-05005132,defect,,fahmai_cs,pending
WC-202402-05009526,2024-02-05,2024-02-05,,2026-01-15,CUST-L3-009526,SKU-MASS-011,TXN-202402-05009526,defect,,fahmai_cs,pending
WC-202402-05011856,2024-02-05,2024-02-05,,2026-01-15,CUST-L3-011856,SKU-MASS-017,TXN-202402-05011856,defect,,fahmai_cs,pending
WC-202402-05029647,2024-02-05,2024-02-05,,2026-01-15,CUST-L3-029647,SKU-MASS-079,TXN-202402-05029647,defect,,fahmai_cs,pending
WC-202402-06002862,2024-02-06,2024-02-06,,2026-01-15,CUST-L3-002862,SKU-MASS-018,TXN-202402-06002862,defect,,fahmai_cs,pending
WC-202402-06003370,2024-02-06,2024-02-06,,2026-01-15,CUST-L3-003370,SKU-MASS-067,TXN-202402-06003370,defect,,fahmai_cs,pending
WC-202402-06004766,2024-02-06,2024-02-06,,2026-01-15,CUST-L3-004766,SKU-MASS-107,TXN-202402-06004766,defect,,fahmai_cs,pending
WC-202402-06006410,2024-02-06,2024-02-06,,2026-01-15,CUST-L3-006410,SKU-MASS-090,TXN-202402-06006410,defect,,fahmai_cs,pending
WC-202402-06010862,2024-02-06,2024-02-06,,2026-01-15,CUST-L3-010862,SKU-MASS-033,TXN-202402-06010862,defect,,fahmai_cs,pending
WC-202402-06011156,2024-02-06,2024-02-06,,2026-01-15,CUST-L3-011156,SKU-MASS-042,TXN-202402-06011156,defect,,fahmai_cs,pending
WC-202402-06026331,2024-02-06,2024-02-06,,2026-01-15,CUST-L3-026331,SKU-MASS-062,TXN-202402-06026331,defect,,fahmai_cs,pending
WC-202402-07006042,2024-02-07,2024-02-07,,2026-01-15,CUST-L3-006042,SKU-MASS-023,TXN-202402-07006042,defect,,fahmai_cs,pending
WC-202402-07012565,2024-02-07,2024-02-07,,2026-01-15,CUST-L3-012565,SKU-MASS-033,TXN-202402-07012565,defect,,fahmai_cs,pending
WC-202402-07020603,2024-02-07,2024-02-07,,2026-01-15,CUST-L3-020603,SKU-MASS-069,TXN-202402-07020603,defect,,fahmai_cs,pending
WC-202402-07023599,2024-02-07,2024-02-07,,2026-01-15,CUST-L3-023599,SKU-MASS-083,TXN-202402-07023599,defect,,fahmai_cs,pending
WC-202402-07024678,2024-02-07,2024-02-07,,2026-01-15,CUST-L3-024678,SKU-MASS-054,TXN-202402-07024678,defect,,fahmai_cs,pending
WC-202402-07028571,2024-02-07,2024-02-07,,2026-01-15,CUST-L3-028571,SKU-MASS-046,TXN-202402-07028571,defect,,fahmai_cs,pending
WC-202402-08000112,2024-02-08,2024-02-08,,2026-01-15,CUST-L3-000112,SKU-MASS-011,TXN-202402-08000112,defect,,fahmai_cs,pending
WC-202402-08006786,2024-02-08,2024-02-08,,2026-01-15,CUST-L3-006786,SKU-MASS-109,TXN-202402-08006786,defect,,fahmai_cs,pending
WC-202402-08007051,2024-02-08,2024-02-08,,2026-01-15,CUST-L3-007051,SKU-MASS-107,TXN-202402-08007051,defect,,fahmai_cs,pending
WC-202402-08009575,2024-02-08,2024-02-08,,2026-01-15,CUST-L3-009575,SKU-MASS-014,TXN-202402-08009575,defect,,fahmai_cs,pending
WC-202402-08016424,2024-02-08,2024-02-08,,2026-01-15,CUST-L3-016424,SKU-MASS-072,TXN-202402-08016424,defect,,fahmai_cs,pending
WC-202402-08021160,2024-02-08,2024-02-08,,2026-01-15,CUST-L3-021160,SKU-MASS-082,TXN-202402-08021160,defect,,fahmai_cs,pending
WC-202402-08025303,2024-02-08,2024-02-08,,2026-01-15,CUST-L3-025303,SKU-MASS-048,TXN-202402-08025303,defect,,fahmai_cs,pending
WC-202402-08028727,2024-02-08,2024-02-08,,2026-01-15,CUST-L3-028727,SKU-MASS-070,TXN-202402-08028727,defect,,fahmai_cs,pending
WC-202402-09003113,2024-02-09,2024-02-09,,2026-01-15,CUST-L3-003113,SKU-MASS-015,TXN-202402-09003113,defect,,fahmai_cs,pending
WC-202402-09009427,2024-02-09,2024-02-09,,2026-01-15,CUST-L3-009427,SKU-MASS-028,TXN-202402-09009427,defect,,fahmai_cs,pending
WC-202402-09010584,2024-02-09,2024-02-09,,2026-01-15,CUST-L3-010584,SKU-MASS-108,TXN-202402-09010584,defect,,fahmai_cs,pending
WC-202402-09028843,2024-02-09,2024-02-09,,2026-01-15,CUST-L3-028843,SKU-MASS-021,TXN-202402-09028843,defect,,fahmai_cs,pending
WC-202402-09029297,2024-02-09,2024-02-09,,2026-01-15,CUST-L3-029297,SKU-MASS-046,TXN-202402-09029297,defect,,fahmai_cs,pending
WC-202402-09029738,2024-02-09,2024-02-09,,2026-01-15,CUST-L3-029738,SKU-MASS-076,TXN-202402-09029738,defect,,fahmai_cs,pending
WC-202402-10003692,2024-02-10,2024-02-10,,2026-01-15,CUST-L3-003692,SKU-MASS-056,TXN-202402-10003692,defect,,fahmai_cs,pending
WC-202402-10006895,2024-02-10,2024-02-10,,2026-01-15,CUST-L3-006895,SKU-MASS-072,TXN-202402-10006895,defect,,fahmai_cs,pending
WC-202402-10010414,2024-02-10,2024-02-10,,2026-01-15,CUST-L3-010414,SKU-MASS-010,TXN-202402-10010414,defect,,fahmai_cs,pending
WC-202402-11000891,2024-02-11,2024-02-11,,2026-01-15,CUST-L3-000891,SKU-MASS-082,TXN-202402-11000891,defect,,fahmai_cs,pending
WC-202402-11007428,2024-02-11,2024-02-11,,2026-01-15,CUST-L3-007428,SKU-MASS-075,TXN-202402-11007428,defect,,fahmai_cs,pending
WC-202402-11018905,2024-02-11,2024-02-11,,2026-01-15,CUST-L3-018905,SKU-MASS-025,TXN-202402-11018905,defect,,fahmai_cs,pending
WC-202402-11023724,2024-02-11,2024-02-11,,2026-01-15,CUST-L3-023724,SKU-MASS-093,TXN-202402-11023724,defect,,fahmai_cs,pending
WC-202402-11026408,2024-02-11,2024-02-11,,2026-01-15,CUST-L3-026408,SKU-MASS-056,TXN-202402-11026408,defect,,fahmai_cs,pending
WC-202402-12000402,2024-02-12,2024-02-12,,2026-01-15,CUST-L3-000402,SKU-MASS-103,TXN-202402-12000402,defect,,fahmai_cs,pending
WC-202402-12003232,2024-02-12,2024-02-12,,2026-01-15,CUST-L3-003232,DN-LT-010,TXN-202402-12003232,defect,,fahmai_cs,pending
WC-202402-12024865,2024-02-12,2024-02-12,,2026-01-15,CUST-L3-024865,SKU-MASS-097,TXN-202402-12024865,defect,,fahmai_cs,pending
WC-202402-12026091,2024-02-12,2024-02-12,,2026-01-15,CUST-L3-026091,AW-MN-001,TXN-202402-12026091,defect,,fahmai_cs,pending
WC-202402-12026347,2024-02-12,2024-02-12,,2026-01-15,CUST-L3-026347,SKU-MASS-021,TXN-202402-12026347,defect,,fahmai_cs,pending
WC-202402-13008562,2024-02-13,2024-02-13,,2026-01-15,CUST-L3-008562,SKU-MASS-092,TXN-202402-13008562,defect,,fahmai_cs,pending
WC-202402-13013230,2024-02-13,2024-02-13,,2026-01-15,CUST-L3-013230,SKU-MASS-011,TXN-202402-13013230,defect,,fahmai_cs,pending
WC-202402-13025524,2024-02-13,2024-02-13,,2026-01-15,CUST-L3-025524,SKU-MASS-044,TXN-202402-13025524,defect,,fahmai_cs,pending
WC-202402-13027685,2024-02-13,2024-02-13,,2026-01-15,CUST-L3-027685,SKU-MASS-041,TXN-202402-13027685,defect,,fahmai_cs,pending
WC-202402-14001518,2024-02-14,2024-02-14,,2026-01-15,CUST-L3-001518,SKU-MASS-054,TXN-202402-14001518,defect,,fahmai_cs,pending
WC-202402-14018447,2024-02-14,2024-02-14,,2026-01-15,CUST-L3-018447,SKU-MASS-007,TXN-202402-14018447,defect,,fahmai_cs,pending
WC-202402-14019432,2024-02-14,2024-02-14,,2026-01-15,CUST-L3-019432,SKU-MASS-085,TXN-202402-14019432,defect,,fahmai_cs,pending
WC-202402-15000519,2024-02-15,2024-02-15,,2026-01-15,CUST-L3-000519,SKU-MASS-067,TXN-202402-15000519,defect,,fahmai_cs,pending
WC-202402-15003307,2024-02-15,2024-02-15,,2026-01-15,CUST-L3-003307,SKU-MASS-020,TXN-202402-15003307,defect,,fahmai_cs,pending
WC-202402-15005784,2024-02-15,2024-02-15,,2026-01-15,CUST-L3-005784,SKU-MASS-067,TXN-202402-15005784,defect,,fahmai_cs,pending
WC-202402-15008083,2024-02-15,2024-02-15,,2026-01-15,CUST-L3-008083,SKU-MASS-028,TXN-202402-15008083,defect,,fahmai_cs,pending
WC-202402-15012906,2024-02-15,2024-02-15,,2026-01-15,CUST-L3-012906,SKU-MASS-076,TXN-202402-15012906,defect,,fahmai_cs,pending
WC-202402-15013284,2024-02-15,2024-02-15,,2026-01-15,CUST-L3-013284,SKU-MASS-051,TXN-202402-15013284,defect,,fahmai_cs,pending
WC-202402-15014298,2024-02-15,2024-02-15,,2026-01-15,CUST-L3-014298,SKU-MASS-034,TXN-202402-15014298,defect,,fahmai_cs,pending
WC-202402-15016992,2024-02-15,2024-02-15,,2026-01-15,CUST-L3-016992,SKU-MASS-088,TXN-202402-15016992,defect,,fahmai_cs,pending
WC-202402-15027003,2024-02-15,2024-02-15,,2026-01-15,CUST-L3-027003,SKU-MASS-068,TXN-202402-15027003,defect,,fahmai_cs,pending
WC-202402-15027605,2024-02-15,2024-02-15,,2026-01-15,CUST-L3-027605,SKU-MASS-052,TXN-202402-15027605,defect,,fahmai_cs,pending
WC-202402-15028053,2024-02-15,2024-02-15,,2026-01-15,CUST-L3-028053,SKU-MASS-037,TXN-202402-15028053,defect,,fahmai_cs,pending
WC-202402-16004768,2024-02-16,2024-02-16,,2026-01-15,CUST-L3-004768,SKU-MASS-103,TXN-202402-16004768,defect,,fahmai_cs,pending
WC-202402-16011464,2024-02-16,2024-02-16,,2026-01-15,CUST-L3-011464,SKU-MASS-110,TXN-202402-16011464,defect,,fahmai_cs,pending
WC-202402-16022982,2024-02-16,2024-02-16,,2026-01-15,CUST-L3-022982,SKU-MASS-086,TXN-202402-16022982,defect,,fahmai_cs,pending
WC-202402-17001066,2024-02-17,2024-02-17,,2026-01-15,CUST-L3-001066,SKU-MASS-064,TXN-202402-17001066,defect,,fahmai_cs,pending
WC-202402-17013814,2024-02-17,2024-02-17,,2026-01-15,CUST-L3-013814,SKU-MASS-065,TXN-202402-17013814,defect,,fahmai_cs,pending
WC-202402-17018937,2024-02-17,2024-02-17,,2026-01-15,CUST-L3-018937,SKU-MASS-014,TXN-202402-17018937,defect,,fahmai_cs,pending
WC-202402-18010136,2024-02-18,2024-02-18,,2026-01-15,CUST-L3-010136,SKU-MASS-099,TXN-202402-18010136,defect,,fahmai_cs,pending
WC-202402-18010485,2024-02-18,2024-02-18,,2026-01-15,CUST-L3-010485,SKU-MASS-043,TXN-202402-18010485,defect,,fahmai_cs,pending
WC-202402-18012230,2024-02-18,2024-02-18,,2026-01-15,CUST-L3-012230,SKU-MASS-097,TXN-202402-18012230,defect,,fahmai_cs,pending
WC-202402-18018267,2024-02-18,2024-02-18,,2026-01-15,CUST-L3-018267,SKU-MASS-080,TXN-202402-18018267,defect,,fahmai_cs,pending
WC-202402-18024696,2024-02-18,2024-02-18,,2026-01-15,CUST-L3-024696,SKU-MASS-040,TXN-202402-18024696,defect,,fahmai_cs,pending
WC-202402-19003487,2024-02-19,2024-02-19,,2026-01-15,CUST-L3-003487,SKU-MASS-102,TXN-202402-19003487,defect,,fahmai_cs,pending
WC-202402-19012897,2024-02-19,2024-02-19,,2026-01-15,CUST-L3-012897,SKU-MASS-025,TXN-202402-19012897,defect,,fahmai_cs,pending
WC-202402-19013091,2024-02-19,2024-02-19,,2026-01-15,CUST-L3-013091,SKU-MASS-030,TXN-202402-19013091,defect,,fahmai_cs,pending
WC-202402-19016419,2024-02-19,2024-02-19,,2026-01-15,CUST-L3-016419,SKU-MASS-060,TXN-202402-19016419,defect,,fahmai_cs,pending
WC-202402-20000029,2024-02-20,2024-02-20,,2026-01-15,CUST-L3-000029,SKU-MASS-067,TXN-202402-20000029,defect,,fahmai_cs,pending
WC-202402-20002559,2024-02-20,2024-02-20,,2026-01-15,CUST-L3-002559,SKU-MASS-076,TXN-202402-20002559,defect,,fahmai_cs,pending
WC-202402-20006316,2024-02-20,2024-02-20,,2026-01-15,CUST-L3-006316,NT-LT-001,TXN-202402-20006316,defect,,fahmai_cs,pending
WC-202402-20016299,2024-02-20,2024-02-20,,2026-01-15,CUST-L3-016299,SKU-MASS-014,TXN-202402-20016299,defect,,fahmai_cs,pending
WC-202402-20016328,2024-02-20,2024-02-20,,2026-01-15,CUST-L3-016328,SKU-MASS-081,TXN-202402-20016328,defect,,fahmai_cs,pending
WC-202402-20024070,2024-02-20,2024-02-20,,2026-01-15,CUST-L3-024070,SKU-MASS-026,TXN-202402-20024070,defect,,fahmai_cs,pending
WC-202402-20025172,2024-02-20,2024-02-20,,2026-01-15,CUST-L3-025172,SKU-MASS-105,TXN-202402-20025172,defect,,fahmai_cs,pending
WC-202402-20027819,2024-02-20,2024-02-20,,2026-01-15,CUST-L3-027819,SKU-MASS-073,TXN-202402-20027819,defect,,fahmai_cs,pending
WC-202402-21012199,2024-02-21,2024-02-21,,2026-01-15,CUST-L3-012199,SKU-MASS-109,TXN-202402-21012199,defect,,fahmai_cs,pending
WC-202402-21013407,2024-02-21,2024-02-21,,2026-01-15,CUST-L3-013407,SKU-MASS-104,TXN-202402-21013407,defect,,fahmai_cs,pending
WC-202402-21018012,2024-02-21,2024-02-21,,2026-01-15,CUST-L3-018012,SKU-MASS-083,TXN-202402-21018012,defect,,fahmai_cs,pending
WC-202402-21021185,2024-02-21,2024-02-21,,2026-01-15,CUST-L3-021185,SKU-MASS-052,TXN-202402-21021185,defect,,fahmai_cs,pending
WC-202402-21026399,2024-02-21,2024-02-21,,2026-01-15,CUST-L3-026399,SKU-MASS-048,TXN-202402-21026399,defect,,fahmai_cs,pending
WC-202402-21028336,2024-02-21,2024-02-21,,2026-01-15,CUST-L3-028336,SKU-MASS-096,TXN-202402-21028336,defect,,fahmai_cs,pending
WC-202402-21029816,2024-02-21,2024-02-21,,2026-01-15,CUST-L3-029816,SKU-MASS-008,TXN-202402-21029816,defect,,fahmai_cs,pending
WC-202402-22003156,2024-02-22,2024-02-22,,2026-01-15,CUST-L3-003156,SKU-MASS-078,TXN-202402-22003156,defect,,fahmai_cs,pending
WC-202402-22005610,2024-02-22,2024-02-22,,2026-01-15,CUST-L3-005610,SKU-MASS-053,TXN-202402-22005610,defect,,fahmai_cs,pending
WC-202402-22010090,2024-02-22,2024-02-22,,2026-01-15,CUST-L3-010090,SKU-MASS-047,TXN-202402-22010090,defect,,fahmai_cs,pending
WC-202402-22012370,2024-02-22,2024-02-22,,2026-01-15,CUST-L3-012370,SKU-MASS-032,TXN-202402-22012370,defect,,fahmai_cs,pending
WC-202402-22029013,2024-02-22,2024-02-22,,2026-01-15,CUST-L3-029013,SKU-MASS-105,TXN-202402-22029013,defect,,fahmai_cs,pending
WC-202402-23012381,2024-02-23,2024-02-23,,2026-01-15,CUST-L3-012381,SKU-MASS-034,TXN-202402-23012381,defect,,fahmai_cs,pending
WC-202402-23012523,2024-02-23,2024-02-23,,2026-01-15,CUST-L3-012523,WK-SW-004,TXN-202402-23012523,defect,,fahmai_cs,pending
WC-202402-23016720,2024-02-23,2024-02-23,,2026-01-15,CUST-L3-016720,SKU-MASS-029,TXN-202402-23016720,defect,,fahmai_cs,pending
WC-202402-23018363,2024-02-23,2024-02-23,,2026-01-15,CUST-L3-018363,SKU-MASS-016,TXN-202402-23018363,defect,,fahmai_cs,pending
WC-202402-23028377,2024-02-23,2024-02-23,,2026-01-15,CUST-L3-028377,SKU-MASS-053,TXN-202402-23028377,defect,,fahmai_cs,pending
WC-202402-24009154,2024-02-24,2024-02-24,,2026-01-15,CUST-L3-009154,SKU-MASS-042,TXN-202402-24009154,defect,,fahmai_cs,pending
WC-202402-24014082,2024-02-24,2024-02-24,,2026-01-15,CUST-L3-014082,SKU-MASS-022,TXN-202402-24014082,defect,,fahmai_cs,pending
WC-202402-24017441,2024-02-24,2024-02-24,,2026-01-15,CUST-L3-017441,SKU-MASS-028,TXN-202402-24017441,defect,,fahmai_cs,pending
WC-202402-24021851,2024-02-24,2024-02-24,,2026-01-15,CUST-L3-021851,SKU-MASS-022,TXN-202402-24021851,defect,,fahmai_cs,pending
WC-202402-24026959,2024-02-24,2024-02-24,,2026-01-15,CUST-L3-026959,SKU-MASS-011,TXN-202402-24026959,defect,,fahmai_cs,pending
WC-202402-25000843,2024-02-25,2024-02-25,,2026-01-15,CUST-L3-000843,SKU-MASS-014,TXN-202402-25000843,defect,,fahmai_cs,pending
WC-202402-25003557,2024-02-25,2024-02-25,,2026-01-15,CUST-L3-003557,SKU-MASS-053,TXN-202402-25003557,defect,,fahmai_cs,pending
WC-202402-25012609,2024-02-25,2024-02-25,,2026-01-15,CUST-L3-012609,SKU-MASS-073,TXN-202402-25012609,defect,,fahmai_cs,pending
WC-202402-25013348,2024-02-25,2024-02-25,,2026-01-15,CUST-L3-013348,SKU-MASS-067,TXN-202402-25013348,defect,,fahmai_cs,pending
WC-202402-25023360,2024-02-25,2024-02-25,,2026-01-15,CUST-L3-023360,DN-LT-010,TXN-202402-25023360,defect,,fahmai_cs,pending
WC-202402-26008918,2024-02-26,2024-02-26,,2026-01-15,CUST-L3-008918,SKU-MASS-013,TXN-202402-26008918,defect,,fahmai_cs,pending
WC-202402-26011407,2024-02-26,2024-02-26,,2026-01-15,CUST-L3-011407,SKU-MASS-031,TXN-202402-26011407,defect,,fahmai_cs,pending
WC-202402-26012623,2024-02-26,2024-02-26,,2026-01-15,CUST-L3-012623,SKU-MASS-079,TXN-202402-26012623,defect,,fahmai_cs,pending
WC-202402-26021123,2024-02-26,2024-02-26,,2026-01-15,CUST-L3-021123,SKU-MASS-063,TXN-202402-26021123,defect,,fahmai_cs,pending
WC-202402-26023638,2024-02-26,2024-02-26,,2026-01-15,CUST-L3-023638,SKU-MASS-067,TXN-202402-26023638,defect,,fahmai_cs,pending
WC-202402-26027696,2024-02-26,2024-02-26,,2026-01-15,CUST-L3-027696,SKU-MASS-021,TXN-202402-26027696,defect,,fahmai_cs,pending
WC-202402-27000812,2024-02-27,2024-02-27,,2026-01-15,CUST-L3-000812,SKU-MASS-090,TXN-202402-27000812,defect,,fahmai_cs,pending
WC-202402-27001979,2024-02-27,2024-02-27,,2026-01-15,CUST-L3-001979,SKU-MASS-022,TXN-202402-27001979,defect,,fahmai_cs,pending
WC-202402-27002206,2024-02-27,2024-02-27,,2026-01-15,CUST-L3-002206,SKU-MASS-021,TXN-202402-27002206,defect,,fahmai_cs,pending
WC-202402-27008889,2024-02-27,2024-02-27,,2026-01-15,CUST-L3-008889,SKU-MASS-054,TXN-202402-27008889,defect,,fahmai_cs,pending
WC-202402-27013195,2024-02-27,2024-02-27,,2026-01-15,CUST-L3-013195,SKU-MASS-076,TXN-202402-27013195,defect,,fahmai_cs,pending
WC-202402-27015046,2024-02-27,2024-02-27,,2026-01-15,CUST-L3-015046,SKU-MASS-056,TXN-202402-27015046,defect,,fahmai_cs,pending
WC-202402-27019352,2024-02-27,2024-02-27,,2026-01-15,CUST-L3-019352,SKU-MASS-069,TXN-202402-27019352,defect,,fahmai_cs,pending
WC-202402-27027467,2024-02-27,2024-02-27,,2026-01-15,CUST-L3-027467,SKU-MASS-074,TXN-202402-27027467,defect,,fahmai_cs,pending
WC-202402-28006150,2024-02-28,2024-02-28,,2026-01-15,CUST-L3-006150,SKU-MASS-028,TXN-202402-28006150,defect,,fahmai_cs,pending
WC-202402-28008338,2024-02-28,2024-02-28,,2026-01-15,CUST-L3-008338,SKU-MASS-054,TXN-202402-28008338,defect,,fahmai_cs,pending
WC-202402-28019563,2024-02-28,2024-02-28,,2026-01-15,CUST-L3-019563,SKU-MASS-090,TXN-202402-28019563,defect,,fahmai_cs,pending
WC-202402-29002706,2024-02-29,2024-02-29,,2026-01-15,CUST-L3-002706,SKU-MASS-048,TXN-202402-29002706,defect,,fahmai_cs,pending
WC-202402-29009799,2024-02-29,2024-02-29,,2026-01-15,CUST-L3-009799,SKU-MASS-083,TXN-202402-29009799,defect,,fahmai_cs,pending
WC-202402-29020171,2024-02-29,2024-02-29,,2026-01-15,CUST-L3-020171,SKU-MASS-014,TXN-202402-29020171,defect,,fahmai_cs,pending
WC-202402-29021428,2024-02-29,2024-02-29,,2026-01-15,CUST-L3-021428,SKU-MASS-039,TXN-202402-29021428,defect,,fahmai_cs,pending
WC-202402-29023372,2024-02-29,2024-02-29,,2026-01-15,CUST-L3-023372,SKU-MASS-080,TXN-202402-29023372,defect,,fahmai_cs,pending
WC-202402-29025298,2024-02-29,2024-02-29,,2026-01-15,CUST-L3-025298,SKU-MASS-009,TXN-202402-29025298,defect,,fahmai_cs,pending
WC-202402-29029131,2024-02-29,2024-02-29,,2026-01-15,CUST-L3-029131,SKU-MASS-090,TXN-202402-29029131,defect,,fahmai_cs,pending
WC-202403-01009003,2024-03-01,2024-03-01,,2026-01-15,CUST-L3-009003,SKU-MASS-086,TXN-202403-01009003,defect,,fahmai_cs,pending
WC-202403-01013298,2024-03-01,2024-03-01,,2026-01-15,CUST-L3-013298,SKU-MASS-049,TXN-202403-01013298,defect,,fahmai_cs,pending
WC-202403-01016446,2024-03-01,2024-03-01,,2026-01-15,CUST-L3-016446,SKU-MASS-092,TXN-202403-01016446,defect,,fahmai_cs,pending
WC-202403-01020509,2024-03-01,2024-03-01,,2026-01-15,CUST-L3-020509,SKU-MASS-065,TXN-202403-01020509,defect,,fahmai_cs,pending
WC-202403-01020917,2024-03-01,2024-03-01,,2026-01-15,CUST-L3-020917,SKU-MASS-104,TXN-202403-01020917,defect,,fahmai_cs,pending
WC-202403-01022829,2024-03-01,2024-03-01,,2026-01-15,CUST-L3-022829,SKU-MASS-107,TXN-202403-01022829,defect,,fahmai_cs,pending
WC-202403-02009197,2024-03-02,2024-03-02,,2026-01-15,CUST-L3-009197,SKU-MASS-048,TXN-202403-02009197,defect,,fahmai_cs,pending
WC-202403-02015113,2024-03-02,2024-03-02,,2026-01-15,CUST-L3-015113,SKU-MASS-032,TXN-202403-02015113,defect,,fahmai_cs,pending
WC-202403-02022596,2024-03-02,2024-03-02,,2026-01-15,CUST-L3-022596,SKU-MASS-042,TXN-202403-02022596,defect,,fahmai_cs,pending
WC-202403-02025731,2024-03-02,2024-03-02,,2026-01-15,CUST-L3-025731,SKU-MASS-024,TXN-202403-02025731,defect,,fahmai_cs,pending
WC-202403-03004622,2024-03-03,2024-03-03,,2026-01-15,CUST-L3-004622,SKU-MASS-075,TXN-202403-03004622,defect,,fahmai_cs,pending
WC-202403-03006424,2024-03-03,2024-03-03,,2026-01-15,CUST-L3-006424,SKU-MASS-096,TXN-202403-03006424,defect,,fahmai_cs,pending
WC-202403-03014833,2024-03-03,2024-03-03,,2026-01-15,CUST-L3-014833,SKU-MASS-029,TXN-202403-03014833,defect,,fahmai_cs,pending
WC-202403-03027816,2024-03-03,2024-03-03,,2026-01-15,CUST-L3-027816,SKU-MASS-009,TXN-202403-03027816,defect,,fahmai_cs,pending
WC-202403-03028879,2024-03-03,2024-03-03,,2026-01-15,CUST-L3-028879,SKU-MASS-024,TXN-202403-03028879,defect,,fahmai_cs,pending
WC-202403-04019070,2024-03-04,2024-03-04,,2026-01-15,CUST-L3-019070,SKU-MASS-037,TXN-202403-04019070,defect,,fahmai_cs,pending
WC-202403-05001235,2024-03-05,2024-03-05,,2026-01-15,CUST-L3-001235,SKU-MASS-102,TXN-202403-05001235,defect,,fahmai_cs,pending
WC-202403-05005135,2024-03-05,2024-03-05,,2026-01-15,CUST-L3-005135,SKU-MASS-092,TXN-202403-05005135,defect,,fahmai_cs,pending
WC-202403-05012226,2024-03-05,2024-03-05,,2026-01-15,CUST-L3-012226,SKU-MASS-012,TXN-202403-05012226,defect,,fahmai_cs,pending
WC-202403-05018403,2024-03-05,2024-03-05,,2026-01-15,CUST-L3-018403,SKU-MASS-056,TXN-202403-05018403,defect,,fahmai_cs,pending
WC-202403-05024247,2024-03-05,2024-03-05,,2026-01-15,CUST-L3-024247,SKU-MASS-029,TXN-202403-05024247,defect,,fahmai_cs,pending
WC-202403-06002643,2024-03-06,2024-03-06,,2026-01-15,CUST-L3-002643,SKU-MASS-048,TXN-202403-06002643,defect,,fahmai_cs,pending
WC-202403-06006246,2024-03-06,2024-03-06,,2026-01-15,CUST-L3-006246,SKU-MASS-015,TXN-202403-06006246,defect,,fahmai_cs,pending
WC-202403-06013085,2024-03-06,2024-03-06,,2026-01-15,CUST-L3-013085,SKU-MASS-053,TXN-202403-06013085,defect,,fahmai_cs,pending
WC-202403-06015546,2024-03-06,2024-03-06,,2026-01-15,CUST-L3-015546,SKU-MASS-078,TXN-202403-06015546,defect,,fahmai_cs,pending
WC-202403-06028149,2024-03-06,2024-03-06,,2026-01-15,CUST-L3-028149,SKU-MASS-009,TXN-202403-06028149,defect,,fahmai_cs,pending
WC-202403-07000110,2024-03-07,2024-03-07,,2026-01-15,CUST-L3-000110,SKU-MASS-104,TXN-202403-07000110,defect,,fahmai_cs,pending
WC-202403-07000824,2024-03-07,2024-03-07,,2026-01-15,CUST-L3-000824,SKU-MASS-060,TXN-202403-07000824,defect,,fahmai_cs,pending
WC-202403-07018267,2024-03-07,2024-03-07,,2026-01-15,CUST-L3-018267,SKU-MASS-089,TXN-202403-07018267,defect,,fahmai_cs,pending
WC-202403-08007446,2024-03-08,2024-03-08,,2026-01-15,CUST-L3-007446,SKU-MASS-021,TXN-202403-08007446,defect,,fahmai_cs,pending
WC-202403-09007623,2024-03-09,2024-03-09,,2026-01-15,CUST-L3-007623,SKU-MASS-060,TXN-202403-09007623,defect,,fahmai_cs,pending
WC-202403-09009657,2024-03-09,2024-03-09,,2026-01-15,CUST-L3-009657,SKU-MASS-087,TXN-202403-09009657,defect,,fahmai_cs,pending
WC-202403-09012475,2024-03-09,2024-03-09,,2026-01-15,CUST-L3-012475,SKU-MASS-056,TXN-202403-09012475,defect,,fahmai_cs,pending
WC-202403-09012625,2024-03-09,2024-03-09,,2026-01-15,CUST-L3-012625,SKU-MASS-086,TXN-202403-09012625,defect,,fahmai_cs,pending
WC-202403-10000027,2024-03-10,2024-03-10,,2026-01-15,CUST-L3-000027,SKU-MASS-020,TXN-202403-10000027,defect,,fahmai_cs,pending
WC-202403-10013243,2024-03-10,2024-03-10,,2026-01-15,CUST-L3-013243,DN-LT-010,TXN-202403-10013243,defect,,fahmai_cs,pending
WC-202403-10016427,2024-03-10,2024-03-10,,2026-01-15,CUST-L3-016427,SKU-MASS-066,TXN-202403-10016427,defect,,fahmai_cs,pending
WC-202403-10028720,2024-03-10,2024-03-10,,2026-01-15,CUST-L3-028720,SKU-MASS-103,TXN-202403-10028720,defect,,fahmai_cs,pending
WC-202403-11015060,2024-03-11,2024-03-11,,2026-01-15,CUST-L3-015060,SKU-MASS-110,TXN-202403-11015060,defect,,fahmai_cs,pending
WC-202403-12001373,2024-03-12,2024-03-12,,2026-01-15,CUST-L3-001373,SKU-MASS-028,TXN-202403-12001373,defect,,fahmai_cs,pending
WC-202403-12008775,2024-03-12,2024-03-12,,2026-01-15,CUST-L3-008775,SKU-MASS-091,TXN-202403-12008775,defect,,fahmai_cs,pending
WC-202403-12017244,2024-03-12,2024-03-12,,2026-01-15,CUST-L3-017244,SKU-MASS-061,TXN-202403-12017244,defect,,fahmai_cs,pending
WC-202403-13003644,2024-03-13,2024-03-13,,2026-01-15,CUST-L3-003644,SKU-MASS-022,TXN-202403-13003644,defect,,fahmai_cs,pending
WC-202403-13006536,2024-03-13,2024-03-13,,2026-01-15,CUST-L3-006536,SKU-MASS-034,TXN-202403-13006536,defect,,fahmai_cs,pending
WC-202403-13008135,2024-03-13,2024-03-13,,2026-01-15,CUST-L3-008135,SKU-MASS-077,TXN-202403-13008135,defect,,fahmai_cs,pending
WC-202403-13011547,2024-03-13,2024-03-13,,2026-01-15,CUST-L3-011547,SKU-MASS-085,TXN-202403-13011547,defect,,fahmai_cs,pending
WC-202403-13014952,2024-03-13,2024-03-13,,2026-01-15,CUST-L3-014952,SKU-MASS-020,TXN-202403-13014952,defect,,fahmai_cs,pending
WC-202403-13026856,2024-03-13,2024-03-13,,2026-01-15,CUST-L3-026856,SKU-MASS-037,TXN-202403-13026856,defect,,fahmai_cs,pending
WC-202403-14009763,2024-03-14,2024-03-14,,2026-01-15,CUST-L3-009763,SKU-MASS-073,TXN-202403-14009763,defect,,fahmai_cs,pending
WC-202403-14012943,2024-03-14,2024-03-14,,2026-01-15,CUST-L3-012943,SKU-MASS-011,TXN-202403-14012943,defect,,fahmai_cs,pending
WC-202403-14017701,2024-03-14,2024-03-14,,2026-01-15,CUST-L3-017701,SKU-MASS-096,TXN-202403-14017701,defect,,fahmai_cs,pending
WC-202403-14018850,2024-03-14,2024-03-14,,2026-01-15,CUST-L3-018850,SKU-MASS-033,TXN-202403-14018850,defect,,fahmai_cs,pending
WC-202403-14023653,2024-03-14,2024-03-14,,2026-01-15,CUST-L3-023653,SKU-MASS-015,TXN-202403-14023653,defect,,fahmai_cs,pending
WC-202403-14029158,2024-03-14,2024-03-14,,2026-01-15,CUST-L3-029158,SKU-MASS-099,TXN-202403-14029158,defect,,fahmai_cs,pending
WC-202403-15029146,2024-03-15,2024-03-15,,2026-01-15,CUST-L3-029146,SKU-MASS-031,TXN-202403-15029146,defect,,fahmai_cs,pending
WC-202403-16015678,2024-03-16,2024-03-16,,2026-01-15,CUST-L3-015678,SKU-MASS-110,TXN-202403-16015678,defect,,fahmai_cs,pending
WC-202403-16015863,2024-03-16,2024-03-16,,2026-01-15,CUST-L3-015863,SKU-MASS-079,TXN-202403-16015863,defect,,fahmai_cs,pending
WC-202403-16019935,2024-03-16,2024-03-16,,2026-01-15,CUST-L3-019935,SKU-MASS-022,TXN-202403-16019935,defect,,fahmai_cs,pending
WC-202403-16025265,2024-03-16,2024-03-16,,2026-01-15,CUST-L3-025265,SKU-MASS-023,TXN-202403-16025265,defect,,fahmai_cs,pending
WC-202403-16026761,2024-03-16,2024-03-16,,2026-01-15,CUST-L3-026761,SKU-MASS-057,TXN-202403-16026761,defect,,fahmai_cs,pending
WC-202403-17002748,2024-03-17,2024-03-17,,2026-01-15,CUST-L3-002748,SKU-MASS-040,TXN-202403-17002748,defect,,fahmai_cs,pending
WC-202403-17007476,2024-03-17,2024-03-17,,2026-01-15,CUST-L3-007476,SKU-MASS-024,TXN-202403-17007476,defect,,fahmai_cs,pending
WC-202403-17013050,2024-03-17,2024-03-17,,2026-01-15,CUST-L3-013050,SKU-MASS-027,TXN-202403-17013050,defect,,fahmai_cs,pending
WC-202403-17022304,2024-03-17,2024-03-17,,2026-01-15,CUST-L3-022304,SKU-MASS-083,TXN-202403-17022304,defect,,fahmai_cs,pending
WC-202403-17023845,2024-03-17,2024-03-17,,2026-01-15,CUST-L3-023845,SKU-MASS-068,TXN-202403-17023845,defect,,fahmai_cs,pending
WC-202403-17026226,2024-03-17,2024-03-17,,2026-01-15,CUST-L3-026226,SKU-MASS-049,TXN-202403-17026226,defect,,fahmai_cs,pending
WC-202403-18003218,2024-03-18,2024-03-18,,2026-01-15,CUST-L3-003218,SKU-MASS-064,TXN-202403-18003218,defect,,fahmai_cs,pending
WC-202403-18011892,2024-03-18,2024-03-18,,2026-01-15,CUST-L3-011892,SKU-MASS-085,TXN-202403-18011892,defect,,fahmai_cs,pending
WC-202403-18015682,2024-03-18,2024-03-18,,2026-01-15,CUST-L3-015682,SKU-MASS-068,TXN-202403-18015682,defect,,fahmai_cs,pending
WC-202403-18019936,2024-03-18,2024-03-18,,2026-01-15,CUST-L3-019936,SKU-MASS-081,TXN-202403-18019936,defect,,fahmai_cs,pending
WC-202403-18023582,2024-03-18,2024-03-18,,2026-01-15,CUST-L3-023582,SKU-MASS-093,TXN-202403-18023582,defect,,fahmai_cs,pending
WC-202403-18029310,2024-03-18,2024-03-18,,2026-01-15,CUST-L3-029310,SKU-MASS-074,TXN-202403-18029310,defect,,fahmai_cs,pending
WC-202403-19005467,2024-03-19,2024-03-19,,2026-01-15,CUST-L3-005467,SKU-MASS-098,TXN-202403-19005467,defect,,fahmai_cs,pending
WC-202403-19018527,2024-03-19,2024-03-19,,2026-01-15,CUST-L3-018527,WK-SW-004,TXN-202403-19018527,defect,,fahmai_cs,pending
WC-202403-19029621,2024-03-19,2024-03-19,,2026-01-15,CUST-L3-029621,SKU-MASS-084,TXN-202403-19029621,defect,,fahmai_cs,pending
WC-202403-20005740,2024-03-20,2024-03-20,,2026-01-15,CUST-L3-005740,SKU-MASS-075,TXN-202403-20005740,defect,,fahmai_cs,pending
WC-202403-20010875,2024-03-20,2024-03-20,,2026-01-15,CUST-L3-010875,SKU-MASS-023,TXN-202403-20010875,defect,,fahmai_cs,pending
WC-202403-20011772,2024-03-20,2024-03-20,,2026-01-15,CUST-L3-011772,SKU-MASS-022,TXN-202403-20011772,defect,,fahmai_cs,pending
WC-202403-20011867,2024-03-20,2024-03-20,,2026-01-15,CUST-L3-011867,SKU-MASS-075,TXN-202403-20011867,defect,,fahmai_cs,pending
WC-202403-20024176,2024-03-20,2024-03-20,,2026-01-15,CUST-L3-024176,SKU-MASS-037,TXN-202403-20024176,defect,,fahmai_cs,pending
WC-202403-20026974,2024-03-20,2024-03-20,,2026-01-15,CUST-L3-026974,SKU-MASS-073,TXN-202403-20026974,defect,,fahmai_cs,pending
WC-202403-20028321,2024-03-20,2024-03-20,,2026-01-15,CUST-L3-028321,SKU-MASS-104,TXN-202403-20028321,defect,,fahmai_cs,pending
WC-202403-21001715,2024-03-21,2024-03-21,,2026-01-15,CUST-L3-001715,SKU-MASS-104,TXN-202403-21001715,defect,,fahmai_cs,pending
WC-202403-21006191,2024-03-21,2024-03-21,,2026-01-15,CUST-L3-006191,SKU-MASS-096,TXN-202403-21006191,defect,,fahmai_cs,pending
WC-202403-21007465,2024-03-21,2024-03-21,,2026-01-15,CUST-L3-007465,SKU-MASS-083,TXN-202403-21007465,defect,,fahmai_cs,pending
WC-202403-21010154,2024-03-21,2024-03-21,,2026-01-15,CUST-L3-010154,SKU-MASS-073,TXN-202403-21010154,defect,,fahmai_cs,pending
WC-202403-21010285,2024-03-21,2024-03-21,,2026-01-15,CUST-L3-010285,SKU-MASS-019,TXN-202403-21010285,defect,,fahmai_cs,pending
WC-202403-21017737,2024-03-21,2024-03-21,,2026-01-15,CUST-L3-017737,SKU-MASS-046,TXN-202403-21017737,defect,,fahmai_cs,pending
WC-202403-21018424,2024-03-21,2024-03-21,,2026-01-15,CUST-L3-018424,SKU-MASS-063,TXN-202403-21018424,defect,,fahmai_cs,pending
WC-202403-21021217,2024-03-21,2024-03-21,,2026-01-15,CUST-L3-021217,SKU-MASS-015,TXN-202403-21021217,defect,,fahmai_cs,pending
WC-202403-21022811,2024-03-21,2024-03-21,,2026-01-15,CUST-L3-022811,SKU-MASS-091,TXN-202403-21022811,defect,,fahmai_cs,pending
WC-202403-22000712,2024-03-22,2024-03-22,,2026-01-15,CUST-L3-000712,SKU-MASS-110,TXN-202403-22000712,defect,,fahmai_cs,pending
WC-202403-22011169,2024-03-22,2024-03-22,,2026-01-15,CUST-L3-011169,SKU-MASS-074,TXN-202403-22011169,defect,,fahmai_cs,pending
WC-202403-22020717,2024-03-22,2024-03-22,,2026-01-15,CUST-L3-020717,SKU-MASS-024,TXN-202403-22020717,defect,,fahmai_cs,pending
WC-202403-22021446,2024-03-22,2024-03-22,,2026-01-15,CUST-L3-021446,SKU-MASS-058,TXN-202403-22021446,defect,,fahmai_cs,pending
WC-202403-22027561,2024-03-22,2024-03-22,,2026-01-15,CUST-L3-027561,SKU-MASS-030,TXN-202403-22027561,defect,,fahmai_cs,pending
WC-202403-22028046,2024-03-22,2024-03-22,,2026-01-15,CUST-L3-028046,SKU-MASS-062,TXN-202403-22028046,defect,,fahmai_cs,pending
WC-202403-23002053,2024-03-23,2024-03-23,,2026-01-15,CUST-L3-002053,SKU-MASS-013,TXN-202403-23002053,defect,,fahmai_cs,pending
WC-202403-23014309,2024-03-23,2024-03-23,,2026-01-15,CUST-L3-014309,SKU-MASS-058,TXN-202403-23014309,defect,,fahmai_cs,pending
WC-202403-23020076,2024-03-23,2024-03-23,,2026-01-15,CUST-L3-020076,SKU-MASS-090,TXN-202403-23020076,defect,,fahmai_cs,pending
WC-202403-23028099,2024-03-23,2024-03-23,,2026-01-15,CUST-L3-028099,SKU-MASS-040,TXN-202403-23028099,defect,,fahmai_cs,pending
WC-202403-24004761,2024-03-24,2024-03-24,,2026-01-15,CUST-L3-004761,SKU-MASS-103,TXN-202403-24004761,defect,,fahmai_cs,pending
WC-202403-24008301,2024-03-24,2024-03-24,,2026-01-15,CUST-L3-008301,SKU-MASS-049,TXN-202403-24008301,defect,,fahmai_cs,pending
WC-202403-24017972,2024-03-24,2024-03-24,,2026-01-15,CUST-L3-017972,SKU-MASS-068,TXN-202403-24017972,defect,,fahmai_cs,pending
WC-202403-24022133,2024-03-24,2024-03-24,,2026-01-15,CUST-L3-022133,SKU-STD-001,TXN-202403-24022133,defect,,fahmai_cs,pending
WC-202403-25009211,2024-03-25,2024-03-25,,2026-01-15,CUST-L3-009211,SKU-MASS-049,TXN-202403-25009211,defect,,fahmai_cs,pending
WC-202403-25010561,2024-03-25,2024-03-25,,2026-01-15,CUST-L3-010561,SKU-MASS-049,TXN-202403-25010561,defect,,fahmai_cs,pending
WC-202403-25021129,2024-03-25,2024-03-25,,2026-01-15,CUST-L3-021129,SKU-MASS-080,TXN-202403-25021129,defect,,fahmai_cs,pending
WC-202403-25021172,2024-03-25,2024-03-25,,2026-01-15,CUST-L3-021172,SKU-MASS-010,TXN-202403-25021172,defect,,fahmai_cs,pending
WC-202403-25025471,2024-03-25,2024-03-25,,2026-01-15,CUST-L3-025471,SKU-MASS-044,TXN-202403-25025471,defect,,fahmai_cs,pending
WC-202403-25028593,2024-03-25,2024-03-25,,2026-01-15,CUST-L3-028593,SKU-MASS-057,TXN-202403-25028593,defect,,fahmai_cs,pending
WC-202403-26005478,2024-03-26,2024-03-26,,2026-01-15,CUST-L3-005478,SKU-MASS-060,TXN-202403-26005478,defect,,fahmai_cs,pending
WC-202403-26009332,2024-03-26,2024-03-26,,2026-01-15,CUST-L3-009332,SKU-MASS-030,TXN-202403-26009332,defect,,fahmai_cs,pending
WC-202403-26017412,2024-03-26,2024-03-26,,2026-01-15,CUST-L3-017412,SKU-MASS-085,TXN-202403-26017412,defect,,fahmai_cs,pending
WC-202403-26017584,2024-03-26,2024-03-26,,2026-01-15,CUST-L3-017584,SKU-MASS-033,TXN-202403-26017584,defect,,fahmai_cs,pending
WC-202403-26018369,2024-03-26,2024-03-26,,2026-01-15,CUST-L3-018369,SKU-MASS-085,TXN-202403-26018369,defect,,fahmai_cs,pending
WC-202403-26023230,2024-03-26,2024-03-26,,2026-01-15,CUST-L3-023230,SKU-MASS-091,TXN-202403-26023230,defect,,fahmai_cs,pending
WC-202403-26025901,2024-03-26,2024-03-26,,2026-01-15,CUST-L3-025901,SKU-MASS-103,TXN-202403-26025901,defect,,fahmai_cs,pending
WC-202403-26028860,2024-03-26,2024-03-26,,2026-01-15,CUST-L3-028860,SKU-MASS-045,TXN-202403-26028860,defect,,fahmai_cs,pending
WC-202403-26029298,2024-03-26,2024-03-26,,2026-01-15,CUST-L3-029298,SKU-MASS-040,TXN-202403-26029298,defect,,fahmai_cs,pending
WC-202403-27003622,2024-03-27,2024-03-27,,2026-01-15,CUST-L3-003622,SKU-MASS-081,TXN-202403-27003622,defect,,fahmai_cs,pending
WC-202403-27007535,2024-03-27,2024-03-27,,2026-01-15,CUST-L3-007535,DN-LT-010,TXN-202403-27007535,defect,,fahmai_cs,pending
WC-202403-27009750,2024-03-27,2024-03-27,,2026-01-15,CUST-L3-009750,SKU-MASS-093,TXN-202403-27009750,defect,,fahmai_cs,pending
WC-202403-27012244,2024-03-27,2024-03-27,,2026-01-15,CUST-L3-012244,SKU-MASS-073,TXN-202403-27012244,defect,,fahmai_cs,pending
WC-202403-27013934,2024-03-27,2024-03-27,,2026-01-15,CUST-L3-013934,SKU-MASS-069,TXN-202403-27013934,defect,,fahmai_cs,pending
WC-202403-27017688,2024-03-27,2024-03-27,,2026-01-15,CUST-L3-017688,SKU-MASS-007,TXN-202403-27017688,defect,,fahmai_cs,pending
WC-202403-27021432,2024-03-27,2024-03-27,,2026-01-15,CUST-L3-021432,SKU-MASS-076,TXN-202403-27021432,defect,,fahmai_cs,pending
WC-202403-28007337,2024-03-28,2024-03-28,,2026-01-15,CUST-L3-007337,SKU-MASS-030,TXN-202403-28007337,defect,,fahmai_cs,pending
WC-202403-28007718,2024-03-28,2024-03-28,,2026-01-15,CUST-L3-007718,SKU-MASS-051,TXN-202403-28007718,defect,,fahmai_cs,pending
WC-202403-28008983,2024-03-28,2024-03-28,,2026-01-15,CUST-L3-008983,SKU-MASS-089,TXN-202403-28008983,defect,,fahmai_cs,pending
WC-202403-28018067,2024-03-28,2024-03-28,,2026-01-15,CUST-L3-018067,SKU-MASS-032,TXN-202403-28018067,defect,,fahmai_cs,pending
WC-202403-28020523,2024-03-28,2024-03-28,,2026-01-15,CUST-L3-020523,SKU-MASS-091,TXN-202403-28020523,defect,,fahmai_cs,pending
WC-202403-28028445,2024-03-28,2024-03-28,,2026-01-15,CUST-L3-028445,SKU-MASS-045,TXN-202403-28028445,defect,,fahmai_cs,pending
WC-202403-28028544,2024-03-28,2024-03-28,,2026-01-15,CUST-L3-028544,SKU-MASS-032,TXN-202403-28028544,defect,,fahmai_cs,pending
WC-202403-28029994,2024-03-28,2024-03-28,,2026-01-15,CUST-L3-029994,SKU-MASS-052,TXN-202403-28029994,defect,,fahmai_cs,pending
WC-202403-29002741,2024-03-29,2024-03-29,,2026-01-15,CUST-L3-002741,SKU-MASS-099,TXN-202403-29002741,defect,,fahmai_cs,pending
WC-202403-29009612,2024-03-29,2024-03-29,,2026-01-15,CUST-L3-009612,SKU-MASS-069,TXN-202403-29009612,defect,,fahmai_cs,pending
WC-202403-29010181,2024-03-29,2024-03-29,,2026-01-15,CUST-L3-010181,WK-SW-004,TXN-202403-29010181,defect,,fahmai_cs,pending
WC-202403-29021059,2024-03-29,2024-03-29,,2026-01-15,CUST-L3-021059,DN-LT-010,TXN-202403-29021059,defect,,fahmai_cs,pending
WC-202403-29025833,2024-03-29,2024-03-29,,2026-01-15,CUST-L3-025833,SKU-MASS-065,TXN-202403-29025833,defect,,fahmai_cs,pending
WC-202403-29029472,2024-03-29,2024-03-29,,2026-01-15,CUST-L3-029472,SKU-MASS-045,TXN-202403-29029472,defect,,fahmai_cs,pending
WC-202403-30008331,2024-03-30,2024-03-30,,2026-01-15,CUST-L3-008331,SKU-MASS-023,TXN-202403-30008331,defect,,fahmai_cs,pending
WC-202403-30020456,2024-03-30,2024-03-30,,2026-01-15,CUST-L3-020456,SKU-MASS-075,TXN-202403-30020456,defect,,fahmai_cs,pending
WC-202403-30028739,2024-03-30,2024-03-30,,2026-01-15,CUST-L3-028739,SKU-MASS-076,TXN-202403-30028739,defect,,fahmai_cs,pending
WC-202403-31019208,2024-03-31,2024-03-31,,2026-01-15,CUST-L3-019208,SKU-MASS-026,TXN-202403-31019208,defect,,fahmai_cs,pending
WC-202403-31027088,2024-03-31,2024-03-31,,2026-01-15,CUST-L3-027088,SKU-MASS-035,TXN-202403-31027088,defect,,fahmai_cs,pending
WC-202403-31028613,2024-03-31,2024-03-31,,2026-01-15,CUST-L3-028613,SKU-MASS-095,TXN-202403-31028613,defect,,fahmai_cs,pending
WC-202404-01006976,2024-04-01,2024-04-01,,2026-01-15,CUST-L3-006976,SKU-MASS-078,TXN-202404-01006976,defect,,fahmai_cs,pending
WC-202404-01007472,2024-04-01,2024-04-01,,2026-01-15,CUST-L3-007472,SKU-MASS-080,TXN-202404-01007472,defect,,fahmai_cs,pending
WC-202404-01008798,2024-04-01,2024-04-01,,2026-01-15,CUST-L3-008798,SKU-MASS-028,TXN-202404-01008798,defect,,fahmai_cs,pending
WC-202404-01018110,2024-04-01,2024-04-01,,2026-01-15,CUST-L3-018110,SKU-MASS-028,TXN-202404-01018110,defect,,fahmai_cs,pending
WC-202404-01025579,2024-04-01,2024-04-01,,2026-01-15,CUST-L3-025579,SKU-MASS-025,TXN-202404-01025579,defect,,fahmai_cs,pending
WC-202404-01026839,2024-04-01,2024-04-01,,2026-01-15,CUST-L3-026839,SKU-MASS-065,TXN-202404-01026839,defect,,fahmai_cs,pending
WC-202404-01028130,2024-04-01,2024-04-01,,2026-01-15,CUST-L3-028130,SKU-MASS-080,TXN-202404-01028130,defect,,fahmai_cs,pending
WC-202404-02000207,2024-04-02,2024-04-02,,2026-01-15,CUST-L3-000207,SKU-MASS-050,TXN-202404-02000207,defect,,fahmai_cs,pending
WC-202404-02002768,2024-04-02,2024-04-02,,2026-01-15,CUST-L3-002768,SKU-MASS-088,TXN-202404-02002768,defect,,fahmai_cs,pending
WC-202404-02024781,2024-04-02,2024-04-02,,2026-01-15,CUST-L3-024781,SKU-STD-001,TXN-202404-02024781,defect,,fahmai_cs,pending
WC-202404-02027263,2024-04-02,2024-04-02,,2026-01-15,CUST-L3-027263,SKU-MASS-081,TXN-202404-02027263,defect,,fahmai_cs,pending
WC-202404-03001896,2024-04-03,2024-04-03,,2026-01-15,CUST-L3-001896,SKU-MASS-020,TXN-202404-03001896,defect,,fahmai_cs,pending
WC-202404-03011159,2024-04-03,2024-04-03,,2026-01-15,CUST-L3-011159,SKU-MASS-075,TXN-202404-03011159,defect,,fahmai_cs,pending
WC-202404-03019098,2024-04-03,2024-04-03,,2026-01-15,CUST-L3-019098,SKU-MASS-100,TXN-202404-03019098,defect,,fahmai_cs,pending
WC-202404-03022278,2024-04-03,2024-04-03,,2026-01-15,CUST-L3-022278,SKU-MASS-108,TXN-202404-03022278,defect,,fahmai_cs,pending
WC-202404-03022967,2024-04-03,2024-04-03,,2026-01-15,CUST-L3-022967,SKU-MASS-104,TXN-202404-03022967,defect,,fahmai_cs,pending
WC-202404-04001307,2024-04-04,2024-04-04,,2026-01-15,CUST-L3-001307,SKU-MASS-020,TXN-202404-04001307,defect,,fahmai_cs,pending
WC-202404-04009871,2024-04-04,2024-04-04,,2026-01-15,CUST-L3-009871,SKU-MASS-053,TXN-202404-04009871,defect,,fahmai_cs,pending
WC-202404-04022932,2024-04-04,2024-04-04,,2026-01-15,CUST-L3-022932,SKU-MASS-016,TXN-202404-04022932,defect,,fahmai_cs,pending
WC-202404-04026367,2024-04-04,2024-04-04,,2026-01-15,CUST-L3-026367,SKU-MASS-032,TXN-202404-04026367,defect,,fahmai_cs,pending
WC-202404-05002577,2024-04-05,2024-04-05,,2026-01-15,CUST-L3-002577,SKU-MASS-092,TXN-202404-05002577,defect,,fahmai_cs,pending
WC-202404-05006778,2024-04-05,2024-04-05,,2026-01-15,CUST-L3-006778,SKU-MASS-072,TXN-202404-05006778,defect,,fahmai_cs,pending
WC-202404-05012071,2024-04-05,2024-04-05,,2026-01-15,CUST-L3-012071,SKU-MASS-064,TXN-202404-05012071,defect,,fahmai_cs,pending
WC-202404-05016441,2024-04-05,2024-04-05,,2026-01-15,CUST-L3-016441,SKU-MASS-094,TXN-202404-05016441,defect,,fahmai_cs,pending
WC-202404-05027936,2024-04-05,2024-04-05,,2026-01-15,CUST-L3-027936,SKU-MASS-064,TXN-202404-05027936,defect,,fahmai_cs,pending
WC-202404-06001584,2024-04-06,2024-04-06,,2026-01-15,CUST-L3-001584,SKU-MASS-011,TXN-202404-06001584,defect,,fahmai_cs,pending
WC-202404-06001939,2024-04-06,2024-04-06,,2026-01-15,CUST-L3-001939,SKU-MASS-045,TXN-202404-06001939,defect,,fahmai_cs,pending
WC-202404-06003792,2024-04-06,2024-04-06,,2026-01-15,CUST-L3-003792,SKU-MASS-019,TXN-202404-06003792,defect,,fahmai_cs,pending
WC-202404-06010288,2024-04-06,2024-04-06,,2026-01-15,CUST-L3-010288,SKU-MASS-099,TXN-202404-06010288,defect,,fahmai_cs,pending
WC-202404-06011820,2024-04-06,2024-04-06,,2026-01-15,CUST-L3-011820,SKU-MASS-101,TXN-202404-06011820,defect,,fahmai_cs,pending
WC-202404-06014923,2024-04-06,2024-04-06,,2026-01-15,CUST-L3-014923,SKU-MASS-092,TXN-202404-06014923,defect,,fahmai_cs,pending
WC-202404-06020186,2024-04-06,2024-04-06,,2026-01-15,CUST-L3-020186,SKU-MASS-067,TXN-202404-06020186,defect,,fahmai_cs,pending
WC-202404-06022226,2024-04-06,2024-04-06,,2026-01-15,CUST-L3-022226,SKU-MASS-011,TXN-202404-06022226,defect,,fahmai_cs,pending
WC-202404-06024283,2024-04-06,2024-04-06,,2026-01-15,CUST-L3-024283,SKU-MASS-058,TXN-202404-06024283,defect,,fahmai_cs,pending
WC-202404-06027130,2024-04-06,2024-04-06,,2026-01-15,CUST-L3-027130,SKU-MASS-084,TXN-202404-06027130,defect,,fahmai_cs,pending
WC-202404-07000291,2024-04-07,2024-04-07,,2026-01-15,CUST-L3-000291,SKU-MASS-043,TXN-202404-07000291,defect,,fahmai_cs,pending
WC-202404-07008967,2024-04-07,2024-04-07,,2026-01-15,CUST-L3-008967,SKU-MASS-087,TXN-202404-07008967,defect,,fahmai_cs,pending
WC-202404-07017676,2024-04-07,2024-04-07,,2026-01-15,CUST-L3-017676,SKU-MASS-048,TXN-202404-07017676,defect,,fahmai_cs,pending
WC-202404-07024582,2024-04-07,2024-04-07,,2026-01-15,CUST-L3-024582,SKU-MASS-021,TXN-202404-07024582,defect,,fahmai_cs,pending
WC-202404-07025486,2024-04-07,2024-04-07,,2026-01-15,CUST-L3-025486,SKU-MASS-051,TXN-202404-07025486,defect,,fahmai_cs,pending
WC-202404-07029657,2024-04-07,2024-04-07,,2026-01-15,CUST-L3-029657,WK-SW-004,TXN-202404-07029657,defect,,fahmai_cs,pending
WC-202404-08007326,2024-04-08,2024-04-08,,2026-01-15,CUST-L3-007326,SKU-MASS-037,TXN-202404-08007326,defect,,fahmai_cs,pending
WC-202404-08015198,2024-04-08,2024-04-08,,2026-01-15,CUST-L3-015198,SKU-MASS-012,TXN-202404-08015198,defect,,fahmai_cs,pending
WC-202404-08018520,2024-04-08,2024-04-08,,2026-01-15,CUST-L3-018520,SKU-MASS-026,TXN-202404-08018520,defect,,fahmai_cs,pending
WC-202404-08023559,2024-04-08,2024-04-08,,2026-01-15,CUST-L3-023559,SKU-MASS-030,TXN-202404-08023559,defect,,fahmai_cs,pending
WC-202404-08028699,2024-04-08,2024-04-08,,2026-01-15,CUST-L3-028699,SKU-MASS-017,TXN-202404-08028699,defect,,fahmai_cs,pending
WC-202404-09007424,2024-04-09,2024-04-09,,2026-01-15,CUST-L3-007424,DN-LT-010,TXN-202404-09007424,defect,,fahmai_cs,pending
WC-202404-09028879,2024-04-09,2024-04-09,,2026-01-15,CUST-L3-028879,SKU-MASS-093,TXN-202404-09028879,defect,,fahmai_cs,pending
WC-202404-10006656,2024-04-10,2024-04-10,,2026-01-15,CUST-L3-006656,SKU-MASS-070,TXN-202404-10006656,defect,,fahmai_cs,pending
WC-202404-10008289,2024-04-10,2024-04-10,,2026-01-15,CUST-L3-008289,SKU-MASS-066,TXN-202404-10008289,defect,,fahmai_cs,pending
WC-202404-10011693,2024-04-10,2024-04-10,,2026-01-15,CUST-L3-011693,SKU-MASS-025,TXN-202404-10011693,defect,,fahmai_cs,pending
WC-202404-10014836,2024-04-10,2024-04-10,,2026-01-15,CUST-L3-014836,SKU-MASS-034,TXN-202404-10014836,defect,,fahmai_cs,pending
WC-202404-10020113,2024-04-10,2024-04-10,,2026-01-15,CUST-L3-020113,SKU-MASS-045,TXN-202404-10020113,defect,,fahmai_cs,pending
WC-202404-10029637,2024-04-10,2024-04-10,,2026-01-15,CUST-L3-029637,SKU-MASS-039,TXN-202404-10029637,defect,,fahmai_cs,pending
WC-202404-11005531,2024-04-11,2024-04-11,,2026-01-15,CUST-L3-005531,DN-LT-010,TXN-202404-11005531,defect,,fahmai_cs,pending
WC-202404-11013230,2024-04-11,2024-04-11,,2026-01-15,CUST-L3-013230,SKU-MASS-107,TXN-202404-11013230,defect,,fahmai_cs,pending
WC-202404-12004444,2024-04-12,2024-04-12,,2026-01-15,CUST-L3-004444,SKU-MASS-061,TXN-202404-12004444,defect,,fahmai_cs,pending
WC-202404-12020312,2024-04-12,2024-04-12,,2026-01-15,CUST-L3-020312,SKU-MASS-040,TXN-202404-12020312,defect,,fahmai_cs,pending
WC-202404-12024161,2024-04-12,2024-04-12,,2026-01-15,CUST-L3-024161,SKU-STD-001,TXN-202404-12024161,defect,,fahmai_cs,pending
WC-202404-14003320,2024-04-14,2024-04-14,,2026-01-15,CUST-L3-003320,SKU-MASS-027,TXN-202404-14003320,defect,,fahmai_cs,pending
WC-202404-18002768,2024-04-18,2024-04-18,,2026-01-15,CUST-L3-002768,SKU-MASS-085,TXN-202404-18002768,defect,,fahmai_cs,pending
WC-202404-18003436,2024-04-18,2024-04-18,,2026-01-15,CUST-L3-003436,SKU-MASS-078,TXN-202404-18003436,defect,,fahmai_cs,pending
WC-202404-18004341,2024-04-18,2024-04-18,,2026-01-15,CUST-L3-004341,SKU-MASS-044,TXN-202404-18004341,defect,,fahmai_cs,pending
WC-202404-18004641,2024-04-18,2024-04-18,,2026-01-15,CUST-L3-004641,SKU-MASS-089,TXN-202404-18004641,defect,,fahmai_cs,pending
WC-202404-18005887,2024-04-18,2024-04-18,,2026-01-15,CUST-L3-005887,WK-SW-004,TXN-202404-18005887,defect,,fahmai_cs,pending
WC-202404-18012711,2024-04-18,2024-04-18,,2026-01-15,CUST-L3-012711,SKU-MASS-075,TXN-202404-18012711,defect,,fahmai_cs,pending
WC-202404-18018678,2024-04-18,2024-04-18,,2026-01-15,CUST-L3-018678,SKU-MASS-036,TXN-202404-18018678,defect,,fahmai_cs,pending
WC-202404-18021837,2024-04-18,2024-04-18,,2026-01-15,CUST-L3-021837,SKU-MASS-109,TXN-202404-18021837,defect,,fahmai_cs,pending
WC-202404-18023274,2024-04-18,2024-04-18,,2026-01-15,CUST-L3-023274,SKU-MASS-031,TXN-202404-18023274,defect,,fahmai_cs,pending
WC-202404-19000045,2024-04-19,2024-04-19,,2026-01-15,CUST-L3-000045,SKU-MASS-011,TXN-202404-19000045,defect,,fahmai_cs,pending
WC-202404-19009061,2024-04-19,2024-04-19,,2026-01-15,CUST-L3-009061,SKU-MASS-104,TXN-202404-19009061,defect,,fahmai_cs,pending
WC-202404-19010498,2024-04-19,2024-04-19,,2026-01-15,CUST-L3-010498,SKU-MASS-018,TXN-202404-19010498,defect,,fahmai_cs,pending
WC-202404-19012033,2024-04-19,2024-04-19,,2026-01-15,CUST-L3-012033,SKU-MASS-049,TXN-202404-19012033,defect,,fahmai_cs,pending
WC-202404-19028566,2024-04-19,2024-04-19,,2026-01-15,CUST-L3-028566,SKU-MASS-050,TXN-202404-19028566,defect,,fahmai_cs,pending
WC-202404-19028702,2024-04-19,2024-04-19,,2026-01-15,CUST-L3-028702,SKU-MASS-053,TXN-202404-19028702,defect,,fahmai_cs,pending
WC-202404-20000094,2024-04-20,2024-04-20,,2026-01-15,CUST-L3-000094,SKU-MASS-021,TXN-202404-20000094,defect,,fahmai_cs,pending
WC-202404-20008912,2024-04-20,2024-04-20,,2026-01-15,CUST-L3-008912,SKU-MASS-012,TXN-202404-20008912,defect,,fahmai_cs,pending
WC-202404-20010863,2024-04-20,2024-04-20,,2026-01-15,CUST-L3-010863,SKU-MASS-021,TXN-202404-20010863,defect,,fahmai_cs,pending
WC-202404-20015634,2024-04-20,2024-04-20,,2026-01-15,CUST-L3-015634,SKU-MASS-055,TXN-202404-20015634,defect,,fahmai_cs,pending
WC-202404-20016425,2024-04-20,2024-04-20,,2026-01-15,CUST-L3-016425,SKU-MASS-020,TXN-202404-20016425,defect,,fahmai_cs,pending
WC-202404-20019174,2024-04-20,2024-04-20,,2026-01-15,CUST-L3-019174,SKU-MASS-076,TXN-202404-20019174,defect,,fahmai_cs,pending
WC-202404-20023538,2024-04-20,2024-04-20,,2026-01-15,CUST-L3-023538,SKU-MASS-015,TXN-202404-20023538,defect,,fahmai_cs,pending
WC-202404-20027554,2024-04-20,2024-04-20,,2026-01-15,CUST-L3-027554,SKU-MASS-066,TXN-202404-20027554,defect,,fahmai_cs,pending
WC-202404-21002438,2024-04-21,2024-04-21,,2026-01-15,CUST-L3-002438,SKU-MASS-073,TXN-202404-21002438,defect,,fahmai_cs,pending
WC-202404-21007671,2024-04-21,2024-04-21,,2026-01-15,CUST-L3-007671,SKU-MASS-054,TXN-202404-21007671,defect,,fahmai_cs,pending
WC-202404-21010361,2024-04-21,2024-04-21,,2026-01-15,CUST-L3-010361,SKU-MASS-048,TXN-202404-21010361,defect,,fahmai_cs,pending
WC-202404-21011321,2024-04-21,2024-04-21,,2026-01-15,CUST-L3-011321,SKU-MASS-043,TXN-202404-21011321,defect,,fahmai_cs,pending
WC-202404-21018920,2024-04-21,2024-04-21,,2026-01-15,CUST-L3-018920,SKU-MASS-021,TXN-202404-21018920,defect,,fahmai_cs,pending
WC-202404-21021617,2024-04-21,2024-04-21,,2026-01-15,CUST-L3-021617,SKU-MASS-083,TXN-202404-21021617,defect,,fahmai_cs,pending
WC-202404-21027552,2024-04-21,2024-04-21,,2026-01-15,CUST-L3-027552,SKU-MASS-027,TXN-202404-21027552,defect,,fahmai_cs,pending
WC-202404-22028628,2024-04-22,2024-04-22,,2026-01-15,CUST-L3-028628,SKU-MASS-054,TXN-202404-22028628,defect,,fahmai_cs,pending
WC-202404-23002573,2024-04-23,2024-04-23,,2026-01-15,CUST-L3-002573,SKU-MASS-098,TXN-202404-23002573,defect,,fahmai_cs,pending
WC-202404-23007435,2024-04-23,2024-04-23,,2026-01-15,CUST-L3-007435,SKU-MASS-109,TXN-202404-23007435,defect,,fahmai_cs,pending
WC-202404-23007964,2024-04-23,2024-04-23,,2026-01-15,CUST-L3-007964,SKU-MASS-061,TXN-202404-23007964,defect,,fahmai_cs,pending
WC-202404-23018829,2024-04-23,2024-04-23,,2026-01-15,CUST-L3-018829,SKU-MASS-098,TXN-202404-23018829,defect,,fahmai_cs,pending
WC-202404-24007485,2024-04-24,2024-04-24,,2026-01-15,CUST-L3-007485,SKU-MASS-018,TXN-202404-24007485,defect,,fahmai_cs,pending
WC-202404-24013171,2024-04-24,2024-04-24,,2026-01-15,CUST-L3-013171,SKU-MASS-104,TXN-202404-24013171,defect,,fahmai_cs,pending
WC-202404-24016341,2024-04-24,2024-04-24,,2026-01-15,CUST-L3-016341,SKU-MASS-064,TXN-202404-24016341,defect,,fahmai_cs,pending
WC-202404-24019644,2024-04-24,2024-04-24,,2026-01-15,CUST-L3-019644,SKU-MASS-091,TXN-202404-24019644,defect,,fahmai_cs,pending
WC-202404-24021423,2024-04-24,2024-04-24,,2026-01-15,CUST-L3-021423,SKU-MASS-016,TXN-202404-24021423,defect,,fahmai_cs,pending
WC-202404-24029850,2024-04-24,2024-04-24,,2026-01-15,CUST-L3-029850,SKU-MASS-101,TXN-202404-24029850,defect,,fahmai_cs,pending
WC-202404-25022843,2024-04-25,2024-04-25,,2026-01-15,CUST-L3-022843,SKU-MASS-097,TXN-202404-25022843,defect,,fahmai_cs,pending
WC-202404-25024216,2024-04-25,2024-04-25,,2026-01-15,CUST-L3-024216,SKU-MASS-014,TXN-202404-25024216,defect,,fahmai_cs,pending
WC-202404-25029643,2024-04-25,2024-04-25,,2026-01-15,CUST-L3-029643,SKU-MASS-022,TXN-202404-25029643,defect,,fahmai_cs,pending
WC-202404-26001630,2024-04-26,2024-04-26,,2026-01-15,CUST-L3-001630,AW-MN-001,TXN-202404-26001630,defect,,fahmai_cs,pending
WC-202404-26005984,2024-04-26,2024-04-26,,2026-01-15,CUST-L3-005984,SKU-MASS-085,TXN-202404-26005984,defect,,fahmai_cs,pending
WC-202404-26006911,2024-04-26,2024-04-26,,2026-01-15,CUST-L3-006911,SKU-MASS-019,TXN-202404-26006911,defect,,fahmai_cs,pending
WC-202404-26008079,2024-04-26,2024-04-26,,2026-01-15,CUST-L3-008079,SKU-MASS-053,TXN-202404-26008079,defect,,fahmai_cs,pending
WC-202404-26009953,2024-04-26,2024-04-26,,2026-01-15,CUST-L3-009953,SKU-MASS-080,TXN-202404-26009953,defect,,fahmai_cs,pending
WC-202404-26025370,2024-04-26,2024-04-26,,2026-01-15,CUST-L3-025370,SKU-MASS-047,TXN-202404-26025370,defect,,fahmai_cs,pending
WC-202404-26026966,2024-04-26,2024-04-26,,2026-01-15,CUST-L3-026966,SKU-MASS-073,TXN-202404-26026966,defect,,fahmai_cs,pending
WC-202404-27001547,2024-04-27,2024-04-27,,2026-01-15,CUST-L3-001547,SKU-MASS-029,TXN-202404-27001547,defect,,fahmai_cs,pending
WC-202404-27006649,2024-04-27,2024-04-27,,2026-01-15,CUST-L3-006649,SKU-MASS-025,TXN-202404-27006649,defect,,fahmai_cs,pending
WC-202404-27010402,2024-04-27,2024-04-27,,2026-01-15,CUST-L3-010402,SKU-MASS-032,TXN-202404-27010402,defect,,fahmai_cs,pending
WC-202404-27012568,2024-04-27,2024-04-27,,2026-01-15,CUST-L3-012568,SKU-MASS-092,TXN-202404-27012568,defect,,fahmai_cs,pending
WC-202404-27014988,2024-04-27,2024-04-27,,2026-01-15,CUST-L3-014988,SKU-MASS-084,TXN-202404-27014988,defect,,fahmai_cs,pending
WC-202404-27016336,2024-04-27,2024-04-27,,2026-01-15,CUST-L3-016336,SKU-MASS-087,TXN-202404-27016336,defect,,fahmai_cs,pending
WC-202404-27023078,2024-04-27,2024-04-27,,2026-01-15,CUST-L3-023078,SKU-MASS-106,TXN-202404-27023078,defect,,fahmai_cs,pending
WC-202404-27029108,2024-04-27,2024-04-27,,2026-01-15,CUST-L3-029108,SKU-MASS-101,TXN-202404-27029108,defect,,fahmai_cs,pending
WC-202404-28001759,2024-04-28,2024-04-28,,2026-01-15,CUST-L3-001759,SKU-MASS-106,TXN-202404-28001759,defect,,fahmai_cs,pending
WC-202404-28013838,2024-04-28,2024-04-28,,2026-01-15,CUST-L3-013838,SKU-MASS-041,TXN-202404-28013838,defect,,fahmai_cs,pending
WC-202404-28016166,2024-04-28,2024-04-28,,2026-01-15,CUST-L3-016166,SKU-MASS-008,TXN-202404-28016166,defect,,fahmai_cs,pending
WC-202404-28018442,2024-04-28,2024-04-28,,2026-01-15,CUST-L3-018442,SKU-MASS-020,TXN-202404-28018442,defect,,fahmai_cs,pending
WC-202404-28023185,2024-04-28,2024-04-28,,2026-01-15,CUST-L3-023185,SKU-MASS-108,TXN-202404-28023185,defect,,fahmai_cs,pending
WC-202404-28028620,2024-04-28,2024-04-28,,2026-01-15,CUST-L3-028620,SKU-MASS-039,TXN-202404-28028620,defect,,fahmai_cs,pending
WC-202404-28029594,2024-04-28,2024-04-28,,2026-01-15,CUST-L3-029594,SKU-MASS-009,TXN-202404-28029594,defect,,fahmai_cs,pending
WC-202404-29000966,2024-04-29,2024-04-29,,2026-01-15,CUST-L3-000966,SKU-MASS-067,TXN-202404-29000966,defect,,fahmai_cs,pending
WC-202404-29002256,2024-04-29,2024-04-29,,2026-01-15,CUST-L3-002256,SKU-MASS-016,TXN-202404-29002256,defect,,fahmai_cs,pending
WC-202404-29012854,2024-04-29,2024-04-29,,2026-01-15,CUST-L3-012854,SKU-MASS-028,TXN-202404-29012854,defect,,fahmai_cs,pending
WC-202404-29014582,2024-04-29,2024-04-29,,2026-01-15,CUST-L3-014582,SKU-MASS-064,TXN-202404-29014582,defect,,fahmai_cs,pending
WC-202404-29020710,2024-04-29,2024-04-29,,2026-01-15,CUST-L3-020710,SKU-MASS-067,TXN-202404-29020710,defect,,fahmai_cs,pending
WC-202404-29024266,2024-04-29,2024-04-29,,2026-01-15,CUST-L3-024266,SKU-MASS-107,TXN-202404-29024266,defect,,fahmai_cs,pending
WC-202404-30016809,2024-04-30,2024-04-30,,2026-01-15,CUST-L3-016809,SKU-MASS-082,TXN-202404-30016809,defect,,fahmai_cs,pending
WC-202404-30020053,2024-04-30,2024-04-30,,2026-01-15,CUST-L3-020053,SKU-MASS-090,TXN-202404-30020053,defect,,fahmai_cs,pending
WC-202404-30022332,2024-04-30,2024-04-30,,2026-01-15,CUST-L3-022332,SKU-MASS-087,TXN-202404-30022332,defect,,fahmai_cs,pending
WC-202405-01001583,2024-05-01,2024-05-01,,2026-01-15,CUST-L3-001583,SKU-MASS-048,TXN-202405-01001583,defect,,fahmai_cs,pending
WC-202405-01001780,2024-05-01,2024-05-01,,2026-01-15,CUST-L3-001780,SKU-MASS-054,TXN-202405-01001780,defect,,fahmai_cs,pending
WC-202405-01007242,2024-05-01,2024-05-01,,2026-01-15,CUST-L3-007242,SKU-MASS-050,TXN-202405-01007242,defect,,fahmai_cs,pending
WC-202405-01018046,2024-05-01,2024-05-01,,2026-01-15,CUST-L3-018046,SKU-MASS-040,TXN-202405-01018046,defect,,fahmai_cs,pending
WC-202405-02002955,2024-05-02,2024-05-02,,2026-01-15,CUST-L3-002955,SKU-MASS-087,TXN-202405-02002955,defect,,fahmai_cs,pending
WC-202405-02003484,2024-05-02,2024-05-02,,2026-01-15,CUST-L3-003484,SKU-MASS-081,TXN-202405-02003484,defect,,fahmai_cs,pending
WC-202405-02007382,2024-05-02,2024-05-02,,2026-01-15,CUST-L3-007382,SKU-MASS-088,TXN-202405-02007382,defect,,fahmai_cs,pending
WC-202405-02016603,2024-05-02,2024-05-02,,2026-01-15,CUST-L3-016603,SKU-MASS-107,TXN-202405-02016603,defect,,fahmai_cs,pending
WC-202405-02025107,2024-05-02,2024-05-02,,2026-01-15,CUST-L3-025107,SKU-MASS-108,TXN-202405-02025107,defect,,fahmai_cs,pending
WC-202405-02026795,2024-05-02,2024-05-02,,2026-01-15,CUST-L3-026795,SKU-MASS-093,TXN-202405-02026795,defect,,fahmai_cs,pending
WC-202405-02027894,2024-05-02,2024-05-02,,2026-01-15,CUST-L3-027894,SKU-MASS-039,TXN-202405-02027894,defect,,fahmai_cs,pending
WC-202405-02028482,2024-05-02,2024-05-02,,2026-01-15,CUST-L3-028482,SKU-MASS-018,TXN-202405-02028482,defect,,fahmai_cs,pending
WC-202405-03005849,2024-05-03,2024-05-03,,2026-01-15,CUST-L3-005849,SKU-MASS-069,TXN-202405-03005849,defect,,fahmai_cs,pending
WC-202405-03006340,2024-05-03,2024-05-03,,2026-01-15,CUST-L3-006340,SKU-MASS-055,TXN-202405-03006340,defect,,fahmai_cs,pending
WC-202405-03006532,2024-05-03,2024-05-03,,2026-01-15,CUST-L3-006532,SKU-MASS-110,TXN-202405-03006532,defect,,fahmai_cs,pending
WC-202405-03006837,2024-05-03,2024-05-03,,2026-01-15,CUST-L3-006837,SKU-MASS-076,TXN-202405-03006837,defect,,fahmai_cs,pending
WC-202405-03007169,2024-05-03,2024-05-03,,2026-01-15,CUST-L3-007169,DN-LT-010,TXN-202405-03007169,defect,,fahmai_cs,pending
WC-202405-03010044,2024-05-03,2024-05-03,,2026-01-15,CUST-L3-010044,SKU-MASS-062,TXN-202405-03010044,defect,,fahmai_cs,pending
WC-202405-03012456,2024-05-03,2024-05-03,,2026-01-15,CUST-L3-012456,SKU-MASS-101,TXN-202405-03012456,defect,,fahmai_cs,pending
WC-202405-04001590,2024-05-04,2024-05-04,,2026-01-15,CUST-L3-001590,SKU-MASS-011,TXN-202405-04001590,defect,,fahmai_cs,pending
WC-202405-04011259,2024-05-04,2024-05-04,,2026-01-15,CUST-L3-011259,SKU-MASS-034,TXN-202405-04011259,defect,,fahmai_cs,pending
WC-202405-04014484,2024-05-04,2024-05-04,,2026-01-15,CUST-L3-014484,SKU-MASS-080,TXN-202405-04014484,defect,,fahmai_cs,pending
WC-202405-04015258,2024-05-04,2024-05-04,,2026-01-15,CUST-L3-015258,SKU-MASS-067,TXN-202405-04015258,defect,,fahmai_cs,pending
WC-202405-05001688,2024-05-05,2024-05-05,,2026-01-15,CUST-L3-001688,SKU-MASS-108,TXN-202405-05001688,defect,,fahmai_cs,pending
WC-202405-05006493,2024-05-05,2024-05-05,,2026-01-15,CUST-L3-006493,SKU-MASS-083,TXN-202405-05006493,defect,,fahmai_cs,pending
WC-202405-05018896,2024-05-05,2024-05-05,,2026-01-15,CUST-L3-018896,SKU-MASS-061,TXN-202405-05018896,defect,,fahmai_cs,pending
WC-202405-05020077,2024-05-05,2024-05-05,,2026-01-15,CUST-L3-020077,SKU-MASS-037,TXN-202405-05020077,defect,,fahmai_cs,pending
WC-202405-05020238,2024-05-05,2024-05-05,,2026-01-15,CUST-L3-020238,SKU-MASS-089,TXN-202405-05020238,defect,,fahmai_cs,pending
WC-202405-05020822,2024-05-05,2024-05-05,,2026-01-15,CUST-L3-020822,SKU-MASS-033,TXN-202405-05020822,defect,,fahmai_cs,pending
WC-202405-05023640,2024-05-05,2024-05-05,,2026-01-15,CUST-L3-023640,SKU-MASS-077,TXN-202405-05023640,defect,,fahmai_cs,pending
WC-202405-05029182,2024-05-05,2024-05-05,,2026-01-15,CUST-L3-029182,SKU-MASS-041,TXN-202405-05029182,defect,,fahmai_cs,pending
WC-202405-06006518,2024-05-06,2024-05-06,,2026-01-15,CUST-L3-006518,SKU-MASS-103,TXN-202405-06006518,defect,,fahmai_cs,pending
WC-202405-06010248,2024-05-06,2024-05-06,,2026-01-15,CUST-L3-010248,SKU-MASS-084,TXN-202405-06010248,defect,,fahmai_cs,pending
WC-202405-06011078,2024-05-06,2024-05-06,,2026-01-15,CUST-L3-011078,SKU-MASS-031,TXN-202405-06011078,defect,,fahmai_cs,pending
WC-202405-07005283,2024-05-07,2024-05-07,,2026-01-15,CUST-L3-005283,SKU-MASS-073,TXN-202405-07005283,defect,,fahmai_cs,pending
WC-202405-07022692,2024-05-07,2024-05-07,,2026-01-15,CUST-L3-022692,SKU-MASS-029,TXN-202405-07022692,defect,,fahmai_cs,pending
WC-202405-07027132,2024-05-07,2024-05-07,,2026-01-15,CUST-L3-027132,SKU-MASS-080,TXN-202405-07027132,defect,,fahmai_cs,pending
WC-202405-08015859,2024-05-08,2024-05-08,,2026-01-15,CUST-L3-015859,SKU-MASS-038,TXN-202405-08015859,defect,,fahmai_cs,pending
WC-202405-08020568,2024-05-08,2024-05-08,,2026-01-15,CUST-L3-020568,AW-MN-001,TXN-202405-08020568,defect,,fahmai_cs,pending
WC-202405-08027058,2024-05-08,2024-05-08,,2026-01-15,CUST-L3-027058,SKU-STD-001,TXN-202405-08027058,defect,,fahmai_cs,pending
WC-202405-09003858,2024-05-09,2024-05-09,,2026-01-15,CUST-L3-003858,SKU-MASS-034,TXN-202405-09003858,defect,,fahmai_cs,pending
WC-202405-09008697,2024-05-09,2024-05-09,,2026-01-15,CUST-L3-008697,AW-MN-001,TXN-202405-09008697,defect,,fahmai_cs,pending
WC-202405-09023896,2024-05-09,2024-05-09,,2026-01-15,CUST-L3-023896,SKU-MASS-063,TXN-202405-09023896,defect,,fahmai_cs,pending
WC-202405-09025273,2024-05-09,2024-05-09,,2026-01-15,CUST-L3-025273,SKU-MASS-055,TXN-202405-09025273,defect,,fahmai_cs,pending
WC-202405-10009864,2024-05-10,2024-05-10,,2026-01-15,CUST-L3-009864,SKU-STD-001,TXN-202405-10009864,defect,,fahmai_cs,pending
WC-202405-10011040,2024-05-10,2024-05-10,,2026-01-15,CUST-L3-011040,SKU-MASS-046,TXN-202405-10011040,defect,,fahmai_cs,pending
WC-202405-10012084,2024-05-10,2024-05-10,,2026-01-15,CUST-L3-012084,SKU-MASS-090,TXN-202405-10012084,defect,,fahmai_cs,pending
WC-202405-10013981,2024-05-10,2024-05-10,,2026-01-15,CUST-L3-013981,SKU-MASS-041,TXN-202405-10013981,defect,,fahmai_cs,pending
WC-202405-11016740,2024-05-11,2024-05-11,,2026-01-15,CUST-L3-016740,SKU-MASS-097,TXN-202405-11016740,defect,,fahmai_cs,pending
WC-202405-11028087,2024-05-11,2024-05-11,,2026-01-15,CUST-L3-028087,SKU-MASS-093,TXN-202405-11028087,defect,,fahmai_cs,pending
WC-202405-12005733,2024-05-12,2024-05-12,,2026-01-15,CUST-L3-005733,SKU-MASS-046,TXN-202405-12005733,defect,,fahmai_cs,pending
WC-202405-12019050,2024-05-12,2024-05-12,,2026-01-15,CUST-L3-019050,SKU-MASS-097,TXN-202405-12019050,defect,,fahmai_cs,pending
WC-202405-12021530,2024-05-12,2024-05-12,,2026-01-15,CUST-L3-021530,SKU-MASS-062,TXN-202405-12021530,defect,,fahmai_cs,pending
WC-202405-12028661,2024-05-12,2024-05-12,,2026-01-15,CUST-L3-028661,SKU-MASS-016,TXN-202405-12028661,defect,,fahmai_cs,pending
WC-202405-13000519,2024-05-13,2024-05-13,,2026-01-15,CUST-L3-000519,SKU-MASS-039,TXN-202405-13000519,defect,,fahmai_cs,pending
WC-202405-13004482,2024-05-13,2024-05-13,,2026-01-15,CUST-L3-004482,SKU-MASS-097,TXN-202405-13004482,defect,,fahmai_cs,pending
WC-202405-13006311,2024-05-13,2024-05-13,,2026-01-15,CUST-L3-006311,SKU-MASS-056,TXN-202405-13006311,defect,,fahmai_cs,pending
WC-202405-13011403,2024-05-13,2024-05-13,,2026-01-15,CUST-L3-011403,SKU-MASS-037,TXN-202405-13011403,defect,,fahmai_cs,pending
WC-202405-13014481,2024-05-13,2024-05-13,,2026-01-15,CUST-L3-014481,SKU-MASS-036,TXN-202405-13014481,defect,,fahmai_cs,pending
WC-202405-13014897,2024-05-13,2024-05-13,,2026-01-15,CUST-L3-014897,SKU-MASS-011,TXN-202405-13014897,defect,,fahmai_cs,pending
WC-202405-13020311,2024-05-13,2024-05-13,,2026-01-15,CUST-L3-020311,NT-LT-001,TXN-202405-13020311,defect,,fahmai_cs,pending
WC-202405-13028747,2024-05-13,2024-05-13,,2026-01-15,CUST-L3-028747,AW-MN-001,TXN-202405-13028747,defect,,fahmai_cs,pending
WC-202405-14001852,2024-05-14,2024-05-14,,2026-01-15,CUST-L3-001852,SKU-MASS-073,TXN-202405-14001852,defect,,fahmai_cs,pending
WC-202405-14006235,2024-05-14,2024-05-14,,2026-01-15,CUST-L3-006235,SKU-MASS-086,TXN-202405-14006235,defect,,fahmai_cs,pending
WC-202405-14018508,2024-05-14,2024-05-14,,2026-01-15,CUST-L3-018508,SKU-MASS-033,TXN-202405-14018508,defect,,fahmai_cs,pending
WC-202405-15010959,2024-05-15,2024-05-15,,2026-01-15,CUST-L3-010959,SKU-MASS-007,TXN-202405-15010959,defect,,fahmai_cs,pending
WC-202405-15025189,2024-05-15,2024-05-15,,2026-01-15,CUST-L3-025189,SKU-MASS-037,TXN-202405-15025189,defect,,fahmai_cs,pending
WC-202405-15029314,2024-05-15,2024-05-15,,2026-01-15,CUST-L3-029314,SKU-MASS-088,TXN-202405-15029314,defect,,fahmai_cs,pending
WC-202405-15029384,2024-05-15,2024-05-15,,2026-01-15,CUST-L3-029384,SKU-MASS-094,TXN-202405-15029384,defect,,fahmai_cs,pending
WC-202405-16002229,2024-05-16,2024-05-16,,2026-01-15,CUST-L3-002229,SKU-MASS-059,TXN-202405-16002229,defect,,fahmai_cs,pending
WC-202405-16002795,2024-05-16,2024-05-16,,2026-01-15,CUST-L3-002795,SKU-MASS-084,TXN-202405-16002795,defect,,fahmai_cs,pending
WC-202405-16003228,2024-05-16,2024-05-16,,2026-01-15,CUST-L3-003228,SKU-MASS-073,TXN-202405-16003228,defect,,fahmai_cs,pending
WC-202405-16018099,2024-05-16,2024-05-16,,2026-01-15,CUST-L3-018099,SKU-MASS-107,TXN-202405-16018099,defect,,fahmai_cs,pending
WC-202405-16021359,2024-05-16,2024-05-16,,2026-01-15,CUST-L3-021359,SKU-MASS-032,TXN-202405-16021359,defect,,fahmai_cs,pending
WC-202405-16025715,2024-05-16,2024-05-16,,2026-01-15,CUST-L3-025715,SKU-MASS-094,TXN-202405-16025715,defect,,fahmai_cs,pending
WC-202405-17003363,2024-05-17,2024-05-17,,2026-01-15,CUST-L3-003363,SKU-MASS-081,TXN-202405-17003363,defect,,fahmai_cs,pending
WC-202405-17012292,2024-05-17,2024-05-17,,2026-01-15,CUST-L3-012292,SKU-MASS-043,TXN-202405-17012292,defect,,fahmai_cs,pending
WC-202405-17021243,2024-05-17,2024-05-17,,2026-01-15,CUST-L3-021243,SKU-MASS-031,TXN-202405-17021243,defect,,fahmai_cs,pending
WC-202405-17021357,2024-05-17,2024-05-17,,2026-01-15,CUST-L3-021357,SKU-MASS-024,TXN-202405-17021357,defect,,fahmai_cs,pending
WC-202405-17028325,2024-05-17,2024-05-17,,2026-01-15,CUST-L3-028325,SKU-MASS-041,TXN-202405-17028325,defect,,fahmai_cs,pending
WC-202405-18001791,2024-05-18,2024-05-18,,2026-01-15,CUST-L3-001791,SKU-MASS-088,TXN-202405-18001791,defect,,fahmai_cs,pending
WC-202405-18002257,2024-05-18,2024-05-18,,2026-01-15,CUST-L3-002257,SKU-MASS-050,TXN-202405-18002257,defect,,fahmai_cs,pending
WC-202405-18005267,2024-05-18,2024-05-18,,2026-01-15,CUST-L3-005267,SKU-MASS-060,TXN-202405-18005267,defect,,fahmai_cs,pending
WC-202405-18006882,2024-05-18,2024-05-18,,2026-01-15,CUST-L3-006882,SKU-MASS-014,TXN-202405-18006882,defect,,fahmai_cs,pending
WC-202405-18020717,2024-05-18,2024-05-18,,2026-01-15,CUST-L3-020717,SKU-MASS-020,TXN-202405-18020717,defect,,fahmai_cs,pending
WC-202405-18027829,2024-05-18,2024-05-18,,2026-01-15,CUST-L3-027829,SKU-MASS-103,TXN-202405-18027829,defect,,fahmai_cs,pending
WC-202405-18027955,2024-05-18,2024-05-18,,2026-01-15,CUST-L3-027955,NT-LT-001,TXN-202405-18027955,defect,,fahmai_cs,pending
WC-202405-19001559,2024-05-19,2024-05-19,,2026-01-15,CUST-L3-001559,SKU-MASS-102,TXN-202405-19001559,defect,,fahmai_cs,pending
WC-202405-19002940,2024-05-19,2024-05-19,,2026-01-15,CUST-L3-002940,SKU-MASS-108,TXN-202405-19002940,defect,,fahmai_cs,pending
WC-202405-19005191,2024-05-19,2024-05-19,,2026-01-15,CUST-L3-005191,SKU-MASS-010,TXN-202405-19005191,defect,,fahmai_cs,pending
WC-202405-19005879,2024-05-19,2024-05-19,,2026-01-15,CUST-L3-005879,AW-MN-001,TXN-202405-19005879,defect,,fahmai_cs,pending
WC-202405-19012913,2024-05-19,2024-05-19,,2026-01-15,CUST-L3-012913,SKU-MASS-057,TXN-202405-19012913,defect,,fahmai_cs,pending
WC-202405-19014336,2024-05-19,2024-05-19,,2026-01-15,CUST-L3-014336,SKU-MASS-082,TXN-202405-19014336,defect,,fahmai_cs,pending
WC-202405-19016678,2024-05-19,2024-05-19,,2026-01-15,CUST-L3-016678,SKU-MASS-061,TXN-202405-19016678,defect,,fahmai_cs,pending
WC-202405-19019115,2024-05-19,2024-05-19,,2026-01-15,CUST-L3-019115,SKU-MASS-029,TXN-202405-19019115,defect,,fahmai_cs,pending
WC-202405-19021090,2024-05-19,2024-05-19,,2026-01-15,CUST-L3-021090,DN-LT-010,TXN-202405-19021090,defect,,fahmai_cs,pending
WC-202405-19025734,2024-05-19,2024-05-19,,2026-01-15,CUST-L3-025734,SKU-MASS-093,TXN-202405-19025734,defect,,fahmai_cs,pending
WC-202405-20004008,2024-05-20,2024-05-20,,2026-01-15,CUST-L3-004008,SKU-MASS-032,TXN-202405-20004008,defect,,fahmai_cs,pending
WC-202405-20004130,2024-05-20,2024-05-20,,2026-01-15,CUST-L3-004130,SKU-MASS-021,TXN-202405-20004130,defect,,fahmai_cs,pending
WC-202405-20005109,2024-05-20,2024-05-20,,2026-01-15,CUST-L3-005109,SKU-MASS-027,TXN-202405-20005109,defect,,fahmai_cs,pending
WC-202405-20011123,2024-05-20,2024-05-20,,2026-01-15,CUST-L3-011123,SKU-MASS-104,TXN-202405-20011123,defect,,fahmai_cs,pending
WC-202405-20015196,2024-05-20,2024-05-20,,2026-01-15,CUST-L3-015196,SKU-MASS-084,TXN-202405-20015196,defect,,fahmai_cs,pending
WC-202405-20021318,2024-05-20,2024-05-20,,2026-01-15,CUST-L3-021318,SKU-MASS-009,TXN-202405-20021318,defect,,fahmai_cs,pending
WC-202405-20025723,2024-05-20,2024-05-20,,2026-01-15,CUST-L3-025723,SKU-MASS-075,TXN-202405-20025723,defect,,fahmai_cs,pending
WC-202405-21017660,2024-05-21,2024-05-21,,2026-01-15,CUST-L3-017660,SKU-MASS-074,TXN-202405-21017660,defect,,fahmai_cs,pending
WC-202405-21028288,2024-05-21,2024-05-21,,2026-01-15,CUST-L3-028288,SKU-MASS-105,TXN-202405-21028288,defect,,fahmai_cs,pending
WC-202405-22011044,2024-05-22,2024-05-22,,2026-01-15,CUST-L3-011044,SKU-MASS-022,TXN-202405-22011044,defect,,fahmai_cs,pending
WC-202405-22017119,2024-05-22,2024-05-22,,2026-01-15,CUST-L3-017119,SKU-MASS-088,TXN-202405-22017119,defect,,fahmai_cs,pending
WC-202405-23006120,2024-05-23,2024-05-23,,2026-01-15,CUST-L3-006120,SKU-MASS-013,TXN-202405-23006120,defect,,fahmai_cs,pending
WC-202405-23008511,2024-05-23,2024-05-23,,2026-01-15,CUST-L3-008511,SKU-MASS-011,TXN-202405-23008511,defect,,fahmai_cs,pending
WC-202405-23018410,2024-05-23,2024-05-23,,2026-01-15,CUST-L3-018410,SKU-MASS-062,TXN-202405-23018410,defect,,fahmai_cs,pending
WC-202405-23021453,2024-05-23,2024-05-23,,2026-01-15,CUST-L3-021453,SKU-MASS-091,TXN-202405-23021453,defect,,fahmai_cs,pending
WC-202405-24004433,2024-05-24,2024-05-24,,2026-01-15,CUST-L3-004433,SKU-MASS-019,TXN-202405-24004433,defect,,fahmai_cs,pending
WC-202405-24016540,2024-05-24,2024-05-24,,2026-01-15,CUST-L3-016540,SKU-MASS-032,TXN-202405-24016540,defect,,fahmai_cs,pending
WC-202405-24016579,2024-05-24,2024-05-24,,2026-01-15,CUST-L3-016579,SKU-MASS-021,TXN-202405-24016579,defect,,fahmai_cs,pending
WC-202405-24016669,2024-05-24,2024-05-24,,2026-01-15,CUST-L3-016669,SKU-MASS-066,TXN-202405-24016669,defect,,fahmai_cs,pending
WC-202405-25009725,2024-05-25,2024-05-25,,2026-01-15,CUST-L3-009725,SKU-MASS-017,TXN-202405-25009725,defect,,fahmai_cs,pending
WC-202405-25012293,2024-05-25,2024-05-25,,2026-01-15,CUST-L3-012293,SKU-MASS-071,TXN-202405-25012293,defect,,fahmai_cs,pending
WC-202405-25012967,2024-05-25,2024-05-25,,2026-01-15,CUST-L3-012967,SKU-MASS-101,TXN-202405-25012967,defect,,fahmai_cs,pending
WC-202405-25014950,2024-05-25,2024-05-25,,2026-01-15,CUST-L3-014950,SKU-MASS-072,TXN-202405-25014950,defect,,fahmai_cs,pending
WC-202405-25018145,2024-05-25,2024-05-25,,2026-01-15,CUST-L3-018145,SKU-MASS-098,TXN-202405-25018145,defect,,fahmai_cs,pending
WC-202405-25028655,2024-05-25,2024-05-25,,2026-01-15,CUST-L3-028655,SKU-MASS-057,TXN-202405-25028655,defect,,fahmai_cs,pending
WC-202405-26000045,2024-05-26,2024-05-26,,2026-01-15,CUST-L3-000045,SKU-MASS-034,TXN-202405-26000045,defect,,fahmai_cs,pending
WC-202405-26000658,2024-05-26,2024-05-26,,2026-01-15,CUST-L3-000658,SKU-MASS-051,TXN-202405-26000658,defect,,fahmai_cs,pending
WC-202405-26005688,2024-05-26,2024-05-26,,2026-01-15,CUST-L3-005688,SKU-MASS-064,TXN-202405-26005688,defect,,fahmai_cs,pending
WC-202405-26009285,2024-05-26,2024-05-26,,2026-01-15,CUST-L3-009285,SKU-MASS-089,TXN-202405-26009285,defect,,fahmai_cs,pending
WC-202405-26015851,2024-05-26,2024-05-26,,2026-01-15,CUST-L3-015851,SKU-MASS-024,TXN-202405-26015851,defect,,fahmai_cs,pending
WC-202405-26016930,2024-05-26,2024-05-26,,2026-01-15,CUST-L3-016930,SKU-MASS-046,TXN-202405-26016930,defect,,fahmai_cs,pending
WC-202405-26022498,2024-05-26,2024-05-26,,2026-01-15,CUST-L3-022498,SKU-MASS-033,TXN-202405-26022498,defect,,fahmai_cs,pending
WC-202405-26025607,2024-05-26,2024-05-26,,2026-01-15,CUST-L3-025607,SKU-MASS-057,TXN-202405-26025607,defect,,fahmai_cs,pending
WC-202405-26025962,2024-05-26,2024-05-26,,2026-01-15,CUST-L3-025962,SKU-MASS-068,TXN-202405-26025962,defect,,fahmai_cs,pending
WC-202405-27001246,2024-05-27,2024-05-27,,2026-01-15,CUST-L3-001246,SKU-MASS-104,TXN-202405-27001246,defect,,fahmai_cs,pending
WC-202405-27008112,2024-05-27,2024-05-27,,2026-01-15,CUST-L3-008112,SKU-MASS-021,TXN-202405-27008112,defect,,fahmai_cs,pending
WC-202405-27009540,2024-05-27,2024-05-27,,2026-01-15,CUST-L3-009540,SKU-MASS-064,TXN-202405-27009540,defect,,fahmai_cs,pending
WC-202405-27014413,2024-05-27,2024-05-27,,2026-01-15,CUST-L3-014413,SKU-MASS-102,TXN-202405-27014413,defect,,fahmai_cs,pending
WC-202405-27016956,2024-05-27,2024-05-27,,2026-01-15,CUST-L3-016956,SKU-MASS-029,TXN-202405-27016956,defect,,fahmai_cs,pending
WC-202405-27029758,2024-05-27,2024-05-27,,2026-01-15,CUST-L3-029758,SKU-MASS-106,TXN-202405-27029758,defect,,fahmai_cs,pending
WC-202405-27029911,2024-05-27,2024-05-27,,2026-01-15,CUST-L3-029911,SKU-MASS-095,TXN-202405-27029911,defect,,fahmai_cs,pending
WC-202405-28005836,2024-05-28,2024-05-28,,2026-01-15,CUST-L3-005836,SKU-MASS-107,TXN-202405-28005836,defect,,fahmai_cs,pending
WC-202405-28007281,2024-05-28,2024-05-28,,2026-01-15,CUST-L3-007281,SKU-MASS-034,TXN-202405-28007281,defect,,fahmai_cs,pending
WC-202405-28015370,2024-05-28,2024-05-28,,2026-01-15,CUST-L3-015370,SKU-MASS-054,TXN-202405-28015370,defect,,fahmai_cs,pending
WC-202405-28023189,2024-05-28,2024-05-28,,2026-01-15,CUST-L3-023189,SKU-MASS-084,TXN-202405-28023189,defect,,fahmai_cs,pending
WC-202405-28026763,2024-05-28,2024-05-28,,2026-01-15,CUST-L3-026763,SKU-MASS-031,TXN-202405-28026763,defect,,fahmai_cs,pending
WC-202405-29000279,2024-05-29,2024-05-29,,2026-01-15,CUST-L3-000279,SKU-MASS-109,TXN-202405-29000279,defect,,fahmai_cs,pending
WC-202405-29006707,2024-05-29,2024-05-29,,2026-01-15,CUST-L3-006707,SKU-MASS-109,TXN-202405-29006707,defect,,fahmai_cs,pending
WC-202405-29011490,2024-05-29,2024-05-29,,2026-01-15,CUST-L3-011490,SKU-MASS-055,TXN-202405-29011490,defect,,fahmai_cs,pending
WC-202405-29014721,2024-05-29,2024-05-29,,2026-01-15,CUST-L3-014721,SKU-MASS-024,TXN-202405-29014721,defect,,fahmai_cs,pending
WC-202405-30023015,2024-05-30,2024-05-30,,2026-01-15,CUST-L3-023015,SKU-MASS-086,TXN-202405-30023015,defect,,fahmai_cs,pending
WC-202405-30025497,2024-05-30,2024-05-30,,2026-01-15,CUST-L3-025497,SKU-MASS-039,TXN-202405-30025497,defect,,fahmai_cs,pending
WC-202405-31004746,2024-05-31,2024-05-31,,2026-01-15,CUST-L3-004746,SKU-MASS-068,TXN-202405-31004746,defect,,fahmai_cs,pending
WC-202405-31005639,2024-05-31,2024-05-31,,2026-01-15,CUST-L3-005639,SKU-MASS-072,TXN-202405-31005639,defect,,fahmai_cs,pending
WC-202405-31009207,2024-05-31,2024-05-31,,2026-01-15,CUST-L3-009207,SKU-MASS-042,TXN-202405-31009207,defect,,fahmai_cs,pending
WC-202405-31018106,2024-05-31,2024-05-31,,2026-01-15,CUST-L3-018106,SKU-MASS-030,TXN-202405-31018106,defect,,fahmai_cs,pending
WC-202405-31023623,2024-05-31,2024-05-31,,2026-01-15,CUST-L3-023623,SKU-MASS-081,TXN-202405-31023623,defect,,fahmai_cs,pending
WC-202406-01005892,2024-06-01,2024-06-01,,2026-01-15,CUST-L3-005892,SKU-MASS-008,TXN-202406-01005892,defect,,fahmai_cs,pending
WC-202406-01010207,2024-06-01,2024-06-01,,2026-01-15,CUST-L3-010207,SKU-MASS-024,TXN-202406-01010207,defect,,fahmai_cs,pending
WC-202406-01012582,2024-06-01,2024-06-01,,2026-01-15,CUST-L3-012582,SKU-MASS-093,TXN-202406-01012582,defect,,fahmai_cs,pending
WC-202406-01016131,2024-06-01,2024-06-01,,2026-01-15,CUST-L3-016131,SKU-MASS-108,TXN-202406-01016131,defect,,fahmai_cs,pending
WC-202406-01021367,2024-06-01,2024-06-01,,2026-01-15,CUST-L3-021367,SKU-MASS-070,TXN-202406-01021367,defect,,fahmai_cs,pending
WC-202406-02005128,2024-06-02,2024-06-02,,2026-01-15,CUST-L3-005128,SKU-MASS-026,TXN-202406-02005128,defect,,fahmai_cs,pending
WC-202406-02012380,2024-06-02,2024-06-02,,2026-01-15,CUST-L3-012380,SKU-MASS-040,TXN-202406-02012380,defect,,fahmai_cs,pending
WC-202406-02019663,2024-06-02,2024-06-02,,2026-01-15,CUST-L3-019663,SKU-MASS-074,TXN-202406-02019663,defect,,fahmai_cs,pending
WC-202406-02023878,2024-06-02,2024-06-02,,2026-01-15,CUST-L3-023878,SKU-MASS-045,TXN-202406-02023878,defect,,fahmai_cs,pending
WC-202406-02025641,2024-06-02,2024-06-02,,2026-01-15,CUST-L3-025641,SKU-MASS-088,TXN-202406-02025641,defect,,fahmai_cs,pending
WC-202406-02028558,2024-06-02,2024-06-02,,2026-01-15,CUST-L3-028558,SKU-MASS-020,TXN-202406-02028558,defect,,fahmai_cs,pending
WC-202406-03003124,2024-06-03,2024-06-03,,2026-01-15,CUST-L3-003124,SKU-MASS-051,TXN-202406-03003124,defect,,fahmai_cs,pending
WC-202406-03005353,2024-06-03,2024-06-03,,2026-01-15,CUST-L3-005353,SKU-MASS-042,TXN-202406-03005353,defect,,fahmai_cs,pending
WC-202406-03009979,2024-06-03,2024-06-03,,2026-01-15,CUST-L3-009979,SKU-MASS-071,TXN-202406-03009979,defect,,fahmai_cs,pending
WC-202406-03011219,2024-06-03,2024-06-03,,2026-01-15,CUST-L3-011219,SKU-MASS-018,TXN-202406-03011219,defect,,fahmai_cs,pending
WC-202406-03016736,2024-06-03,2024-06-03,,2026-01-15,CUST-L3-016736,SKU-MASS-107,TXN-202406-03016736,defect,,fahmai_cs,pending
WC-202406-03025562,2024-06-03,2024-06-03,,2026-01-15,CUST-L3-025562,SKU-MASS-091,TXN-202406-03025562,defect,,fahmai_cs,pending
WC-202406-03029195,2024-06-03,2024-06-03,,2026-01-15,CUST-L3-029195,SKU-MASS-078,TXN-202406-03029195,defect,,fahmai_cs,pending
WC-202406-04003826,2024-06-04,2024-06-04,,2026-01-15,CUST-L3-003826,SKU-MASS-066,TXN-202406-04003826,defect,,fahmai_cs,pending
WC-202406-04004942,2024-06-04,2024-06-04,,2026-01-15,CUST-L3-004942,SKU-MASS-069,TXN-202406-04004942,defect,,fahmai_cs,pending
WC-202406-04006297,2024-06-04,2024-06-04,,2026-01-15,CUST-L3-006297,SKU-MASS-108,TXN-202406-04006297,defect,,fahmai_cs,pending
WC-202406-04016543,2024-06-04,2024-06-04,,2026-01-15,CUST-L3-016543,SKU-MASS-076,TXN-202406-04016543,defect,,fahmai_cs,pending
WC-202406-04017149,2024-06-04,2024-06-04,,2026-01-15,CUST-L3-017149,SKU-MASS-075,TXN-202406-04017149,defect,,fahmai_cs,pending
WC-202406-04019812,2024-06-04,2024-06-04,,2026-01-15,CUST-L3-019812,SKU-STD-001,TXN-202406-04019812,defect,,fahmai_cs,pending
WC-202406-04022016,2024-06-04,2024-06-04,,2026-01-15,CUST-L3-022016,SKU-MASS-052,TXN-202406-04022016,defect,,fahmai_cs,pending
WC-202406-05002159,2024-06-05,2024-06-05,,2026-01-15,CUST-L3-002159,SKU-MASS-045,TXN-202406-05002159,defect,,fahmai_cs,pending
WC-202406-05008627,2024-06-05,2024-06-05,,2026-01-15,CUST-L3-008627,SKU-MASS-031,TXN-202406-05008627,defect,,fahmai_cs,pending
WC-202406-05009728,2024-06-05,2024-06-05,,2026-01-15,CUST-L3-009728,SKU-MASS-106,TXN-202406-05009728,defect,,fahmai_cs,pending
WC-202406-05013007,2024-06-05,2024-06-05,,2026-01-15,CUST-L3-013007,SKU-MASS-015,TXN-202406-05013007,defect,,fahmai_cs,pending
WC-202406-06005722,2024-06-06,2024-06-06,,2026-01-15,CUST-L3-005722,SKU-MASS-056,TXN-202406-06005722,defect,,fahmai_cs,pending
WC-202406-06014998,2024-06-06,2024-06-06,,2026-01-15,CUST-L3-014998,SKU-MASS-097,TXN-202406-06014998,defect,,fahmai_cs,pending
WC-202406-06016518,2024-06-06,2024-06-06,,2026-01-15,CUST-L3-016518,SKU-MASS-097,TXN-202406-06016518,defect,,fahmai_cs,pending
WC-202406-06020475,2024-06-06,2024-06-06,,2026-01-15,CUST-L3-020475,SKU-MASS-084,TXN-202406-06020475,defect,,fahmai_cs,pending
WC-202406-07010962,2024-06-07,2024-06-07,,2026-01-15,CUST-L3-010962,WK-SW-004,TXN-202406-07010962,defect,,fahmai_cs,pending
WC-202406-07013785,2024-06-07,2024-06-07,,2026-01-15,CUST-L3-013785,SKU-MASS-072,TXN-202406-07013785,defect,,fahmai_cs,pending
WC-202406-07027352,2024-06-07,2024-06-07,,2026-01-15,CUST-L3-027352,SKU-MASS-081,TXN-202406-07027352,defect,,fahmai_cs,pending
WC-202406-08003226,2024-06-08,2024-06-08,,2026-01-15,CUST-L3-003226,SKU-MASS-015,TXN-202406-08003226,defect,,fahmai_cs,pending
WC-202406-08015397,2024-06-08,2024-06-08,,2026-01-15,CUST-L3-015397,NT-LT-001,TXN-202406-08015397,defect,,fahmai_cs,pending
WC-202406-09006429,2024-06-09,2024-06-09,,2026-01-15,CUST-L3-006429,SKU-MASS-016,TXN-202406-09006429,defect,,fahmai_cs,pending
WC-202406-09011738,2024-06-09,2024-06-09,,2026-01-15,CUST-L3-011738,SKU-MASS-059,TXN-202406-09011738,defect,,fahmai_cs,pending
WC-202406-09017306,2024-06-09,2024-06-09,,2026-01-15,CUST-L3-017306,DN-LT-010,TXN-202406-09017306,defect,,fahmai_cs,pending
WC-202406-10008961,2024-06-10,2024-06-10,,2026-01-15,CUST-L3-008961,SKU-MASS-082,TXN-202406-10008961,defect,,fahmai_cs,pending
WC-202406-10017831,2024-06-10,2024-06-10,,2026-01-15,CUST-L3-017831,SKU-MASS-107,TXN-202406-10017831,defect,,fahmai_cs,pending
WC-202406-10017872,2024-06-10,2024-06-10,,2026-01-15,CUST-L3-017872,SKU-MASS-047,TXN-202406-10017872,defect,,fahmai_cs,pending
WC-202406-10023299,2024-06-10,2024-06-10,,2026-01-15,CUST-L3-023299,SKU-MASS-085,TXN-202406-10023299,defect,,fahmai_cs,pending
WC-202406-10026172,2024-06-10,2024-06-10,,2026-01-15,CUST-L3-026172,SKU-MASS-049,TXN-202406-10026172,defect,,fahmai_cs,pending
WC-202406-11003677,2024-06-11,2024-06-11,,2026-01-15,CUST-L3-003677,SKU-MASS-077,TXN-202406-11003677,defect,,fahmai_cs,pending
WC-202406-11004283,2024-06-11,2024-06-11,,2026-01-15,CUST-L3-004283,SKU-MASS-036,TXN-202406-11004283,defect,,fahmai_cs,pending
WC-202406-11010213,2024-06-11,2024-06-11,,2026-01-15,CUST-L3-010213,SKU-MASS-021,TXN-202406-11010213,defect,,fahmai_cs,pending
WC-202406-11017107,2024-06-11,2024-06-11,,2026-01-15,CUST-L3-017107,SKU-MASS-024,TXN-202406-11017107,defect,,fahmai_cs,pending
WC-202406-11021381,2024-06-11,2024-06-11,,2026-01-15,CUST-L3-021381,SKU-MASS-011,TXN-202406-11021381,defect,,fahmai_cs,pending
WC-202406-11022137,2024-06-11,2024-06-11,,2026-01-15,CUST-L3-022137,SKU-MASS-046,TXN-202406-11022137,defect,,fahmai_cs,pending
WC-202406-11022737,2024-06-11,2024-06-11,,2026-01-15,CUST-L3-022737,SKU-MASS-028,TXN-202406-11022737,defect,,fahmai_cs,pending
WC-202406-11025792,2024-06-11,2024-06-11,,2026-01-15,CUST-L3-025792,SKU-MASS-070,TXN-202406-11025792,defect,,fahmai_cs,pending
WC-202406-11026315,2024-06-11,2024-06-11,,2026-01-15,CUST-L3-026315,SKU-MASS-024,TXN-202406-11026315,defect,,fahmai_cs,pending
WC-202406-12007621,2024-06-12,2024-06-12,,2026-01-15,CUST-L3-007621,SKU-MASS-048,TXN-202406-12007621,defect,,fahmai_cs,pending
WC-202406-12015688,2024-06-12,2024-06-12,,2026-01-15,CUST-L3-015688,SKU-MASS-014,TXN-202406-12015688,defect,,fahmai_cs,pending
WC-202406-12016317,2024-06-12,2024-06-12,,2026-01-15,CUST-L3-016317,SKU-MASS-071,TXN-202406-12016317,defect,,fahmai_cs,pending
WC-202406-12022788,2024-06-12,2024-06-12,,2026-01-15,CUST-L3-022788,NT-LT-001,TXN-202406-12022788,defect,,fahmai_cs,pending
WC-202406-13000247,2024-06-13,2024-06-13,,2026-01-15,CUST-L3-000247,SKU-MASS-070,TXN-202406-13000247,defect,,fahmai_cs,pending
WC-202406-13016035,2024-06-13,2024-06-13,,2026-01-15,CUST-L3-016035,SKU-MASS-035,TXN-202406-13016035,defect,,fahmai_cs,pending
WC-202406-13017466,2024-06-13,2024-06-13,,2026-01-15,CUST-L3-017466,SKU-MASS-009,TXN-202406-13017466,defect,,fahmai_cs,pending
WC-202406-13027442,2024-06-13,2024-06-13,,2026-01-15,CUST-L3-027442,AW-MN-001,TXN-202406-13027442,defect,,fahmai_cs,pending
WC-202406-14002826,2024-06-14,2024-06-14,,2026-01-15,CUST-L3-002826,SKU-MASS-010,TXN-202406-14002826,defect,,fahmai_cs,pending
WC-202406-14011137,2024-06-14,2024-06-14,,2026-01-15,CUST-L3-011137,SKU-MASS-110,TXN-202406-14011137,defect,,fahmai_cs,pending
WC-202406-14018402,2024-06-14,2024-06-14,,2026-01-15,CUST-L3-018402,NT-LT-001,TXN-202406-14018402,defect,,fahmai_cs,pending
WC-202406-14021198,2024-06-14,2024-06-14,,2026-01-15,CUST-L3-021198,SKU-MASS-012,TXN-202406-14021198,defect,,fahmai_cs,pending
WC-202406-15004794,2024-06-15,2024-06-15,,2026-01-15,CUST-L3-004794,SKU-MASS-049,TXN-202406-15004794,defect,,fahmai_cs,pending
WC-202406-15005546,2024-06-15,2024-06-15,,2026-01-15,CUST-L3-005546,SKU-MASS-097,TXN-202406-15005546,defect,,fahmai_cs,pending
WC-202406-15008286,2024-06-15,2024-06-15,,2026-01-15,CUST-L3-008286,NT-LT-001,TXN-202406-15008286,defect,,fahmai_cs,pending
WC-202406-15020961,2024-06-15,2024-06-15,,2026-01-15,CUST-L3-020961,SKU-MASS-013,TXN-202406-15020961,defect,,fahmai_cs,pending
WC-202406-16006567,2024-06-16,2024-06-16,,2026-01-15,CUST-L3-006567,SKU-MASS-074,TXN-202406-16006567,defect,,fahmai_cs,pending
WC-202406-16011291,2024-06-16,2024-06-16,,2026-01-15,CUST-L3-011291,SKU-MASS-099,TXN-202406-16011291,defect,,fahmai_cs,pending
WC-202406-16011409,2024-06-16,2024-06-16,,2026-01-15,CUST-L3-011409,SKU-MASS-076,TXN-202406-16011409,defect,,fahmai_cs,pending
WC-202406-16013488,2024-06-16,2024-06-16,,2026-01-15,CUST-L3-013488,SKU-MASS-054,TXN-202406-16013488,defect,,fahmai_cs,pending
WC-202406-16017919,2024-06-16,2024-06-16,,2026-01-15,CUST-L3-017919,SKU-MASS-097,TXN-202406-16017919,defect,,fahmai_cs,pending
WC-202406-16027130,2024-06-16,2024-06-16,,2026-01-15,CUST-L3-027130,SKU-MASS-090,TXN-202406-16027130,defect,,fahmai_cs,pending
WC-202406-17003649,2024-06-17,2024-06-17,,2026-01-15,CUST-L3-003649,SKU-MASS-051,TXN-202406-17003649,defect,,fahmai_cs,pending
WC-202406-17006660,2024-06-17,2024-06-17,,2026-01-15,CUST-L3-006660,SKU-MASS-011,TXN-202406-17006660,defect,,fahmai_cs,pending
WC-202406-17014386,2024-06-17,2024-06-17,,2026-01-15,CUST-L3-014386,SKU-MASS-032,TXN-202406-17014386,defect,,fahmai_cs,pending
WC-202406-17017564,2024-06-17,2024-06-17,,2026-01-15,CUST-L3-017564,SKU-MASS-089,TXN-202406-17017564,defect,,fahmai_cs,pending
WC-202406-17020539,2024-06-17,2024-06-17,,2026-01-15,CUST-L3-020539,SKU-MASS-012,TXN-202406-17020539,defect,,fahmai_cs,pending
WC-202406-17024945,2024-06-17,2024-06-17,,2026-01-15,CUST-L3-024945,SKU-MASS-055,TXN-202406-17024945,defect,,fahmai_cs,pending
WC-202406-18002322,2024-06-18,2024-06-18,,2026-01-15,CUST-L3-002322,SKU-MASS-041,TXN-202406-18002322,defect,,fahmai_cs,pending
WC-202406-18009343,2024-06-18,2024-06-18,,2026-01-15,CUST-L3-009343,SKU-MASS-010,TXN-202406-18009343,defect,,fahmai_cs,pending
WC-202406-18010462,2024-06-18,2024-06-18,,2026-01-15,CUST-L3-010462,SKU-MASS-022,TXN-202406-18010462,defect,,fahmai_cs,pending
WC-202406-18012271,2024-06-18,2024-06-18,,2026-01-15,CUST-L3-012271,SKU-MASS-093,TXN-202406-18012271,defect,,fahmai_cs,pending
WC-202406-18016602,2024-06-18,2024-06-18,,2026-01-15,CUST-L3-016602,SKU-MASS-072,TXN-202406-18016602,defect,,fahmai_cs,pending
WC-202406-19000720,2024-06-19,2024-06-19,,2026-01-15,CUST-L3-000720,SKU-MASS-045,TXN-202406-19000720,defect,,fahmai_cs,pending
WC-202406-19001941,2024-06-19,2024-06-19,,2026-01-15,CUST-L3-001941,SKU-MASS-061,TXN-202406-19001941,defect,,fahmai_cs,pending
WC-202406-19003313,2024-06-19,2024-06-19,,2026-01-15,CUST-L3-003313,SKU-MASS-041,TXN-202406-19003313,defect,,fahmai_cs,pending
WC-202406-19018628,2024-06-19,2024-06-19,,2026-01-15,CUST-L3-018628,SKU-MASS-109,TXN-202406-19018628,defect,,fahmai_cs,pending
WC-202406-19021347,2024-06-19,2024-06-19,,2026-01-15,CUST-L3-021347,SKU-MASS-060,TXN-202406-19021347,defect,,fahmai_cs,pending
WC-202406-20005940,2024-06-20,2024-06-20,,2026-01-15,CUST-L3-005940,SKU-MASS-032,TXN-202406-20005940,defect,,fahmai_cs,pending
WC-202406-20007047,2024-06-20,2024-06-20,,2026-01-15,CUST-L3-007047,SKU-MASS-009,TXN-202406-20007047,defect,,fahmai_cs,pending
WC-202406-20010111,2024-06-20,2024-06-20,,2026-01-15,CUST-L3-010111,SKU-MASS-047,TXN-202406-20010111,defect,,fahmai_cs,pending
WC-202406-20010192,2024-06-20,2024-06-20,,2026-01-15,CUST-L3-010192,SKU-MASS-110,TXN-202406-20010192,defect,,fahmai_cs,pending
WC-202406-20011724,2024-06-20,2024-06-20,,2026-01-15,CUST-L3-011724,SKU-MASS-073,TXN-202406-20011724,defect,,fahmai_cs,pending
WC-202406-20013734,2024-06-20,2024-06-20,,2026-01-15,CUST-L3-013734,SKU-MASS-063,TXN-202406-20013734,defect,,fahmai_cs,pending
WC-202406-20016688,2024-06-20,2024-06-20,,2026-01-15,CUST-L3-016688,SKU-MASS-033,TXN-202406-20016688,defect,,fahmai_cs,pending
WC-202406-21000937,2024-06-21,2024-06-21,,2026-01-15,CUST-L3-000937,SKU-MASS-097,TXN-202406-21000937,defect,,fahmai_cs,pending
WC-202406-21008005,2024-06-21,2024-06-21,,2026-01-15,CUST-L3-008005,SKU-MASS-078,TXN-202406-21008005,defect,,fahmai_cs,pending
WC-202406-21008566,2024-06-21,2024-06-21,,2026-01-15,CUST-L3-008566,SKU-MASS-108,TXN-202406-21008566,defect,,fahmai_cs,pending
WC-202406-21010602,2024-06-21,2024-06-21,,2026-01-15,CUST-L3-010602,SKU-MASS-099,TXN-202406-21010602,defect,,fahmai_cs,pending
WC-202406-21015163,2024-06-21,2024-06-21,,2026-01-15,CUST-L3-015163,SKU-MASS-037,TXN-202406-21015163,defect,,fahmai_cs,pending
WC-202406-21015252,2024-06-21,2024-06-21,,2026-01-15,CUST-L3-015252,SKU-MASS-032,TXN-202406-21015252,defect,,fahmai_cs,pending
WC-202406-21016216,2024-06-21,2024-06-21,,2026-01-15,CUST-L3-016216,SKU-MASS-014,TXN-202406-21016216,defect,,fahmai_cs,pending
WC-202406-21017805,2024-06-21,2024-06-21,,2026-01-15,CUST-L3-017805,SKU-MASS-054,TXN-202406-21017805,defect,,fahmai_cs,pending
WC-202406-21018474,2024-06-21,2024-06-21,,2026-01-15,CUST-L3-018474,SKU-MASS-064,TXN-202406-21018474,defect,,fahmai_cs,pending
WC-202406-21023870,2024-06-21,2024-06-21,,2026-01-15,CUST-L3-023870,SKU-MASS-066,TXN-202406-21023870,defect,,fahmai_cs,pending
WC-202406-21027115,2024-06-21,2024-06-21,,2026-01-15,CUST-L3-027115,SKU-MASS-016,TXN-202406-21027115,defect,,fahmai_cs,pending
WC-202406-21028504,2024-06-21,2024-06-21,,2026-01-15,CUST-L3-028504,SKU-MASS-088,TXN-202406-21028504,defect,,fahmai_cs,pending
WC-202406-22006991,2024-06-22,2024-06-22,,2026-01-15,CUST-L3-006991,SKU-MASS-101,TXN-202406-22006991,defect,,fahmai_cs,pending
WC-202406-22019537,2024-06-22,2024-06-22,,2026-01-15,CUST-L3-019537,SKU-MASS-035,TXN-202406-22019537,defect,,fahmai_cs,pending
WC-202406-22025936,2024-06-22,2024-06-22,,2026-01-15,CUST-L3-025936,SKU-MASS-062,TXN-202406-22025936,defect,,fahmai_cs,pending
WC-202406-23006266,2024-06-23,2024-06-23,,2026-01-15,CUST-L3-006266,SKU-MASS-008,TXN-202406-23006266,defect,,fahmai_cs,pending
WC-202406-23007773,2024-06-23,2024-06-23,,2026-01-15,CUST-L3-007773,SKU-MASS-075,TXN-202406-23007773,defect,,fahmai_cs,pending
WC-202406-23012708,2024-06-23,2024-06-23,,2026-01-15,CUST-L3-012708,SKU-MASS-084,TXN-202406-23012708,defect,,fahmai_cs,pending
WC-202406-23021066,2024-06-23,2024-06-23,,2026-01-15,CUST-L3-021066,SKU-MASS-009,TXN-202406-23021066,defect,,fahmai_cs,pending
WC-202406-23025489,2024-06-23,2024-06-23,,2026-01-15,CUST-L3-025489,SKU-MASS-065,TXN-202406-23025489,defect,,fahmai_cs,pending
WC-202406-24008349,2024-06-24,2024-06-24,,2026-01-15,CUST-L3-008349,SKU-MASS-097,TXN-202406-24008349,defect,,fahmai_cs,pending
WC-202406-24020451,2024-06-24,2024-06-24,,2026-01-15,CUST-L3-020451,SKU-MASS-088,TXN-202406-24020451,defect,,fahmai_cs,pending
WC-202406-24023234,2024-06-24,2024-06-24,,2026-01-15,CUST-L3-023234,SKU-MASS-067,TXN-202406-24023234,defect,,fahmai_cs,pending
WC-202406-24026026,2024-06-24,2024-06-24,,2026-01-15,CUST-L3-026026,SKU-MASS-042,TXN-202406-24026026,defect,,fahmai_cs,pending
WC-202406-24027860,2024-06-24,2024-06-24,,2026-01-15,CUST-L3-027860,SKU-MASS-055,TXN-202406-24027860,defect,,fahmai_cs,pending
WC-202406-25018685,2024-06-25,2024-06-25,,2026-01-15,CUST-L3-018685,SKU-MASS-013,TXN-202406-25018685,defect,,fahmai_cs,pending
WC-202406-25018911,2024-06-25,2024-06-25,,2026-01-15,CUST-L3-018911,SKU-MASS-045,TXN-202406-25018911,defect,,fahmai_cs,pending
WC-202406-25029037,2024-06-25,2024-06-25,,2026-01-15,CUST-L3-029037,SKU-MASS-017,TXN-202406-25029037,defect,,fahmai_cs,pending
WC-202406-26000771,2024-06-26,2024-06-26,,2026-01-15,CUST-L3-000771,SKU-MASS-101,TXN-202406-26000771,defect,,fahmai_cs,pending
WC-202406-26001390,2024-06-26,2024-06-26,,2026-01-15,CUST-L3-001390,SKU-MASS-101,TXN-202406-26001390,defect,,fahmai_cs,pending
WC-202406-26002012,2024-06-26,2024-06-26,,2026-01-15,CUST-L3-002012,SKU-MASS-081,TXN-202406-26002012,defect,,fahmai_cs,pending
WC-202406-26003329,2024-06-26,2024-06-26,,2026-01-15,CUST-L3-003329,SKU-MASS-012,TXN-202406-26003329,defect,,fahmai_cs,pending
WC-202406-26025389,2024-06-26,2024-06-26,,2026-01-15,CUST-L3-025389,SKU-MASS-042,TXN-202406-26025389,defect,,fahmai_cs,pending
WC-202406-27000054,2024-06-27,2024-06-27,,2026-01-15,CUST-L3-000054,SKU-MASS-023,TXN-202406-27000054,defect,,fahmai_cs,pending
WC-202406-27003965,2024-06-27,2024-06-27,,2026-01-15,CUST-L3-003965,SKU-MASS-027,TXN-202406-27003965,defect,,fahmai_cs,pending
WC-202406-27007949,2024-06-27,2024-06-27,,2026-01-15,CUST-L3-007949,SKU-MASS-086,TXN-202406-27007949,defect,,fahmai_cs,pending
WC-202406-27012048,2024-06-27,2024-06-27,,2026-01-15,CUST-L3-012048,SKU-MASS-088,TXN-202406-27012048,defect,,fahmai_cs,pending
WC-202406-27012523,2024-06-27,2024-06-27,,2026-01-15,CUST-L3-012523,SKU-MASS-030,TXN-202406-27012523,defect,,fahmai_cs,pending
WC-202406-27014661,2024-06-27,2024-06-27,,2026-01-15,CUST-L3-014661,SKU-MASS-008,TXN-202406-27014661,defect,,fahmai_cs,pending
WC-202406-27016220,2024-06-27,2024-06-27,,2026-01-15,CUST-L3-016220,SKU-MASS-085,TXN-202406-27016220,defect,,fahmai_cs,pending
WC-202406-27024179,2024-06-27,2024-06-27,,2026-01-15,CUST-L3-024179,SKU-MASS-047,TXN-202406-27024179,defect,,fahmai_cs,pending
WC-202406-27027271,2024-06-27,2024-06-27,,2026-01-15,CUST-L3-027271,SKU-MASS-046,TXN-202406-27027271,defect,,fahmai_cs,pending
WC-202406-28012499,2024-06-28,2024-06-28,,2026-01-15,CUST-L3-012499,SKU-MASS-036,TXN-202406-28012499,defect,,fahmai_cs,pending
WC-202406-28021630,2024-06-28,2024-06-28,,2026-01-15,CUST-L3-021630,SKU-MASS-071,TXN-202406-28021630,defect,,fahmai_cs,pending
WC-202406-28022906,2024-06-28,2024-06-28,,2026-01-15,CUST-L3-022906,SKU-MASS-038,TXN-202406-28022906,defect,,fahmai_cs,pending
WC-202406-29002688,2024-06-29,2024-06-29,,2026-01-15,CUST-L3-002688,SKU-MASS-035,TXN-202406-29002688,defect,,fahmai_cs,pending
WC-202406-29003512,2024-06-29,2024-06-29,,2026-01-15,CUST-L3-003512,SKU-MASS-008,TXN-202406-29003512,defect,,fahmai_cs,pending
WC-202406-29004835,2024-06-29,2024-06-29,,2026-01-15,CUST-L3-004835,SKU-MASS-059,TXN-202406-29004835,defect,,fahmai_cs,pending
WC-202406-29005912,2024-06-29,2024-06-29,,2026-01-15,CUST-L3-005912,SKU-MASS-027,TXN-202406-29005912,defect,,fahmai_cs,pending
WC-202406-29007465,2024-06-29,2024-06-29,,2026-01-15,CUST-L3-007465,SKU-MASS-015,TXN-202406-29007465,defect,,fahmai_cs,pending
WC-202406-29015192,2024-06-29,2024-06-29,,2026-01-15,CUST-L3-015192,SKU-MASS-049,TXN-202406-29015192,defect,,fahmai_cs,pending
WC-202406-29019328,2024-06-29,2024-06-29,,2026-01-15,CUST-L3-019328,SKU-MASS-060,TXN-202406-29019328,defect,,fahmai_cs,pending
WC-202406-29023133,2024-06-29,2024-06-29,,2026-01-15,CUST-L3-023133,SKU-MASS-084,TXN-202406-29023133,defect,,fahmai_cs,pending
WC-202406-29027133,2024-06-29,2024-06-29,,2026-01-15,CUST-L3-027133,SKU-MASS-057,TXN-202406-29027133,defect,,fahmai_cs,pending
WC-202406-30000350,2024-06-30,2024-06-30,,2026-01-15,CUST-L3-000350,SKU-MASS-030,TXN-202406-30000350,defect,,fahmai_cs,pending
WC-202406-30004573,2024-06-30,2024-06-30,,2026-01-15,CUST-L3-004573,SKU-MASS-103,TXN-202406-30004573,defect,,fahmai_cs,pending
WC-202406-30007790,2024-06-30,2024-06-30,,2026-01-15,CUST-L3-007790,SKU-MASS-077,TXN-202406-30007790,defect,,fahmai_cs,pending
WC-202406-30017211,2024-06-30,2024-06-30,,2026-01-15,CUST-L3-017211,SKU-MASS-059,TXN-202406-30017211,defect,,fahmai_cs,pending
WC-202406-30022928,2024-06-30,2024-06-30,,2026-01-15,CUST-L3-022928,SKU-MASS-036,TXN-202406-30022928,defect,,fahmai_cs,pending
WC-202406-30029498,2024-06-30,2024-06-30,,2026-01-15,CUST-L3-029498,SKU-MASS-040,TXN-202406-30029498,defect,,fahmai_cs,pending
WC-202407-01001260,2024-07-01,2024-07-01,,2026-01-15,CUST-L3-001260,SKU-MASS-023,TXN-202407-01001260,defect,,fahmai_cs,pending
WC-202407-01006270,2024-07-01,2024-07-01,,2026-01-15,CUST-L3-006270,SKU-MASS-007,TXN-202407-01006270,defect,,fahmai_cs,pending
WC-202407-01006550,2024-07-01,2024-07-01,,2026-01-15,CUST-L3-006550,SKU-MASS-071,TXN-202407-01006550,defect,,fahmai_cs,pending
WC-202407-01009988,2024-07-01,2024-07-01,,2026-01-15,CUST-L3-009988,SKU-MASS-076,TXN-202407-01009988,defect,,fahmai_cs,pending
WC-202407-01016403,2024-07-01,2024-07-01,,2026-01-15,CUST-L3-016403,SKU-MASS-026,TXN-202407-01016403,defect,,fahmai_cs,pending
WC-202407-01024304,2024-07-01,2024-07-01,,2026-01-15,CUST-L3-024304,SKU-MASS-063,TXN-202407-01024304,defect,,fahmai_cs,pending
WC-202407-02000315,2024-07-02,2024-07-02,,2026-01-15,CUST-L3-000315,SKU-MASS-030,TXN-202407-02000315,defect,,fahmai_cs,pending
WC-202407-02004032,2024-07-02,2024-07-02,,2026-01-15,CUST-L3-004032,SKU-MASS-103,TXN-202407-02004032,defect,,fahmai_cs,pending
WC-202407-02015371,2024-07-02,2024-07-02,,2026-01-15,CUST-L3-015371,SKU-MASS-060,TXN-202407-02015371,defect,,fahmai_cs,pending
WC-202407-02023510,2024-07-02,2024-07-02,,2026-01-15,CUST-L3-023510,SKU-MASS-060,TXN-202407-02023510,defect,,fahmai_cs,pending
WC-202407-02023601,2024-07-02,2024-07-02,,2026-01-15,CUST-L3-023601,SKU-MASS-090,TXN-202407-02023601,defect,,fahmai_cs,pending
WC-202407-02025477,2024-07-02,2024-07-02,,2026-01-15,CUST-L3-025477,SKU-MASS-032,TXN-202407-02025477,defect,,fahmai_cs,pending
WC-202407-02025905,2024-07-02,2024-07-02,,2026-01-15,CUST-L3-025905,SKU-MASS-011,TXN-202407-02025905,defect,,fahmai_cs,pending
WC-202407-02027397,2024-07-02,2024-07-02,,2026-01-15,CUST-L3-027397,SKU-MASS-021,TXN-202407-02027397,defect,,fahmai_cs,pending
WC-202407-03002542,2024-07-03,2024-07-03,,2026-01-15,CUST-L3-002542,SKU-MASS-074,TXN-202407-03002542,defect,,fahmai_cs,pending
WC-202407-03014108,2024-07-03,2024-07-03,,2026-01-15,CUST-L3-014108,SKU-MASS-024,TXN-202407-03014108,defect,,fahmai_cs,pending
WC-202407-03020890,2024-07-03,2024-07-03,,2026-01-15,CUST-L3-020890,SKU-MASS-015,TXN-202407-03020890,defect,,fahmai_cs,pending
WC-202407-04002363,2024-07-04,2024-07-04,,2026-01-15,CUST-L3-002363,SKU-MASS-070,TXN-202407-04002363,defect,,fahmai_cs,pending
WC-202407-04012658,2024-07-04,2024-07-04,,2026-01-15,CUST-L3-012658,SKU-MASS-014,TXN-202407-04012658,defect,,fahmai_cs,pending
WC-202407-04022450,2024-07-04,2024-07-04,,2026-01-15,CUST-L3-022450,SKU-MASS-092,TXN-202407-04022450,defect,,fahmai_cs,pending
WC-202407-04023450,2024-07-04,2024-07-04,,2026-01-15,CUST-L3-023450,SKU-MASS-072,TXN-202407-04023450,defect,,fahmai_cs,pending
WC-202407-04024094,2024-07-04,2024-07-04,,2026-01-15,CUST-L3-024094,AW-MN-001,TXN-202407-04024094,defect,,fahmai_cs,pending
WC-202407-05005212,2024-07-05,2024-07-05,,2026-01-15,CUST-L3-005212,SKU-MASS-104,TXN-202407-05005212,defect,,fahmai_cs,pending
WC-202407-05011944,2024-07-05,2024-07-05,,2026-01-15,CUST-L3-011944,SKU-MASS-068,TXN-202407-05011944,defect,,fahmai_cs,pending
WC-202407-05021472,2024-07-05,2024-07-05,,2026-01-15,CUST-L3-021472,SKU-MASS-025,TXN-202407-05021472,defect,,fahmai_cs,pending
WC-202407-05021966,2024-07-05,2024-07-05,,2026-01-15,CUST-L3-021966,SKU-MASS-042,TXN-202407-05021966,defect,,fahmai_cs,pending
WC-202407-05024405,2024-07-05,2024-07-05,,2026-01-15,CUST-L3-024405,SKU-MASS-059,TXN-202407-05024405,defect,,fahmai_cs,pending
WC-202407-06006494,2024-07-06,2024-07-06,,2026-01-15,CUST-L3-006494,SKU-MASS-013,TXN-202407-06006494,defect,,fahmai_cs,pending
WC-202407-06009098,2024-07-06,2024-07-06,,2026-01-15,CUST-L3-009098,SKU-MASS-058,TXN-202407-06009098,defect,,fahmai_cs,pending
WC-202407-06011560,2024-07-06,2024-07-06,,2026-01-15,CUST-L3-011560,SKU-MASS-029,TXN-202407-06011560,defect,,fahmai_cs,pending
WC-202407-06016712,2024-07-06,2024-07-06,,2026-01-15,CUST-L3-016712,SKU-MASS-069,TXN-202407-06016712,defect,,fahmai_cs,pending
WC-202407-06028804,2024-07-06,2024-07-06,,2026-01-15,CUST-L3-028804,SKU-MASS-072,TXN-202407-06028804,defect,,fahmai_cs,pending
WC-202407-07005810,2024-07-07,2024-07-07,,2026-01-15,CUST-L3-005810,SKU-STD-001,TXN-202407-07005810,defect,,fahmai_cs,pending
WC-202407-07012522,2024-07-07,2024-07-07,,2026-01-15,CUST-L3-012522,SKU-MASS-085,TXN-202407-07012522,defect,,fahmai_cs,pending
WC-202407-07013030,2024-07-07,2024-07-07,,2026-01-15,CUST-L3-013030,SKU-MASS-095,TXN-202407-07013030,defect,,fahmai_cs,pending
WC-202407-07023982,2024-07-07,2024-07-07,,2026-01-15,CUST-L3-023982,SKU-MASS-036,TXN-202407-07023982,defect,,fahmai_cs,pending
WC-202407-07024797,2024-07-07,2024-07-07,,2026-01-15,CUST-L3-024797,SKU-MASS-016,TXN-202407-07024797,defect,,fahmai_cs,pending
WC-202407-07026748,2024-07-07,2024-07-07,,2026-01-15,CUST-L3-026748,SKU-MASS-025,TXN-202407-07026748,defect,,fahmai_cs,pending
WC-202407-07027375,2024-07-07,2024-07-07,,2026-01-15,CUST-L3-027375,SKU-MASS-040,TXN-202407-07027375,defect,,fahmai_cs,pending
WC-202407-08000419,2024-07-08,2024-07-08,,2026-01-15,CUST-L3-000419,SKU-MASS-105,TXN-202407-08000419,defect,,fahmai_cs,pending
WC-202407-08013483,2024-07-08,2024-07-08,,2026-01-15,CUST-L3-013483,SKU-MASS-051,TXN-202407-08013483,defect,,fahmai_cs,pending
WC-202407-08014337,2024-07-08,2024-07-08,,2026-01-15,CUST-L3-014337,SKU-MASS-061,TXN-202407-08014337,defect,,fahmai_cs,pending
WC-202407-08025981,2024-07-08,2024-07-08,,2026-01-15,CUST-L3-025981,SKU-MASS-070,TXN-202407-08025981,defect,,fahmai_cs,pending
WC-202407-09002113,2024-07-09,2024-07-09,,2026-01-15,CUST-L3-002113,SKU-MASS-017,TXN-202407-09002113,defect,,fahmai_cs,pending
WC-202407-09002507,2024-07-09,2024-07-09,,2026-01-15,CUST-L3-002507,SKU-MASS-105,TXN-202407-09002507,defect,,fahmai_cs,pending
WC-202407-09003027,2024-07-09,2024-07-09,,2026-01-15,CUST-L3-003027,SKU-MASS-008,TXN-202407-09003027,defect,,fahmai_cs,pending
WC-202407-09007730,2024-07-09,2024-07-09,,2026-01-15,CUST-L3-007730,SKU-MASS-039,TXN-202407-09007730,defect,,fahmai_cs,pending
WC-202407-09009165,2024-07-09,2024-07-09,,2026-01-15,CUST-L3-009165,SKU-MASS-085,TXN-202407-09009165,defect,,fahmai_cs,pending
WC-202407-09013921,2024-07-09,2024-07-09,,2026-01-15,CUST-L3-013921,SKU-MASS-109,TXN-202407-09013921,defect,,fahmai_cs,pending
WC-202407-09014558,2024-07-09,2024-07-09,,2026-01-15,CUST-L3-014558,SKU-MASS-038,TXN-202407-09014558,defect,,fahmai_cs,pending
WC-202407-09015386,2024-07-09,2024-07-09,,2026-01-15,CUST-L3-015386,SKU-MASS-017,TXN-202407-09015386,defect,,fahmai_cs,pending
WC-202407-09021444,2024-07-09,2024-07-09,,2026-01-15,CUST-L3-021444,SKU-MASS-041,TXN-202407-09021444,defect,,fahmai_cs,pending
WC-202407-09025697,2024-07-09,2024-07-09,,2026-01-15,CUST-L3-025697,SKU-MASS-087,TXN-202407-09025697,defect,,fahmai_cs,pending
WC-202407-09029581,2024-07-09,2024-07-09,,2026-01-15,CUST-L3-029581,SKU-MASS-036,TXN-202407-09029581,defect,,fahmai_cs,pending
WC-202407-10016343,2024-07-10,2024-07-10,,2026-01-15,CUST-L3-016343,SKU-MASS-100,TXN-202407-10016343,defect,,fahmai_cs,pending
WC-202407-10027342,2024-07-10,2024-07-10,,2026-01-15,CUST-L3-027342,SKU-MASS-042,TXN-202407-10027342,defect,,fahmai_cs,pending
WC-202407-11028757,2024-07-11,2024-07-11,,2026-01-15,CUST-L3-028757,SKU-MASS-086,TXN-202407-11028757,defect,,fahmai_cs,pending
WC-202407-12008961,2024-07-12,2024-07-12,,2026-01-15,CUST-L3-008961,SKU-MASS-030,TXN-202407-12008961,defect,,fahmai_cs,pending
WC-202407-12012847,2024-07-12,2024-07-12,,2026-01-15,CUST-L3-012847,SKU-MASS-064,TXN-202407-12012847,defect,,fahmai_cs,pending
WC-202407-12014143,2024-07-12,2024-07-12,,2026-01-15,CUST-L3-014143,SKU-MASS-031,TXN-202407-12014143,defect,,fahmai_cs,pending
WC-202407-12015052,2024-07-12,2024-07-12,,2026-01-15,CUST-L3-015052,SKU-MASS-055,TXN-202407-12015052,defect,,fahmai_cs,pending
WC-202407-12024105,2024-07-12,2024-07-12,,2026-01-15,CUST-L3-024105,SKU-MASS-027,TXN-202407-12024105,defect,,fahmai_cs,pending
WC-202407-12024836,2024-07-12,2024-07-12,,2026-01-15,CUST-L3-024836,SKU-MASS-051,TXN-202407-12024836,defect,,fahmai_cs,pending
WC-202407-13000689,2024-07-13,2024-07-13,,2026-01-15,CUST-L3-000689,SKU-MASS-074,TXN-202407-13000689,defect,,fahmai_cs,pending
WC-202407-13002685,2024-07-13,2024-07-13,,2026-01-15,CUST-L3-002685,SKU-MASS-027,TXN-202407-13002685,defect,,fahmai_cs,pending
WC-202407-13011837,2024-07-13,2024-07-13,,2026-01-15,CUST-L3-011837,SKU-MASS-090,TXN-202407-13011837,defect,,fahmai_cs,pending
WC-202407-13013251,2024-07-13,2024-07-13,,2026-01-15,CUST-L3-013251,SKU-MASS-083,TXN-202407-13013251,defect,,fahmai_cs,pending
WC-202407-13015369,2024-07-13,2024-07-13,,2026-01-15,CUST-L3-015369,SKU-MASS-008,TXN-202407-13015369,defect,,fahmai_cs,pending
WC-202407-13022668,2024-07-13,2024-07-13,,2026-01-15,CUST-L3-022668,SKU-MASS-056,TXN-202407-13022668,defect,,fahmai_cs,pending
WC-202407-13023712,2024-07-13,2024-07-13,,2026-01-15,CUST-L3-023712,SKU-MASS-052,TXN-202407-13023712,defect,,fahmai_cs,pending
WC-202407-13026301,2024-07-13,2024-07-13,,2026-01-15,CUST-L3-026301,SKU-MASS-010,TXN-202407-13026301,defect,,fahmai_cs,pending
WC-202407-14013545,2024-07-14,2024-07-14,,2026-01-15,CUST-L3-013545,SKU-MASS-100,TXN-202407-14013545,defect,,fahmai_cs,pending
WC-202407-14018797,2024-07-14,2024-07-14,,2026-01-15,CUST-L3-018797,SKU-MASS-052,TXN-202407-14018797,defect,,fahmai_cs,pending
WC-202407-14023042,2024-07-14,2024-07-14,,2026-01-15,CUST-L3-023042,NT-LT-001,TXN-202407-14023042,defect,,fahmai_cs,pending
WC-202407-15000636,2024-07-15,2024-07-15,,2026-01-15,CUST-L3-000636,SKU-MASS-047,TXN-202407-15000636,defect,,fahmai_cs,pending
WC-202407-15011359,2024-07-15,2024-07-15,,2026-01-15,CUST-L3-011359,SKU-MASS-044,TXN-202407-15011359,defect,,fahmai_cs,pending
WC-202407-15022933,2024-07-15,2024-07-15,,2026-01-15,CUST-L3-022933,SKU-MASS-050,TXN-202407-15022933,defect,,fahmai_cs,pending
WC-202407-15026326,2024-07-15,2024-07-15,,2026-01-15,CUST-L3-026326,SKU-MASS-030,TXN-202407-15026326,defect,,fahmai_cs,pending
WC-202407-16007078,2024-07-16,2024-07-16,,2026-01-15,CUST-L3-007078,SKU-MASS-044,TXN-202407-16007078,defect,,fahmai_cs,pending
WC-202407-16007367,2024-07-16,2024-07-16,,2026-01-15,CUST-L3-007367,SKU-MASS-058,TXN-202407-16007367,defect,,fahmai_cs,pending
WC-202407-16011998,2024-07-16,2024-07-16,,2026-01-15,CUST-L3-011998,SKU-MASS-055,TXN-202407-16011998,defect,,fahmai_cs,pending
WC-202407-16023532,2024-07-16,2024-07-16,,2026-01-15,CUST-L3-023532,SKU-MASS-063,TXN-202407-16023532,defect,,fahmai_cs,pending
WC-202407-16025265,2024-07-16,2024-07-16,,2026-01-15,CUST-L3-025265,SKU-MASS-080,TXN-202407-16025265,defect,,fahmai_cs,pending
WC-202407-16027869,2024-07-16,2024-07-16,,2026-01-15,CUST-L3-027869,SKU-MASS-059,TXN-202407-16027869,defect,,fahmai_cs,pending
WC-202407-16028966,2024-07-16,2024-07-16,,2026-01-15,CUST-L3-028966,SKU-MASS-049,TXN-202407-16028966,defect,,fahmai_cs,pending
WC-202407-17002372,2024-07-17,2024-07-17,,2026-01-15,CUST-L3-002372,SKU-MASS-049,TXN-202407-17002372,defect,,fahmai_cs,pending
WC-202407-17002399,2024-07-17,2024-07-17,,2026-01-15,CUST-L3-002399,SKU-MASS-037,TXN-202407-17002399,defect,,fahmai_cs,pending
WC-202407-17009151,2024-07-17,2024-07-17,,2026-01-15,CUST-L3-009151,SKU-MASS-057,TXN-202407-17009151,defect,,fahmai_cs,pending
WC-202407-17009208,2024-07-17,2024-07-17,,2026-01-15,CUST-L3-009208,SKU-MASS-060,TXN-202407-17009208,defect,,fahmai_cs,pending
WC-202407-17013023,2024-07-17,2024-07-17,,2026-01-15,CUST-L3-013023,SKU-MASS-070,TXN-202407-17013023,defect,,fahmai_cs,pending
WC-202407-17024562,2024-07-17,2024-07-17,,2026-01-15,CUST-L3-024562,SKU-MASS-066,TXN-202407-17024562,defect,,fahmai_cs,pending
WC-202407-18000212,2024-07-18,2024-07-18,,2026-01-15,CUST-L3-000212,SKU-MASS-041,TXN-202407-18000212,defect,,fahmai_cs,pending
WC-202407-18006744,2024-07-18,2024-07-18,,2026-01-15,CUST-L3-006744,SKU-MASS-090,TXN-202407-18006744,defect,,fahmai_cs,pending
WC-202407-18014007,2024-07-18,2024-07-18,,2026-01-15,CUST-L3-014007,SKU-MASS-060,TXN-202407-18014007,defect,,fahmai_cs,pending
WC-202407-18014077,2024-07-18,2024-07-18,,2026-01-15,CUST-L3-014077,SKU-MASS-055,TXN-202407-18014077,defect,,fahmai_cs,pending
WC-202407-18016440,2024-07-18,2024-07-18,,2026-01-15,CUST-L3-016440,SKU-MASS-015,TXN-202407-18016440,defect,,fahmai_cs,pending
WC-202407-18016966,2024-07-18,2024-07-18,,2026-01-15,CUST-L3-016966,WK-SW-004,TXN-202407-18016966,defect,,fahmai_cs,pending
WC-202407-18017902,2024-07-18,2024-07-18,,2026-01-15,CUST-L3-017902,SKU-MASS-082,TXN-202407-18017902,defect,,fahmai_cs,pending
WC-202407-18018139,2024-07-18,2024-07-18,,2026-01-15,CUST-L3-018139,SKU-MASS-092,TXN-202407-18018139,defect,,fahmai_cs,pending
WC-202407-18021777,2024-07-18,2024-07-18,,2026-01-15,CUST-L3-021777,NT-LT-001,TXN-202407-18021777,defect,,fahmai_cs,pending
WC-202407-18025306,2024-07-18,2024-07-18,,2026-01-15,CUST-L3-025306,SKU-MASS-075,TXN-202407-18025306,defect,,fahmai_cs,pending
WC-202407-18029192,2024-07-18,2024-07-18,,2026-01-15,CUST-L3-029192,SKU-MASS-026,TXN-202407-18029192,defect,,fahmai_cs,pending
WC-202407-19000996,2024-07-19,2024-07-19,,2026-01-15,CUST-L3-000996,SKU-MASS-106,TXN-202407-19000996,defect,,fahmai_cs,pending
WC-202407-19003716,2024-07-19,2024-07-19,,2026-01-15,CUST-L3-003716,SKU-MASS-014,TXN-202407-19003716,defect,,fahmai_cs,pending
WC-202407-19013344,2024-07-19,2024-07-19,,2026-01-15,CUST-L3-013344,SKU-MASS-078,TXN-202407-19013344,defect,,fahmai_cs,pending
WC-202407-19016057,2024-07-19,2024-07-19,,2026-01-15,CUST-L3-016057,SKU-MASS-105,TXN-202407-19016057,defect,,fahmai_cs,pending
WC-202407-19020111,2024-07-19,2024-07-19,,2026-01-15,CUST-L3-020111,SKU-MASS-051,TXN-202407-19020111,defect,,fahmai_cs,pending
WC-202407-19024231,2024-07-19,2024-07-19,,2026-01-15,CUST-L3-024231,SKU-MASS-043,TXN-202407-19024231,defect,,fahmai_cs,pending
WC-202407-19028686,2024-07-19,2024-07-19,,2026-01-15,CUST-L3-028686,SKU-MASS-011,TXN-202407-19028686,defect,,fahmai_cs,pending
WC-202407-20005359,2024-07-20,2024-07-20,,2026-01-15,CUST-L3-005359,SKU-MASS-025,TXN-202407-20005359,defect,,fahmai_cs,pending
WC-202407-20011760,2024-07-20,2024-07-20,,2026-01-15,CUST-L3-011760,SKU-MASS-045,TXN-202407-20011760,defect,,fahmai_cs,pending
WC-202407-20018970,2024-07-20,2024-07-20,,2026-01-15,CUST-L3-018970,SKU-MASS-061,TXN-202407-20018970,defect,,fahmai_cs,pending
WC-202407-20019812,2024-07-20,2024-07-20,,2026-01-15,CUST-L3-019812,SKU-MASS-071,TXN-202407-20019812,defect,,fahmai_cs,pending
WC-202407-20025530,2024-07-20,2024-07-20,,2026-01-15,CUST-L3-025530,SKU-MASS-085,TXN-202407-20025530,defect,,fahmai_cs,pending
WC-202407-21002461,2024-07-21,2024-07-21,,2026-01-15,CUST-L3-002461,SKU-MASS-023,TXN-202407-21002461,defect,,fahmai_cs,pending
WC-202407-21006112,2024-07-21,2024-07-21,,2026-01-15,CUST-L3-006112,SKU-MASS-103,TXN-202407-21006112,defect,,fahmai_cs,pending
WC-202407-21008289,2024-07-21,2024-07-21,,2026-01-15,CUST-L3-008289,SKU-MASS-022,TXN-202407-21008289,defect,,fahmai_cs,pending
WC-202407-21014960,2024-07-21,2024-07-21,,2026-01-15,CUST-L3-014960,SKU-MASS-093,TXN-202407-21014960,defect,,fahmai_cs,pending
WC-202407-21019329,2024-07-21,2024-07-21,,2026-01-15,CUST-L3-019329,SKU-MASS-087,TXN-202407-21019329,defect,,fahmai_cs,pending
WC-202407-21024809,2024-07-21,2024-07-21,,2026-01-15,CUST-L3-024809,SKU-MASS-061,TXN-202407-21024809,defect,,fahmai_cs,pending
WC-202407-21026119,2024-07-21,2024-07-21,,2026-01-15,CUST-L3-026119,SKU-MASS-015,TXN-202407-21026119,defect,,fahmai_cs,pending
WC-202407-22006539,2024-07-22,2024-07-22,,2026-01-15,CUST-L3-006539,SKU-MASS-055,TXN-202407-22006539,defect,,fahmai_cs,pending
WC-202407-22008109,2024-07-22,2024-07-22,,2026-01-15,CUST-L3-008109,SKU-MASS-096,TXN-202407-22008109,defect,,fahmai_cs,pending
WC-202407-22012395,2024-07-22,2024-07-22,,2026-01-15,CUST-L3-012395,SKU-MASS-068,TXN-202407-22012395,defect,,fahmai_cs,pending
WC-202407-22012930,2024-07-22,2024-07-22,,2026-01-15,CUST-L3-012930,SKU-MASS-034,TXN-202407-22012930,defect,,fahmai_cs,pending
WC-202407-22013151,2024-07-22,2024-07-22,,2026-01-15,CUST-L3-013151,SKU-MASS-045,TXN-202407-22013151,defect,,fahmai_cs,pending
WC-202407-22013869,2024-07-22,2024-07-22,,2026-01-15,CUST-L3-013869,SKU-MASS-010,TXN-202407-22013869,defect,,fahmai_cs,pending
WC-202407-22016718,2024-07-22,2024-07-22,,2026-01-15,CUST-L3-016718,SKU-MASS-105,TXN-202407-22016718,defect,,fahmai_cs,pending
WC-202407-22021573,2024-07-22,2024-07-22,,2026-01-15,CUST-L3-021573,SKU-MASS-022,TXN-202407-22021573,defect,,fahmai_cs,pending
WC-202407-22025002,2024-07-22,2024-07-22,,2026-01-15,CUST-L3-025002,SKU-MASS-026,TXN-202407-22025002,defect,,fahmai_cs,pending
WC-202407-23001114,2024-07-23,2024-07-23,,2026-01-15,CUST-L3-001114,SKU-MASS-085,TXN-202407-23001114,defect,,fahmai_cs,pending
WC-202407-23010208,2024-07-23,2024-07-23,,2026-01-15,CUST-L3-010208,SKU-MASS-028,TXN-202407-23010208,defect,,fahmai_cs,pending
WC-202407-23010893,2024-07-23,2024-07-23,,2026-01-15,CUST-L3-010893,SKU-MASS-060,TXN-202407-23010893,defect,,fahmai_cs,pending
WC-202407-23016480,2024-07-23,2024-07-23,,2026-01-15,CUST-L3-016480,SKU-MASS-039,TXN-202407-23016480,defect,,fahmai_cs,pending
WC-202407-23018418,2024-07-23,2024-07-23,,2026-01-15,CUST-L3-018418,SKU-MASS-054,TXN-202407-23018418,defect,,fahmai_cs,pending
WC-202407-23028052,2024-07-23,2024-07-23,,2026-01-15,CUST-L3-028052,SKU-MASS-076,TXN-202407-23028052,defect,,fahmai_cs,pending
WC-202407-24002663,2024-07-24,2024-07-24,,2026-01-15,CUST-L3-002663,SKU-MASS-082,TXN-202407-24002663,defect,,fahmai_cs,pending
WC-202407-24004520,2024-07-24,2024-07-24,,2026-01-15,CUST-L3-004520,SKU-MASS-065,TXN-202407-24004520,defect,,fahmai_cs,pending
WC-202407-24018767,2024-07-24,2024-07-24,,2026-01-15,CUST-L3-018767,SKU-MASS-011,TXN-202407-24018767,defect,,fahmai_cs,pending
WC-202407-24019670,2024-07-24,2024-07-24,,2026-01-15,CUST-L3-019670,SKU-MASS-013,TXN-202407-24019670,defect,,fahmai_cs,pending
WC-202407-25003257,2024-07-25,2024-07-25,,2026-01-15,CUST-L3-003257,SKU-MASS-057,TXN-202407-25003257,defect,,fahmai_cs,pending
WC-202407-25005031,2024-07-25,2024-07-25,,2026-01-15,CUST-L3-005031,SKU-MASS-075,TXN-202407-25005031,defect,,fahmai_cs,pending
WC-202407-25009631,2024-07-25,2024-07-25,,2026-01-15,CUST-L3-009631,SKU-MASS-009,TXN-202407-25009631,defect,,fahmai_cs,pending
WC-202407-25013478,2024-07-25,2024-07-25,,2026-01-15,CUST-L3-013478,SKU-MASS-056,TXN-202407-25013478,defect,,fahmai_cs,pending
WC-202407-25017695,2024-07-25,2024-07-25,,2026-01-15,CUST-L3-017695,SKU-MASS-059,TXN-202407-25017695,defect,,fahmai_cs,pending
WC-202407-25017858,2024-07-25,2024-07-25,,2026-01-15,CUST-L3-017858,SKU-MASS-064,TXN-202407-25017858,defect,,fahmai_cs,pending
WC-202407-25023913,2024-07-25,2024-07-25,,2026-01-15,CUST-L3-023913,SKU-MASS-062,TXN-202407-25023913,defect,,fahmai_cs,pending
WC-202407-25026061,2024-07-25,2024-07-25,,2026-01-15,CUST-L3-026061,SKU-MASS-097,TXN-202407-25026061,defect,,fahmai_cs,pending
WC-202407-25027212,2024-07-25,2024-07-25,,2026-01-15,CUST-L3-027212,SKU-MASS-050,TXN-202407-25027212,defect,,fahmai_cs,pending
WC-202407-26017517,2024-07-26,2024-07-26,,2026-01-15,CUST-L3-017517,SKU-MASS-015,TXN-202407-26017517,defect,,fahmai_cs,pending
WC-202407-26026621,2024-07-26,2024-07-26,,2026-01-15,CUST-L3-026621,SKU-MASS-096,TXN-202407-26026621,defect,,fahmai_cs,pending
WC-202407-26027664,2024-07-26,2024-07-26,,2026-01-15,CUST-L3-027664,SKU-MASS-021,TXN-202407-26027664,defect,,fahmai_cs,pending
WC-202407-27001876,2024-07-27,2024-07-27,,2026-01-15,CUST-L3-001876,SKU-MASS-107,TXN-202407-27001876,defect,,fahmai_cs,pending
WC-202407-27026853,2024-07-27,2024-07-27,,2026-01-15,CUST-L3-026853,SKU-MASS-103,TXN-202407-27026853,defect,,fahmai_cs,pending
WC-202407-27028031,2024-07-27,2024-07-27,,2026-01-15,CUST-L3-028031,SKU-MASS-110,TXN-202407-27028031,defect,,fahmai_cs,pending
WC-202407-28010027,2024-07-28,2024-07-28,,2026-01-15,CUST-L3-010027,SKU-MASS-057,TXN-202407-28010027,defect,,fahmai_cs,pending
WC-202407-28025890,2024-07-28,2024-07-28,,2026-01-15,CUST-L3-025890,SKU-MASS-095,TXN-202407-28025890,defect,,fahmai_cs,pending
WC-202407-28028514,2024-07-28,2024-07-28,,2026-01-15,CUST-L3-028514,SKU-MASS-055,TXN-202407-28028514,defect,,fahmai_cs,pending
WC-202407-29007063,2024-07-29,2024-07-29,,2026-01-15,CUST-L3-007063,SKU-MASS-069,TXN-202407-29007063,defect,,fahmai_cs,pending
WC-202407-29017858,2024-07-29,2024-07-29,,2026-01-15,CUST-L3-017858,SKU-MASS-026,TXN-202407-29017858,defect,,fahmai_cs,pending
WC-202407-29020477,2024-07-29,2024-07-29,,2026-01-15,CUST-L3-020477,SKU-MASS-014,TXN-202407-29020477,defect,,fahmai_cs,pending
WC-202407-29028966,2024-07-29,2024-07-29,,2026-01-15,CUST-L3-028966,SKU-MASS-025,TXN-202407-29028966,defect,,fahmai_cs,pending
WC-202407-30000605,2024-07-30,2024-07-30,,2026-01-15,CUST-L3-000605,SKU-MASS-023,TXN-202407-30000605,defect,,fahmai_cs,pending
WC-202407-30014434,2024-07-30,2024-07-30,,2026-01-15,CUST-L3-014434,SKU-MASS-020,TXN-202407-30014434,defect,,fahmai_cs,pending
WC-202407-30019957,2024-07-30,2024-07-30,,2026-01-15,CUST-L3-019957,SKU-MASS-034,TXN-202407-30019957,defect,,fahmai_cs,pending
WC-202407-30022726,2024-07-30,2024-07-30,,2026-01-15,CUST-L3-022726,SKU-MASS-031,TXN-202407-30022726,defect,,fahmai_cs,pending
WC-202407-30023305,2024-07-30,2024-07-30,,2026-01-15,CUST-L3-023305,SKU-MASS-093,TXN-202407-30023305,defect,,fahmai_cs,pending
WC-202407-30026126,2024-07-30,2024-07-30,,2026-01-15,CUST-L3-026126,SKU-MASS-048,TXN-202407-30026126,defect,,fahmai_cs,pending
WC-202407-31003171,2024-07-31,2024-07-31,,2026-01-15,CUST-L3-003171,SKU-MASS-057,TXN-202407-31003171,defect,,fahmai_cs,pending
WC-202407-31006460,2024-07-31,2024-07-31,,2026-01-15,CUST-L3-006460,SKU-MASS-051,TXN-202407-31006460,defect,,fahmai_cs,pending
WC-202407-31012834,2024-07-31,2024-07-31,,2026-01-15,CUST-L3-012834,SKU-MASS-021,TXN-202407-31012834,defect,,fahmai_cs,pending
WC-202407-31015316,2024-07-31,2024-07-31,,2026-01-15,CUST-L3-015316,AW-MN-001,TXN-202407-31015316,defect,,fahmai_cs,pending
WC-202407-31015916,2024-07-31,2024-07-31,,2026-01-15,CUST-L3-015916,SKU-MASS-095,TXN-202407-31015916,defect,,fahmai_cs,pending
WC-202407-31027261,2024-07-31,2024-07-31,,2026-01-15,CUST-L3-027261,SKU-MASS-092,TXN-202407-31027261,defect,,fahmai_cs,pending
WC-202408-01003433,2024-08-01,2024-08-01,,2026-01-15,CUST-L3-003433,SKU-MASS-013,TXN-202408-01003433,defect,,fahmai_cs,pending
WC-202408-01004267,2024-08-01,2024-08-01,,2026-01-15,CUST-L3-004267,SKU-MASS-026,TXN-202408-01004267,defect,,fahmai_cs,pending
WC-202408-01006980,2024-08-01,2024-08-01,,2026-01-15,CUST-L3-006980,SKU-MASS-075,TXN-202408-01006980,defect,,fahmai_cs,pending
WC-202408-01009447,2024-08-01,2024-08-01,,2026-01-15,CUST-L3-009447,SKU-MASS-032,TXN-202408-01009447,defect,,fahmai_cs,pending
WC-202408-01017438,2024-08-01,2024-08-01,,2026-01-15,CUST-L3-017438,SKU-MASS-031,TXN-202408-01017438,defect,,fahmai_cs,pending
WC-202408-01025597,2024-08-01,2024-08-01,,2026-01-15,CUST-L3-025597,SKU-MASS-083,TXN-202408-01025597,defect,,fahmai_cs,pending
WC-202408-02003855,2024-08-02,2024-08-02,,2026-01-15,CUST-L3-003855,SKU-MASS-043,TXN-202408-02003855,defect,,fahmai_cs,pending
WC-202408-02011950,2024-08-02,2024-08-02,,2026-01-15,CUST-L3-011950,SKU-MASS-039,TXN-202408-02011950,defect,,fahmai_cs,pending
WC-202408-02012330,2024-08-02,2024-08-02,,2026-01-15,CUST-L3-012330,SKU-MASS-007,TXN-202408-02012330,defect,,fahmai_cs,pending
WC-202408-02012521,2024-08-02,2024-08-02,,2026-01-15,CUST-L3-012521,SKU-MASS-068,TXN-202408-02012521,defect,,fahmai_cs,pending
WC-202408-02014861,2024-08-02,2024-08-02,,2026-01-15,CUST-L3-014861,SKU-MASS-056,TXN-202408-02014861,defect,,fahmai_cs,pending
WC-202408-02024021,2024-08-02,2024-08-02,,2026-01-15,CUST-L3-024021,SKU-MASS-067,TXN-202408-02024021,defect,,fahmai_cs,pending
WC-202408-02028516,2024-08-02,2024-08-02,,2026-01-15,CUST-L3-028516,SKU-MASS-107,TXN-202408-02028516,defect,,fahmai_cs,pending
WC-202408-02029091,2024-08-02,2024-08-02,,2026-01-15,CUST-L3-029091,SKU-MASS-049,TXN-202408-02029091,defect,,fahmai_cs,pending
WC-202408-03002247,2024-08-03,2024-08-03,,2026-01-15,CUST-L3-002247,SKU-MASS-019,TXN-202408-03002247,defect,,fahmai_cs,pending
WC-202408-03016149,2024-08-03,2024-08-03,,2026-01-15,CUST-L3-016149,SKU-MASS-055,TXN-202408-03016149,defect,,fahmai_cs,pending
WC-202408-03016981,2024-08-03,2024-08-03,,2026-01-15,CUST-L3-016981,SKU-MASS-094,TXN-202408-03016981,defect,,fahmai_cs,pending
WC-202408-03025643,2024-08-03,2024-08-03,,2026-01-15,CUST-L3-025643,SKU-MASS-082,TXN-202408-03025643,defect,,fahmai_cs,pending
WC-202408-04000191,2024-08-04,2024-08-04,,2026-01-15,CUST-L3-000191,SKU-MASS-076,TXN-202408-04000191,defect,,fahmai_cs,pending
WC-202408-04001333,2024-08-04,2024-08-04,,2026-01-15,CUST-L3-001333,SKU-MASS-073,TXN-202408-04001333,defect,,fahmai_cs,pending
WC-202408-04005566,2024-08-04,2024-08-04,,2026-01-15,CUST-L3-005566,SKU-MASS-015,TXN-202408-04005566,defect,,fahmai_cs,pending
WC-202408-04006054,2024-08-04,2024-08-04,,2026-01-15,CUST-L3-006054,SKU-STD-001,TXN-202408-04006054,defect,,fahmai_cs,pending
WC-202408-04009092,2024-08-04,2024-08-04,,2026-01-15,CUST-L3-009092,SKU-MASS-108,TXN-202408-04009092,defect,,fahmai_cs,pending
WC-202408-04018011,2024-08-04,2024-08-04,,2026-01-15,CUST-L3-018011,SKU-MASS-074,TXN-202408-04018011,defect,,fahmai_cs,pending
WC-202408-04020673,2024-08-04,2024-08-04,,2026-01-15,CUST-L3-020673,SKU-MASS-052,TXN-202408-04020673,defect,,fahmai_cs,pending
WC-202408-04023150,2024-08-04,2024-08-04,,2026-01-15,CUST-L3-023150,SKU-MASS-026,TXN-202408-04023150,defect,,fahmai_cs,pending
WC-202408-04024295,2024-08-04,2024-08-04,,2026-01-15,CUST-L3-024295,NT-LT-001,TXN-202408-04024295,defect,,fahmai_cs,pending
WC-202408-04024892,2024-08-04,2024-08-04,,2026-01-15,CUST-L3-024892,SKU-MASS-056,TXN-202408-04024892,defect,,fahmai_cs,pending
WC-202408-05005044,2024-08-05,2024-08-05,,2026-01-15,CUST-L3-005044,SKU-MASS-026,TXN-202408-05005044,defect,,fahmai_cs,pending
WC-202408-05005084,2024-08-05,2024-08-05,,2026-01-15,CUST-L3-005084,SKU-MASS-042,TXN-202408-05005084,defect,,fahmai_cs,pending
WC-202408-05015899,2024-08-05,2024-08-05,,2026-01-15,CUST-L3-015899,SKU-MASS-081,TXN-202408-05015899,defect,,fahmai_cs,pending
WC-202408-05016157,2024-08-05,2024-08-05,,2026-01-15,CUST-L3-016157,DN-LT-010,TXN-202408-05016157,defect,,fahmai_cs,pending
WC-202408-05017244,2024-08-05,2024-08-05,,2026-01-15,CUST-L3-017244,SKU-MASS-054,TXN-202408-05017244,defect,,fahmai_cs,pending
WC-202408-06004743,2024-08-06,2024-08-06,,2026-01-15,CUST-L3-004743,SKU-MASS-014,TXN-202408-06004743,defect,,fahmai_cs,pending
WC-202408-06009107,2024-08-06,2024-08-06,,2026-01-15,CUST-L3-009107,SKU-MASS-029,TXN-202408-06009107,defect,,fahmai_cs,pending
WC-202408-06010021,2024-08-06,2024-08-06,,2026-01-15,CUST-L3-010021,SKU-MASS-065,TXN-202408-06010021,defect,,fahmai_cs,pending
WC-202408-06020988,2024-08-06,2024-08-06,,2026-01-15,CUST-L3-020988,SKU-MASS-110,TXN-202408-06020988,defect,,fahmai_cs,pending
WC-202408-07003713,2024-08-07,2024-08-07,,2026-01-15,CUST-L3-003713,SKU-MASS-019,TXN-202408-07003713,defect,,fahmai_cs,pending
WC-202408-07005528,2024-08-07,2024-08-07,,2026-01-15,CUST-L3-005528,SKU-MASS-087,TXN-202408-07005528,defect,,fahmai_cs,pending
WC-202408-07012009,2024-08-07,2024-08-07,,2026-01-15,CUST-L3-012009,SKU-MASS-100,TXN-202408-07012009,defect,,fahmai_cs,pending
WC-202408-07013173,2024-08-07,2024-08-07,,2026-01-15,CUST-L3-013173,SKU-MASS-009,TXN-202408-07013173,defect,,fahmai_cs,pending
WC-202408-07016716,2024-08-07,2024-08-07,,2026-01-15,CUST-L3-016716,SKU-MASS-028,TXN-202408-07016716,defect,,fahmai_cs,pending
WC-202408-07026776,2024-08-07,2024-08-07,,2026-01-15,CUST-L3-026776,SKU-MASS-044,TXN-202408-07026776,defect,,fahmai_cs,pending
WC-202408-08012450,2024-08-08,2024-08-08,,2026-01-15,CUST-L3-012450,SKU-STD-001,TXN-202408-08012450,defect,,fahmai_cs,pending
WC-202408-08017892,2024-08-08,2024-08-08,,2026-01-15,CUST-L3-017892,SKU-MASS-086,TXN-202408-08017892,defect,,fahmai_cs,pending
WC-202408-08019109,2024-08-08,2024-08-08,,2026-01-15,CUST-L3-019109,SKU-MASS-025,TXN-202408-08019109,defect,,fahmai_cs,pending
WC-202408-08023461,2024-08-08,2024-08-08,,2026-01-15,CUST-L3-023461,SKU-MASS-036,TXN-202408-08023461,defect,,fahmai_cs,pending
WC-202408-08024591,2024-08-08,2024-08-08,,2026-01-15,CUST-L3-024591,SKU-MASS-020,TXN-202408-08024591,defect,,fahmai_cs,pending
WC-202408-08025336,2024-08-08,2024-08-08,,2026-01-15,CUST-L3-025336,SKU-MASS-096,TXN-202408-08025336,defect,,fahmai_cs,pending
WC-202408-08026538,2024-08-08,2024-08-08,,2026-01-15,CUST-L3-026538,SKU-MASS-087,TXN-202408-08026538,defect,,fahmai_cs,pending
WC-202408-08029203,2024-08-08,2024-08-08,,2026-01-15,CUST-L3-029203,SKU-MASS-020,TXN-202408-08029203,defect,,fahmai_cs,pending
WC-202408-08029646,2024-08-08,2024-08-08,,2026-01-15,CUST-L3-029646,SKU-MASS-043,TXN-202408-08029646,defect,,fahmai_cs,pending
WC-202408-09000506,2024-08-09,2024-08-09,,2026-01-15,CUST-L3-000506,SKU-MASS-054,TXN-202408-09000506,defect,,fahmai_cs,pending
WC-202408-09006182,2024-08-09,2024-08-09,,2026-01-15,CUST-L3-006182,SKU-MASS-106,TXN-202408-09006182,defect,,fahmai_cs,pending
WC-202408-09028796,2024-08-09,2024-08-09,,2026-01-15,CUST-L3-028796,SKU-MASS-024,TXN-202408-09028796,defect,,fahmai_cs,pending
WC-202408-10006384,2024-08-10,2024-08-10,,2026-01-15,CUST-L3-006384,SKU-MASS-033,TXN-202408-10006384,defect,,fahmai_cs,pending
WC-202408-10015770,2024-08-10,2024-08-10,,2026-01-15,CUST-L3-015770,SKU-MASS-059,TXN-202408-10015770,defect,,fahmai_cs,pending
WC-202408-10017967,2024-08-10,2024-08-10,,2026-01-15,CUST-L3-017967,SKU-MASS-041,TXN-202408-10017967,defect,,fahmai_cs,pending
WC-202408-10018615,2024-08-10,2024-08-10,,2026-01-15,CUST-L3-018615,SKU-MASS-100,TXN-202408-10018615,defect,,fahmai_cs,pending
WC-202408-10021980,2024-08-10,2024-08-10,,2026-01-15,CUST-L3-021980,SKU-MASS-051,TXN-202408-10021980,defect,,fahmai_cs,pending
WC-202408-10025764,2024-08-10,2024-08-10,,2026-01-15,CUST-L3-025764,SKU-MASS-109,TXN-202408-10025764,defect,,fahmai_cs,pending
WC-202408-10026490,2024-08-10,2024-08-10,,2026-01-15,CUST-L3-026490,SKU-MASS-007,TXN-202408-10026490,defect,,fahmai_cs,pending
WC-202408-11001272,2024-08-11,2024-08-11,,2026-01-15,CUST-L3-001272,AW-MN-001,TXN-202408-11001272,defect,,fahmai_cs,pending
WC-202408-11015298,2024-08-11,2024-08-11,,2026-01-15,CUST-L3-015298,SKU-MASS-059,TXN-202408-11015298,defect,,fahmai_cs,pending
WC-202408-11023415,2024-08-11,2024-08-11,,2026-01-15,CUST-L3-023415,SKU-MASS-104,TXN-202408-11023415,defect,,fahmai_cs,pending
WC-202408-11025571,2024-08-11,2024-08-11,,2026-01-15,CUST-L3-025571,SKU-MASS-035,TXN-202408-11025571,defect,,fahmai_cs,pending
WC-202408-12002819,2024-08-12,2024-08-12,,2026-01-15,CUST-L3-002819,SKU-MASS-063,TXN-202408-12002819,defect,,fahmai_cs,pending
WC-202408-12004078,2024-08-12,2024-08-12,,2026-01-15,CUST-L3-004078,SKU-MASS-040,TXN-202408-12004078,defect,,fahmai_cs,pending
WC-202408-12004602,2024-08-12,2024-08-12,,2026-01-15,CUST-L3-004602,SKU-MASS-072,TXN-202408-12004602,defect,,fahmai_cs,pending
WC-202408-12005847,2024-08-12,2024-08-12,,2026-01-15,CUST-L3-005847,SKU-MASS-110,TXN-202408-12005847,defect,,fahmai_cs,pending
WC-202408-12007849,2024-08-12,2024-08-12,,2026-01-15,CUST-L3-007849,SKU-MASS-083,TXN-202408-12007849,defect,,fahmai_cs,pending
WC-202408-12009375,2024-08-12,2024-08-12,,2026-01-15,CUST-L3-009375,SKU-MASS-037,TXN-202408-12009375,defect,,fahmai_cs,pending
WC-202408-12016309,2024-08-12,2024-08-12,,2026-01-15,CUST-L3-016309,SKU-MASS-101,TXN-202408-12016309,defect,,fahmai_cs,pending
WC-202408-12018213,2024-08-12,2024-08-12,,2026-01-15,CUST-L3-018213,SKU-MASS-081,TXN-202408-12018213,defect,,fahmai_cs,pending
WC-202408-13002027,2024-08-13,2024-08-13,,2026-01-15,CUST-L3-002027,SKU-MASS-053,TXN-202408-13002027,defect,,fahmai_cs,pending
WC-202408-13010721,2024-08-13,2024-08-13,,2026-01-15,CUST-L3-010721,SKU-MASS-009,TXN-202408-13010721,defect,,fahmai_cs,pending
WC-202408-13012749,2024-08-13,2024-08-13,,2026-01-15,CUST-L3-012749,SKU-MASS-063,TXN-202408-13012749,defect,,fahmai_cs,pending
WC-202408-13021995,2024-08-13,2024-08-13,,2026-01-15,CUST-L3-021995,SKU-MASS-068,TXN-202408-13021995,defect,,fahmai_cs,pending
WC-202408-13023119,2024-08-13,2024-08-13,,2026-01-15,CUST-L3-023119,SKU-MASS-071,TXN-202408-13023119,defect,,fahmai_cs,pending
WC-202408-13028082,2024-08-13,2024-08-13,,2026-01-15,CUST-L3-028082,SKU-MASS-094,TXN-202408-13028082,defect,,fahmai_cs,pending
WC-202408-14005484,2024-08-14,2024-08-14,,2026-01-15,CUST-L3-005484,SKU-MASS-077,TXN-202408-14005484,defect,,fahmai_cs,pending
WC-202408-14006434,2024-08-14,2024-08-14,,2026-01-15,CUST-L3-006434,SKU-MASS-070,TXN-202408-14006434,defect,,fahmai_cs,pending
WC-202408-14016717,2024-08-14,2024-08-14,,2026-01-15,CUST-L3-016717,SKU-MASS-093,TXN-202408-14016717,defect,,fahmai_cs,pending
WC-202408-14020811,2024-08-14,2024-08-14,,2026-01-15,CUST-L3-020811,SKU-MASS-092,TXN-202408-14020811,defect,,fahmai_cs,pending
WC-202408-14024619,2024-08-14,2024-08-14,,2026-01-15,CUST-L3-024619,SKU-MASS-073,TXN-202408-14024619,defect,,fahmai_cs,pending
WC-202408-15001031,2024-08-15,2024-08-15,,2026-01-15,CUST-L3-001031,SKU-MASS-064,TXN-202408-15001031,defect,,fahmai_cs,pending
WC-202408-15004098,2024-08-15,2024-08-15,,2026-01-15,CUST-L3-004098,SKU-MASS-103,TXN-202408-15004098,defect,,fahmai_cs,pending
WC-202408-15006592,2024-08-15,2024-08-15,,2026-01-15,CUST-L3-006592,SKU-MASS-075,TXN-202408-15006592,defect,,fahmai_cs,pending
WC-202408-15010305,2024-08-15,2024-08-15,,2026-01-15,CUST-L3-010305,SKU-MASS-066,TXN-202408-15010305,defect,,fahmai_cs,pending
WC-202408-15022946,2024-08-15,2024-08-15,,2026-01-15,CUST-L3-022946,SKU-MASS-044,TXN-202408-15022946,defect,,fahmai_cs,pending
WC-202408-15025864,2024-08-15,2024-08-15,,2026-01-15,CUST-L3-025864,SKU-MASS-019,TXN-202408-15025864,defect,,fahmai_cs,pending
WC-202408-15027147,2024-08-15,2024-08-15,,2026-01-15,CUST-L3-027147,SKU-MASS-079,TXN-202408-15027147,defect,,fahmai_cs,pending
WC-202408-16004362,2024-08-16,2024-08-16,,2026-01-15,CUST-L3-004362,SKU-MASS-035,TXN-202408-16004362,defect,,fahmai_cs,pending
WC-202408-16010475,2024-08-16,2024-08-16,,2026-01-15,CUST-L3-010475,SKU-MASS-106,TXN-202408-16010475,defect,,fahmai_cs,pending
WC-202408-16011831,2024-08-16,2024-08-16,,2026-01-15,CUST-L3-011831,SKU-MASS-033,TXN-202408-16011831,defect,,fahmai_cs,pending
WC-202408-16016825,2024-08-16,2024-08-16,,2026-01-15,CUST-L3-016825,SKU-MASS-089,TXN-202408-16016825,defect,,fahmai_cs,pending
WC-202408-16025764,2024-08-16,2024-08-16,,2026-01-15,CUST-L3-025764,SKU-MASS-070,TXN-202408-16025764,defect,,fahmai_cs,pending
WC-202408-17000993,2024-08-17,2024-08-17,,2026-01-15,CUST-L3-000993,SKU-MASS-061,TXN-202408-17000993,defect,,fahmai_cs,pending
WC-202408-17003520,2024-08-17,2024-08-17,,2026-01-15,CUST-L3-003520,SKU-MASS-083,TXN-202408-17003520,defect,,fahmai_cs,pending
WC-202408-17010529,2024-08-17,2024-08-17,,2026-01-15,CUST-L3-010529,SKU-MASS-016,TXN-202408-17010529,defect,,fahmai_cs,pending
WC-202408-17013020,2024-08-17,2024-08-17,,2026-01-15,CUST-L3-013020,SKU-MASS-073,TXN-202408-17013020,defect,,fahmai_cs,pending
WC-202408-17018969,2024-08-17,2024-08-17,,2026-01-15,CUST-L3-018969,SKU-MASS-103,TXN-202408-17018969,defect,,fahmai_cs,pending
WC-202408-17021122,2024-08-17,2024-08-17,,2026-01-15,CUST-L3-021122,SKU-MASS-098,TXN-202408-17021122,defect,,fahmai_cs,pending
WC-202408-17027424,2024-08-17,2024-08-17,,2026-01-15,CUST-L3-027424,SKU-MASS-042,TXN-202408-17027424,defect,,fahmai_cs,pending
WC-202408-17028543,2024-08-17,2024-08-17,,2026-01-15,CUST-L3-028543,SKU-MASS-007,TXN-202408-17028543,defect,,fahmai_cs,pending
WC-202408-17028605,2024-08-17,2024-08-17,,2026-01-15,CUST-L3-028605,SKU-MASS-075,TXN-202408-17028605,defect,,fahmai_cs,pending
WC-202408-18015506,2024-08-18,2024-08-18,,2026-01-15,CUST-L3-015506,SKU-MASS-060,TXN-202408-18015506,defect,,fahmai_cs,pending
WC-202408-18020261,2024-08-18,2024-08-18,,2026-01-15,CUST-L3-020261,SKU-MASS-096,TXN-202408-18020261,defect,,fahmai_cs,pending
WC-202408-18026438,2024-08-18,2024-08-18,,2026-01-15,CUST-L3-026438,SKU-MASS-040,TXN-202408-18026438,defect,,fahmai_cs,pending
WC-202408-19000680,2024-08-19,2024-08-19,,2026-01-15,CUST-L3-000680,SKU-MASS-101,TXN-202408-19000680,defect,,fahmai_cs,pending
WC-202408-19001262,2024-08-19,2024-08-19,,2026-01-15,CUST-L3-001262,SKU-MASS-077,TXN-202408-19001262,defect,,fahmai_cs,pending
WC-202408-19004805,2024-08-19,2024-08-19,,2026-01-15,CUST-L3-004805,SKU-MASS-102,TXN-202408-19004805,defect,,fahmai_cs,pending
WC-202408-19012819,2024-08-19,2024-08-19,,2026-01-15,CUST-L3-012819,SKU-MASS-054,TXN-202408-19012819,defect,,fahmai_cs,pending
WC-202408-19021995,2024-08-19,2024-08-19,,2026-01-15,CUST-L3-021995,AW-MN-001,TXN-202408-19021995,defect,,fahmai_cs,pending
WC-202408-20003717,2024-08-20,2024-08-20,,2026-01-15,CUST-L3-003717,SKU-MASS-049,TXN-202408-20003717,defect,,fahmai_cs,pending
WC-202408-20010585,2024-08-20,2024-08-20,,2026-01-15,CUST-L3-010585,SKU-MASS-097,TXN-202408-20010585,defect,,fahmai_cs,pending
WC-202408-20012419,2024-08-20,2024-08-20,,2026-01-15,CUST-L3-012419,SKU-MASS-031,TXN-202408-20012419,defect,,fahmai_cs,pending
WC-202408-20016036,2024-08-20,2024-08-20,,2026-01-15,CUST-L3-016036,SKU-MASS-016,TXN-202408-20016036,defect,,fahmai_cs,pending
WC-202408-20023522,2024-08-20,2024-08-20,,2026-01-15,CUST-L3-023522,AW-MN-001,TXN-202408-20023522,defect,,fahmai_cs,pending
WC-202408-20024566,2024-08-20,2024-08-20,,2026-01-15,CUST-L3-024566,SKU-MASS-052,TXN-202408-20024566,defect,,fahmai_cs,pending
WC-202408-20025955,2024-08-20,2024-08-20,,2026-01-15,CUST-L3-025955,SKU-MASS-034,TXN-202408-20025955,defect,,fahmai_cs,pending
WC-202408-20026594,2024-08-20,2024-08-20,,2026-01-15,CUST-L3-026594,SKU-MASS-110,TXN-202408-20026594,defect,,fahmai_cs,pending
WC-202408-20027223,2024-08-20,2024-08-20,,2026-01-15,CUST-L3-027223,SKU-MASS-015,TXN-202408-20027223,defect,,fahmai_cs,pending
WC-202408-21000284,2024-08-21,2024-08-21,,2026-01-15,CUST-L3-000284,SKU-MASS-015,TXN-202408-21000284,defect,,fahmai_cs,pending
WC-202408-21002160,2024-08-21,2024-08-21,,2026-01-15,CUST-L3-002160,SKU-MASS-029,TXN-202408-21002160,defect,,fahmai_cs,pending
WC-202408-21002771,2024-08-21,2024-08-21,,2026-01-15,CUST-L3-002771,SKU-MASS-071,TXN-202408-21002771,defect,,fahmai_cs,pending
WC-202408-21002831,2024-08-21,2024-08-21,,2026-01-15,CUST-L3-002831,SKU-MASS-010,TXN-202408-21002831,defect,,fahmai_cs,pending
WC-202408-21007028,2024-08-21,2024-08-21,,2026-01-15,CUST-L3-007028,SKU-MASS-109,TXN-202408-21007028,defect,,fahmai_cs,pending
WC-202408-21007270,2024-08-21,2024-08-21,,2026-01-15,CUST-L3-007270,SKU-STD-001,TXN-202408-21007270,defect,,fahmai_cs,pending
WC-202408-21026661,2024-08-21,2024-08-21,,2026-01-15,CUST-L3-026661,SKU-MASS-009,TXN-202408-21026661,defect,,fahmai_cs,pending
WC-202408-21028971,2024-08-21,2024-08-21,,2026-01-15,CUST-L3-028971,SKU-MASS-029,TXN-202408-21028971,defect,,fahmai_cs,pending
WC-202408-22021017,2024-08-22,2024-08-22,,2026-01-15,CUST-L3-021017,SKU-MASS-076,TXN-202408-22021017,defect,,fahmai_cs,pending
WC-202408-22028594,2024-08-22,2024-08-22,,2026-01-15,CUST-L3-028594,SKU-MASS-021,TXN-202408-22028594,defect,,fahmai_cs,pending
WC-202408-23009748,2024-08-23,2024-08-23,,2026-01-15,CUST-L3-009748,AW-MN-001,TXN-202408-23009748,defect,,fahmai_cs,pending
WC-202408-23026916,2024-08-23,2024-08-23,,2026-01-15,CUST-L3-026916,SKU-MASS-061,TXN-202408-23026916,defect,,fahmai_cs,pending
WC-202408-23027053,2024-08-23,2024-08-23,,2026-01-15,CUST-L3-027053,SKU-MASS-072,TXN-202408-23027053,defect,,fahmai_cs,pending
WC-202408-23028196,2024-08-23,2024-08-23,,2026-01-15,CUST-L3-028196,SKU-MASS-068,TXN-202408-23028196,defect,,fahmai_cs,pending
WC-202408-24002215,2024-08-24,2024-08-24,,2026-01-15,CUST-L3-002215,SKU-MASS-076,TXN-202408-24002215,defect,,fahmai_cs,pending
WC-202408-24006678,2024-08-24,2024-08-24,,2026-01-15,CUST-L3-006678,SKU-MASS-032,TXN-202408-24006678,defect,,fahmai_cs,pending
WC-202408-24009746,2024-08-24,2024-08-24,,2026-01-15,CUST-L3-009746,SKU-MASS-012,TXN-202408-24009746,defect,,fahmai_cs,pending
WC-202408-24020194,2024-08-24,2024-08-24,,2026-01-15,CUST-L3-020194,SKU-MASS-076,TXN-202408-24020194,defect,,fahmai_cs,pending
WC-202408-24023609,2024-08-24,2024-08-24,,2026-01-15,CUST-L3-023609,SKU-MASS-049,TXN-202408-24023609,defect,,fahmai_cs,pending
WC-202408-25001561,2024-08-25,2024-08-25,,2026-01-15,CUST-L3-001561,SKU-MASS-075,TXN-202408-25001561,defect,,fahmai_cs,pending
WC-202408-25007284,2024-08-25,2024-08-25,,2026-01-15,CUST-L3-007284,SKU-MASS-016,TXN-202408-25007284,defect,,fahmai_cs,pending
WC-202408-25008030,2024-08-25,2024-08-25,,2026-01-15,CUST-L3-008030,SKU-MASS-049,TXN-202408-25008030,defect,,fahmai_cs,pending
WC-202408-25010915,2024-08-25,2024-08-25,,2026-01-15,CUST-L3-010915,SKU-MASS-044,TXN-202408-25010915,defect,,fahmai_cs,pending
WC-202408-25013901,2024-08-25,2024-08-25,,2026-01-15,CUST-L3-013901,SKU-MASS-098,TXN-202408-25013901,defect,,fahmai_cs,pending
WC-202408-25015325,2024-08-25,2024-08-25,,2026-01-15,CUST-L3-015325,SKU-MASS-070,TXN-202408-25015325,defect,,fahmai_cs,pending
WC-202408-25017082,2024-08-25,2024-08-25,,2026-01-15,CUST-L3-017082,SKU-MASS-077,TXN-202408-25017082,defect,,fahmai_cs,pending
WC-202408-25018796,2024-08-25,2024-08-25,,2026-01-15,CUST-L3-018796,SKU-MASS-058,TXN-202408-25018796,defect,,fahmai_cs,pending
WC-202408-25020245,2024-08-25,2024-08-25,,2026-01-15,CUST-L3-020245,SKU-MASS-061,TXN-202408-25020245,defect,,fahmai_cs,pending
WC-202408-25021995,2024-08-25,2024-08-25,,2026-01-15,CUST-L3-021995,SKU-MASS-022,TXN-202408-25021995,defect,,fahmai_cs,pending
WC-202408-25027661,2024-08-25,2024-08-25,,2026-01-15,CUST-L3-027661,SKU-MASS-078,TXN-202408-25027661,defect,,fahmai_cs,pending
WC-202408-25029365,2024-08-25,2024-08-25,,2026-01-15,CUST-L3-029365,SKU-MASS-095,TXN-202408-25029365,defect,,fahmai_cs,pending
WC-202408-26001448,2024-08-26,2024-08-26,,2026-01-15,CUST-L3-001448,SKU-MASS-088,TXN-202408-26001448,defect,,fahmai_cs,pending
WC-202408-26006346,2024-08-26,2024-08-26,,2026-01-15,CUST-L3-006346,SKU-MASS-083,TXN-202408-26006346,defect,,fahmai_cs,pending
WC-202408-26008154,2024-08-26,2024-08-26,,2026-01-15,CUST-L3-008154,SKU-MASS-062,TXN-202408-26008154,defect,,fahmai_cs,pending
WC-202408-26012937,2024-08-26,2024-08-26,,2026-01-15,CUST-L3-012937,SKU-MASS-065,TXN-202408-26012937,defect,,fahmai_cs,pending
WC-202408-26022035,2024-08-26,2024-08-26,,2026-01-15,CUST-L3-022035,SKU-MASS-020,TXN-202408-26022035,defect,,fahmai_cs,pending
WC-202408-26023717,2024-08-26,2024-08-26,,2026-01-15,CUST-L3-023717,SKU-MASS-064,TXN-202408-26023717,defect,,fahmai_cs,pending
WC-202408-27005393,2024-08-27,2024-08-27,,2026-01-15,CUST-L3-005393,SKU-MASS-026,TXN-202408-27005393,defect,,fahmai_cs,pending
WC-202408-27012973,2024-08-27,2024-08-27,,2026-01-15,CUST-L3-012973,SKU-MASS-011,TXN-202408-27012973,defect,,fahmai_cs,pending
WC-202408-27019287,2024-08-27,2024-08-27,,2026-01-15,CUST-L3-019287,SKU-MASS-082,TXN-202408-27019287,defect,,fahmai_cs,pending
WC-202408-27019811,2024-08-27,2024-08-27,,2026-01-15,CUST-L3-019811,SKU-MASS-013,TXN-202408-27019811,defect,,fahmai_cs,pending
WC-202408-27020117,2024-08-27,2024-08-27,,2026-01-15,CUST-L3-020117,SKU-STD-001,TXN-202408-27020117,defect,,fahmai_cs,pending
WC-202408-27021949,2024-08-27,2024-08-27,,2026-01-15,CUST-L3-021949,SKU-MASS-070,TXN-202408-27021949,defect,,fahmai_cs,pending
WC-202408-27023308,2024-08-27,2024-08-27,,2026-01-15,CUST-L3-023308,SKU-MASS-107,TXN-202408-27023308,defect,,fahmai_cs,pending
WC-202408-27026704,2024-08-27,2024-08-27,,2026-01-15,CUST-L3-026704,SKU-MASS-072,TXN-202408-27026704,defect,,fahmai_cs,pending
WC-202408-28000401,2024-08-28,2024-08-28,,2026-01-15,CUST-L3-000401,SKU-MASS-051,TXN-202408-28000401,defect,,fahmai_cs,pending
WC-202408-28002950,2024-08-28,2024-08-28,,2026-01-15,CUST-L3-002950,SKU-MASS-083,TXN-202408-28002950,defect,,fahmai_cs,pending
WC-202408-28004284,2024-08-28,2024-08-28,,2026-01-15,CUST-L3-004284,SKU-MASS-033,TXN-202408-28004284,defect,,fahmai_cs,pending
WC-202408-28009855,2024-08-28,2024-08-28,,2026-01-15,CUST-L3-009855,SKU-MASS-043,TXN-202408-28009855,defect,,fahmai_cs,pending
WC-202408-28018476,2024-08-28,2024-08-28,,2026-01-15,CUST-L3-018476,SKU-MASS-063,TXN-202408-28018476,defect,,fahmai_cs,pending
WC-202408-28024355,2024-08-28,2024-08-28,,2026-01-15,CUST-L3-024355,SKU-MASS-061,TXN-202408-28024355,defect,,fahmai_cs,pending
WC-202408-28026092,2024-08-28,2024-08-28,,2026-01-15,CUST-L3-026092,SKU-MASS-073,TXN-202408-28026092,defect,,fahmai_cs,pending
WC-202408-29002636,2024-08-29,2024-08-29,,2026-01-15,CUST-L3-002636,SKU-MASS-092,TXN-202408-29002636,defect,,fahmai_cs,pending
WC-202408-29003119,2024-08-29,2024-08-29,,2026-01-15,CUST-L3-003119,AW-MN-001,TXN-202408-29003119,defect,,fahmai_cs,pending
WC-202408-29003843,2024-08-29,2024-08-29,,2026-01-15,CUST-L3-003843,AW-MN-001,TXN-202408-29003843,defect,,fahmai_cs,pending
WC-202408-29003911,2024-08-29,2024-08-29,,2026-01-15,CUST-L3-003911,SKU-MASS-090,TXN-202408-29003911,defect,,fahmai_cs,pending
WC-202408-29004366,2024-08-29,2024-08-29,,2026-01-15,CUST-L3-004366,SKU-MASS-018,TXN-202408-29004366,defect,,fahmai_cs,pending
WC-202408-29010384,2024-08-29,2024-08-29,,2026-01-15,CUST-L3-010384,SKU-MASS-040,TXN-202408-29010384,defect,,fahmai_cs,pending
WC-202408-29014858,2024-08-29,2024-08-29,,2026-01-15,CUST-L3-014858,SKU-MASS-101,TXN-202408-29014858,defect,,fahmai_cs,pending
WC-202408-29015789,2024-08-29,2024-08-29,,2026-01-15,CUST-L3-015789,SKU-MASS-064,TXN-202408-29015789,defect,,fahmai_cs,pending
WC-202408-29019875,2024-08-29,2024-08-29,,2026-01-15,CUST-L3-019875,SKU-MASS-048,TXN-202408-29019875,defect,,fahmai_cs,pending
WC-202408-29026362,2024-08-29,2024-08-29,,2026-01-15,CUST-L3-026362,SKU-MASS-082,TXN-202408-29026362,defect,,fahmai_cs,pending
WC-202408-30009236,2024-08-30,2024-08-30,,2026-01-15,CUST-L3-009236,SKU-MASS-053,TXN-202408-30009236,defect,,fahmai_cs,pending
WC-202408-30016506,2024-08-30,2024-08-30,,2026-01-15,CUST-L3-016506,SKU-MASS-027,TXN-202408-30016506,defect,,fahmai_cs,pending
WC-202408-30020469,2024-08-30,2024-08-30,,2026-01-15,CUST-L3-020469,SKU-MASS-084,TXN-202408-30020469,defect,,fahmai_cs,pending
WC-202408-31006332,2024-08-31,2024-08-31,,2026-01-15,CUST-L3-006332,DN-LT-010,TXN-202408-31006332,defect,,fahmai_cs,pending
WC-202408-31011042,2024-08-31,2024-08-31,,2026-01-15,CUST-L3-011042,SKU-MASS-038,TXN-202408-31011042,defect,,fahmai_cs,pending
WC-202408-31017118,2024-08-31,2024-08-31,,2026-01-15,CUST-L3-017118,SKU-MASS-071,TXN-202408-31017118,defect,,fahmai_cs,pending
WC-202408-31017361,2024-08-31,2024-08-31,,2026-01-15,CUST-L3-017361,SKU-MASS-064,TXN-202408-31017361,defect,,fahmai_cs,pending
WC-202408-31017917,2024-08-31,2024-08-31,,2026-01-15,CUST-L3-017917,SKU-MASS-011,TXN-202408-31017917,defect,,fahmai_cs,pending
WC-202408-31020023,2024-08-31,2024-08-31,,2026-01-15,CUST-L3-020023,SKU-MASS-045,TXN-202408-31020023,defect,,fahmai_cs,pending
WC-202408-31023875,2024-08-31,2024-08-31,,2026-01-15,CUST-L3-023875,SKU-MASS-106,TXN-202408-31023875,defect,,fahmai_cs,pending
WC-202408-31026948,2024-08-31,2024-08-31,,2026-01-15,CUST-L3-026948,SKU-MASS-015,TXN-202408-31026948,defect,,fahmai_cs,pending
WC-202408-31027433,2024-08-31,2024-08-31,,2026-01-15,CUST-L3-027433,WK-SW-004,TXN-202408-31027433,defect,,fahmai_cs,pending
WC-202408-31028641,2024-08-31,2024-08-31,,2026-01-15,CUST-L3-028641,SKU-MASS-067,TXN-202408-31028641,defect,,fahmai_cs,pending
WC-202409-01001481,2024-09-01,2024-09-01,,2026-01-15,CUST-L3-001481,SKU-MASS-019,TXN-202409-01001481,defect,,fahmai_cs,pending
WC-202409-01002214,2024-09-01,2024-09-01,,2026-01-15,CUST-L3-002214,SKU-MASS-099,TXN-202409-01002214,defect,,fahmai_cs,pending
WC-202409-01011939,2024-09-01,2024-09-01,,2026-01-15,CUST-L3-011939,SKU-MASS-056,TXN-202409-01011939,defect,,fahmai_cs,pending
WC-202409-01017430,2024-09-01,2024-09-01,,2026-01-15,CUST-L3-017430,SKU-MASS-054,TXN-202409-01017430,defect,,fahmai_cs,pending
WC-202409-01018509,2024-09-01,2024-09-01,,2026-01-15,CUST-L3-018509,SKU-MASS-049,TXN-202409-01018509,defect,,fahmai_cs,pending
WC-202409-02000842,2024-09-02,2024-09-02,,2026-01-15,CUST-L3-000842,SKU-MASS-025,TXN-202409-02000842,defect,,fahmai_cs,pending
WC-202409-03005323,2024-09-03,2024-09-03,,2026-01-15,CUST-L3-005323,SKU-MASS-040,TXN-202409-03005323,defect,,fahmai_cs,pending
WC-202409-03007313,2024-09-03,2024-09-03,,2026-01-15,CUST-L3-007313,SKU-MASS-093,TXN-202409-03007313,defect,,fahmai_cs,pending
WC-202409-03009046,2024-09-03,2024-09-03,,2026-01-15,CUST-L3-009046,SKU-MASS-061,TXN-202409-03009046,defect,,fahmai_cs,pending
WC-202409-03010565,2024-09-03,2024-09-03,,2026-01-15,CUST-L3-010565,SKU-MASS-044,TXN-202409-03010565,defect,,fahmai_cs,pending
WC-202409-03012143,2024-09-03,2024-09-03,,2026-01-15,CUST-L3-012143,SKU-MASS-086,TXN-202409-03012143,defect,,fahmai_cs,pending
WC-202409-03015409,2024-09-03,2024-09-03,,2026-01-15,CUST-L3-015409,SKU-MASS-088,TXN-202409-03015409,defect,,fahmai_cs,pending
WC-202409-03015508,2024-09-03,2024-09-03,,2026-01-15,CUST-L3-015508,SKU-MASS-080,TXN-202409-03015508,defect,,fahmai_cs,pending
WC-202409-03021122,2024-09-03,2024-09-03,,2026-01-15,CUST-L3-021122,SKU-MASS-029,TXN-202409-03021122,defect,,fahmai_cs,pending
WC-202409-03021472,2024-09-03,2024-09-03,,2026-01-15,CUST-L3-021472,SKU-MASS-011,TXN-202409-03021472,defect,,fahmai_cs,pending
WC-202409-04003475,2024-09-04,2024-09-04,,2026-01-15,CUST-L3-003475,SKU-MASS-030,TXN-202409-04003475,defect,,fahmai_cs,pending
WC-202409-04009686,2024-09-04,2024-09-04,,2026-01-15,CUST-L3-009686,SKU-MASS-008,TXN-202409-04009686,defect,,fahmai_cs,pending
WC-202409-04013922,2024-09-04,2024-09-04,,2026-01-15,CUST-L3-013922,SKU-MASS-107,TXN-202409-04013922,defect,,fahmai_cs,pending
WC-202409-04019944,2024-09-04,2024-09-04,,2026-01-15,CUST-L3-019944,SKU-MASS-011,TXN-202409-04019944,defect,,fahmai_cs,pending
WC-202409-04024217,2024-09-04,2024-09-04,,2026-01-15,CUST-L3-024217,SKU-MASS-024,TXN-202409-04024217,defect,,fahmai_cs,pending
WC-202409-04025933,2024-09-04,2024-09-04,,2026-01-15,CUST-L3-025933,SKU-MASS-076,TXN-202409-04025933,defect,,fahmai_cs,pending
WC-202409-05002248,2024-09-05,2024-09-05,,2026-01-15,CUST-L3-002248,SKU-MASS-035,TXN-202409-05002248,defect,,fahmai_cs,pending
WC-202409-05004975,2024-09-05,2024-09-05,,2026-01-15,CUST-L3-004975,SKU-MASS-092,TXN-202409-05004975,defect,,fahmai_cs,pending
WC-202409-05011282,2024-09-05,2024-09-05,,2026-01-15,CUST-L3-011282,SKU-MASS-031,TXN-202409-05011282,defect,,fahmai_cs,pending
WC-202409-05019398,2024-09-05,2024-09-05,,2026-01-15,CUST-L3-019398,SKU-MASS-014,TXN-202409-05019398,defect,,fahmai_cs,pending
WC-202409-05022722,2024-09-05,2024-09-05,,2026-01-15,CUST-L3-022722,SKU-MASS-057,TXN-202409-05022722,defect,,fahmai_cs,pending
WC-202409-05028367,2024-09-05,2024-09-05,,2026-01-15,CUST-L3-028367,SKU-MASS-102,TXN-202409-05028367,defect,,fahmai_cs,pending
WC-202409-06007255,2024-09-06,2024-09-06,,2026-01-15,CUST-L3-007255,SKU-MASS-065,TXN-202409-06007255,defect,,fahmai_cs,pending
WC-202409-06008884,2024-09-06,2024-09-06,,2026-01-15,CUST-L3-008884,SKU-MASS-035,TXN-202409-06008884,defect,,fahmai_cs,pending
WC-202409-06028033,2024-09-06,2024-09-06,,2026-01-15,CUST-L3-028033,SKU-MASS-037,TXN-202409-06028033,defect,,fahmai_cs,pending
WC-202409-07012750,2024-09-07,2024-09-07,,2026-01-15,CUST-L3-012750,SKU-MASS-086,TXN-202409-07012750,defect,,fahmai_cs,pending
WC-202409-08003226,2024-09-08,2024-09-08,,2026-01-15,CUST-L3-003226,SKU-MASS-110,TXN-202409-08003226,defect,,fahmai_cs,pending
WC-202409-08005986,2024-09-08,2024-09-08,,2026-01-15,CUST-L3-005986,SKU-MASS-046,TXN-202409-08005986,defect,,fahmai_cs,pending
WC-202409-08010440,2024-09-08,2024-09-08,,2026-01-15,CUST-L3-010440,DN-LT-010,TXN-202409-08010440,defect,,fahmai_cs,pending
WC-202409-09000905,2024-09-09,2024-09-09,,2026-01-15,CUST-L3-000905,SKU-MASS-096,TXN-202409-09000905,defect,,fahmai_cs,pending
WC-202409-09002021,2024-09-09,2024-09-09,,2026-01-15,CUST-L3-002021,SKU-MASS-024,TXN-202409-09002021,defect,,fahmai_cs,pending
WC-202409-09002419,2024-09-09,2024-09-09,,2026-01-15,CUST-L3-002419,SKU-MASS-083,TXN-202409-09002419,defect,,fahmai_cs,pending
WC-202409-09003603,2024-09-09,2024-09-09,,2026-01-15,CUST-L3-003603,SKU-MASS-106,TXN-202409-09003603,defect,,fahmai_cs,pending
WC-202409-09013798,2024-09-09,2024-09-09,,2026-01-15,CUST-L3-013798,SKU-MASS-109,TXN-202409-09013798,defect,,fahmai_cs,pending
WC-202409-09013868,2024-09-09,2024-09-09,,2026-01-15,CUST-L3-013868,SKU-MASS-015,TXN-202409-09013868,defect,,fahmai_cs,pending
WC-202409-09014955,2024-09-09,2024-09-09,,2026-01-15,CUST-L3-014955,SKU-MASS-073,TXN-202409-09014955,defect,,fahmai_cs,pending
WC-202409-09026417,2024-09-09,2024-09-09,,2026-01-15,CUST-L3-026417,SKU-MASS-013,TXN-202409-09026417,defect,,fahmai_cs,pending
WC-202409-09029582,2024-09-09,2024-09-09,,2026-01-15,CUST-L3-029582,SKU-MASS-106,TXN-202409-09029582,defect,,fahmai_cs,pending
WC-202409-10005484,2024-09-10,2024-09-10,,2026-01-15,CUST-L3-005484,SKU-MASS-027,TXN-202409-10005484,defect,,fahmai_cs,pending
WC-202409-10016539,2024-09-10,2024-09-10,,2026-01-15,CUST-L3-016539,SKU-MASS-043,TXN-202409-10016539,defect,,fahmai_cs,pending
WC-202409-10019422,2024-09-10,2024-09-10,,2026-01-15,CUST-L3-019422,SKU-MASS-092,TXN-202409-10019422,defect,,fahmai_cs,pending
WC-202409-10020927,2024-09-10,2024-09-10,,2026-01-15,CUST-L3-020927,SKU-MASS-110,TXN-202409-10020927,defect,,fahmai_cs,pending
WC-202409-10027721,2024-09-10,2024-09-10,,2026-01-15,CUST-L3-027721,SKU-MASS-019,TXN-202409-10027721,defect,,fahmai_cs,pending
WC-202409-11016617,2024-09-11,2024-09-11,,2026-01-15,CUST-L3-016617,SKU-MASS-021,TXN-202409-11016617,defect,,fahmai_cs,pending
WC-202409-12006045,2024-09-12,2024-09-12,,2026-01-15,CUST-L3-006045,SKU-MASS-093,TXN-202409-12006045,defect,,fahmai_cs,pending
WC-202409-12006479,2024-09-12,2024-09-12,,2026-01-15,CUST-L3-006479,SKU-MASS-027,TXN-202409-12006479,defect,,fahmai_cs,pending
WC-202409-12010159,2024-09-12,2024-09-12,,2026-01-15,CUST-L3-010159,SKU-MASS-080,TXN-202409-12010159,defect,,fahmai_cs,pending
WC-202409-12018560,2024-09-12,2024-09-12,,2026-01-15,CUST-L3-018560,SKU-MASS-025,TXN-202409-12018560,defect,,fahmai_cs,pending
WC-202409-12019201,2024-09-12,2024-09-12,,2026-01-15,CUST-L3-019201,SKU-MASS-055,TXN-202409-12019201,defect,,fahmai_cs,pending
WC-202409-12022747,2024-09-12,2024-09-12,,2026-01-15,CUST-L3-022747,SKU-MASS-026,TXN-202409-12022747,defect,,fahmai_cs,pending
WC-202409-12027396,2024-09-12,2024-09-12,,2026-01-15,CUST-L3-027396,SKU-MASS-058,TXN-202409-12027396,defect,,fahmai_cs,pending
WC-202409-13002373,2024-09-13,2024-09-13,,2026-01-15,CUST-L3-002373,SKU-MASS-087,TXN-202409-13002373,defect,,fahmai_cs,pending
WC-202409-13007769,2024-09-13,2024-09-13,,2026-01-15,CUST-L3-007769,SKU-MASS-107,TXN-202409-13007769,defect,,fahmai_cs,pending
WC-202409-13023813,2024-09-13,2024-09-13,,2026-01-15,CUST-L3-023813,SKU-MASS-042,TXN-202409-13023813,defect,,fahmai_cs,pending
WC-202409-13027412,2024-09-13,2024-09-13,,2026-01-15,CUST-L3-027412,SKU-MASS-043,TXN-202409-13027412,defect,,fahmai_cs,pending
WC-202409-14006203,2024-09-14,2024-09-14,,2026-01-15,CUST-L3-006203,SKU-MASS-050,TXN-202409-14006203,defect,,fahmai_cs,pending
WC-202409-14008858,2024-09-14,2024-09-14,,2026-01-15,CUST-L3-008858,SKU-MASS-014,TXN-202409-14008858,defect,,fahmai_cs,pending
WC-202409-14020505,2024-09-14,2024-09-14,,2026-01-15,CUST-L3-020505,SKU-MASS-008,TXN-202409-14020505,defect,,fahmai_cs,pending
WC-202409-14021419,2024-09-14,2024-09-14,,2026-01-15,CUST-L3-021419,SKU-MASS-095,TXN-202409-14021419,defect,,fahmai_cs,pending
WC-202409-14023407,2024-09-14,2024-09-14,,2026-01-15,CUST-L3-023407,SKU-MASS-017,TXN-202409-14023407,defect,,fahmai_cs,pending
WC-202409-14028739,2024-09-14,2024-09-14,,2026-01-15,CUST-L3-028739,SKU-MASS-083,TXN-202409-14028739,defect,,fahmai_cs,pending
WC-202409-15004868,2024-09-15,2024-09-15,,2026-01-15,CUST-L3-004868,SKU-MASS-037,TXN-202409-15004868,defect,,fahmai_cs,pending
WC-202409-15008386,2024-09-15,2024-09-15,,2026-01-15,CUST-L3-008386,SKU-MASS-037,TXN-202409-15008386,defect,,fahmai_cs,pending
WC-202409-15011064,2024-09-15,2024-09-15,,2026-01-15,CUST-L3-011064,SKU-MASS-052,TXN-202409-15011064,defect,,fahmai_cs,pending
WC-202409-15015586,2024-09-15,2024-09-15,,2026-01-15,CUST-L3-015586,SKU-MASS-088,TXN-202409-15015586,defect,,fahmai_cs,pending
WC-202409-15018927,2024-09-15,2024-09-15,,2026-01-15,CUST-L3-018927,SKU-MASS-055,TXN-202409-15018927,defect,,fahmai_cs,pending
WC-202409-15022077,2024-09-15,2024-09-15,,2026-01-15,CUST-L3-022077,SKU-MASS-014,TXN-202409-15022077,defect,,fahmai_cs,pending
WC-202409-15024575,2024-09-15,2024-09-15,,2026-01-15,CUST-L3-024575,SKU-MASS-029,TXN-202409-15024575,defect,,fahmai_cs,pending
WC-202409-16000628,2024-09-16,2024-09-16,,2026-01-15,CUST-L3-000628,SKU-MASS-099,TXN-202409-16000628,defect,,fahmai_cs,pending
WC-202409-16002599,2024-09-16,2024-09-16,,2026-01-15,CUST-L3-002599,SKU-MASS-009,TXN-202409-16002599,defect,,fahmai_cs,pending
WC-202409-16004870,2024-09-16,2024-09-16,,2026-01-15,CUST-L3-004870,SKU-MASS-023,TXN-202409-16004870,defect,,fahmai_cs,pending
WC-202409-16006929,2024-09-16,2024-09-16,,2026-01-15,CUST-L3-006929,SKU-MASS-035,TXN-202409-16006929,defect,,fahmai_cs,pending
WC-202409-16011458,2024-09-16,2024-09-16,,2026-01-15,CUST-L3-011458,SKU-MASS-091,TXN-202409-16011458,defect,,fahmai_cs,pending
WC-202409-16017703,2024-09-16,2024-09-16,,2026-01-15,CUST-L3-017703,SKU-MASS-086,TXN-202409-16017703,defect,,fahmai_cs,pending
WC-202409-16021447,2024-09-16,2024-09-16,,2026-01-15,CUST-L3-021447,SKU-MASS-076,TXN-202409-16021447,defect,,fahmai_cs,pending
WC-202409-16026177,2024-09-16,2024-09-16,,2026-01-15,CUST-L3-026177,SKU-MASS-058,TXN-202409-16026177,defect,,fahmai_cs,pending
WC-202409-17003903,2024-09-17,2024-09-17,,2026-01-15,CUST-L3-003903,SKU-MASS-105,TXN-202409-17003903,defect,,fahmai_cs,pending
WC-202409-17019940,2024-09-17,2024-09-17,,2026-01-15,CUST-L3-019940,SKU-MASS-027,TXN-202409-17019940,defect,,fahmai_cs,pending
WC-202409-17021134,2024-09-17,2024-09-17,,2026-01-15,CUST-L3-021134,SKU-MASS-025,TXN-202409-17021134,defect,,fahmai_cs,pending
WC-202409-17025107,2024-09-17,2024-09-17,,2026-01-15,CUST-L3-025107,SKU-MASS-048,TXN-202409-17025107,defect,,fahmai_cs,pending
WC-202409-17029491,2024-09-17,2024-09-17,,2026-01-15,CUST-L3-029491,SKU-MASS-011,TXN-202409-17029491,defect,,fahmai_cs,pending
WC-202409-18004851,2024-09-18,2024-09-18,,2026-01-15,CUST-L3-004851,SKU-MASS-053,TXN-202409-18004851,defect,,fahmai_cs,pending
WC-202409-18014072,2024-09-18,2024-09-18,,2026-01-15,CUST-L3-014072,SKU-MASS-057,TXN-202409-18014072,defect,,fahmai_cs,pending
WC-202409-19001117,2024-09-19,2024-09-19,,2026-01-15,CUST-L3-001117,SKU-MASS-088,TXN-202409-19001117,defect,,fahmai_cs,pending
WC-202409-19001644,2024-09-19,2024-09-19,,2026-01-15,CUST-L3-001644,SKU-MASS-073,TXN-202409-19001644,defect,,fahmai_cs,pending
WC-202409-19011557,2024-09-19,2024-09-19,,2026-01-15,CUST-L3-011557,SKU-MASS-011,TXN-202409-19011557,defect,,fahmai_cs,pending
WC-202409-19015562,2024-09-19,2024-09-19,,2026-01-15,CUST-L3-015562,SKU-MASS-022,TXN-202409-19015562,defect,,fahmai_cs,pending
WC-202409-19018934,2024-09-19,2024-09-19,,2026-01-15,CUST-L3-018934,SKU-MASS-103,TXN-202409-19018934,defect,,fahmai_cs,pending
WC-202409-19020456,2024-09-19,2024-09-19,,2026-01-15,CUST-L3-020456,SKU-MASS-094,TXN-202409-19020456,defect,,fahmai_cs,pending
WC-202409-20007045,2024-09-20,2024-09-20,,2026-01-15,CUST-L3-007045,SKU-MASS-074,TXN-202409-20007045,defect,,fahmai_cs,pending
WC-202409-20012458,2024-09-20,2024-09-20,,2026-01-15,CUST-L3-012458,SKU-MASS-015,TXN-202409-20012458,defect,,fahmai_cs,pending
WC-202409-20013724,2024-09-20,2024-09-20,,2026-01-15,CUST-L3-013724,SKU-MASS-110,TXN-202409-20013724,defect,,fahmai_cs,pending
WC-202409-20020422,2024-09-20,2024-09-20,,2026-01-15,CUST-L3-020422,SKU-MASS-063,TXN-202409-20020422,defect,,fahmai_cs,pending
WC-202409-21001581,2024-09-21,2024-09-21,,2026-01-15,CUST-L3-001581,SKU-MASS-049,TXN-202409-21001581,defect,,fahmai_cs,pending
WC-202409-21008092,2024-09-21,2024-09-21,,2026-01-15,CUST-L3-008092,SKU-MASS-018,TXN-202409-21008092,defect,,fahmai_cs,pending
WC-202409-21012949,2024-09-21,2024-09-21,,2026-01-15,CUST-L3-012949,SKU-MASS-100,TXN-202409-21012949,defect,,fahmai_cs,pending
WC-202409-21015029,2024-09-21,2024-09-21,,2026-01-15,CUST-L3-015029,SKU-MASS-101,TXN-202409-21015029,defect,,fahmai_cs,pending
WC-202409-21018675,2024-09-21,2024-09-21,,2026-01-15,CUST-L3-018675,SKU-MASS-026,TXN-202409-21018675,defect,,fahmai_cs,pending
WC-202409-21026876,2024-09-21,2024-09-21,,2026-01-15,CUST-L3-026876,SKU-MASS-085,TXN-202409-21026876,defect,,fahmai_cs,pending
WC-202409-22003292,2024-09-22,2024-09-22,,2026-01-15,CUST-L3-003292,SKU-MASS-106,TXN-202409-22003292,defect,,fahmai_cs,pending
WC-202409-22018389,2024-09-22,2024-09-22,,2026-01-15,CUST-L3-018389,SKU-MASS-083,TXN-202409-22018389,defect,,fahmai_cs,pending
WC-202409-22026486,2024-09-22,2024-09-22,,2026-01-15,CUST-L3-026486,SKU-MASS-007,TXN-202409-22026486,defect,,fahmai_cs,pending
WC-202409-22029603,2024-09-22,2024-09-22,,2026-01-15,CUST-L3-029603,SKU-MASS-085,TXN-202409-22029603,defect,,fahmai_cs,pending
WC-202409-23009415,2024-09-23,2024-09-23,,2026-01-15,CUST-L3-009415,SKU-MASS-033,TXN-202409-23009415,defect,,fahmai_cs,pending
WC-202409-23017348,2024-09-23,2024-09-23,,2026-01-15,CUST-L3-017348,SKU-MASS-061,TXN-202409-23017348,defect,,fahmai_cs,pending
WC-202409-23017362,2024-09-23,2024-09-23,,2026-01-15,CUST-L3-017362,SKU-MASS-095,TXN-202409-23017362,defect,,fahmai_cs,pending
WC-202409-23018296,2024-09-23,2024-09-23,,2026-01-15,CUST-L3-018296,SKU-MASS-052,TXN-202409-23018296,defect,,fahmai_cs,pending
WC-202409-23023262,2024-09-23,2024-09-23,,2026-01-15,CUST-L3-023262,WK-SW-004,TXN-202409-23023262,defect,,fahmai_cs,pending
WC-202409-24006883,2024-09-24,2024-09-24,,2026-01-15,CUST-L3-006883,SKU-MASS-034,TXN-202409-24006883,defect,,fahmai_cs,pending
WC-202409-25001836,2024-09-25,2024-09-25,,2026-01-15,CUST-L3-001836,SKU-MASS-073,TXN-202409-25001836,defect,,fahmai_cs,pending
WC-202409-25007019,2024-09-25,2024-09-25,,2026-01-15,CUST-L3-007019,SKU-MASS-090,TXN-202409-25007019,defect,,fahmai_cs,pending
WC-202409-25007359,2024-09-25,2024-09-25,,2026-01-15,CUST-L3-007359,SKU-MASS-016,TXN-202409-25007359,defect,,fahmai_cs,pending
WC-202409-25007539,2024-09-25,2024-09-25,,2026-01-15,CUST-L3-007539,SKU-MASS-089,TXN-202409-25007539,defect,,fahmai_cs,pending
WC-202409-25015324,2024-09-25,2024-09-25,,2026-01-15,CUST-L3-015324,SKU-MASS-022,TXN-202409-25015324,defect,,fahmai_cs,pending
WC-202409-25017901,2024-09-25,2024-09-25,,2026-01-15,CUST-L3-017901,SKU-MASS-062,TXN-202409-25017901,defect,,fahmai_cs,pending
WC-202409-25018883,2024-09-25,2024-09-25,,2026-01-15,CUST-L3-018883,SKU-MASS-056,TXN-202409-25018883,defect,,fahmai_cs,pending
WC-202409-25026531,2024-09-25,2024-09-25,,2026-01-15,CUST-L3-026531,SKU-MASS-056,TXN-202409-25026531,defect,,fahmai_cs,pending
WC-202409-25027831,2024-09-25,2024-09-25,,2026-01-15,CUST-L3-027831,SKU-MASS-078,TXN-202409-25027831,defect,,fahmai_cs,pending
WC-202409-25029787,2024-09-25,2024-09-25,,2026-01-15,CUST-L3-029787,SKU-MASS-039,TXN-202409-25029787,defect,,fahmai_cs,pending
WC-202409-26008681,2024-09-26,2024-09-26,,2026-01-15,CUST-L3-008681,SKU-MASS-039,TXN-202409-26008681,defect,,fahmai_cs,pending
WC-202409-26018943,2024-09-26,2024-09-26,,2026-01-15,CUST-L3-018943,SKU-MASS-055,TXN-202409-26018943,defect,,fahmai_cs,pending
WC-202409-26021061,2024-09-26,2024-09-26,,2026-01-15,CUST-L3-021061,SKU-MASS-052,TXN-202409-26021061,defect,,fahmai_cs,pending
WC-202409-26028344,2024-09-26,2024-09-26,,2026-01-15,CUST-L3-028344,SKU-MASS-089,TXN-202409-26028344,defect,,fahmai_cs,pending
WC-202409-27002560,2024-09-27,2024-09-27,,2026-01-15,CUST-L3-002560,SKU-MASS-076,TXN-202409-27002560,defect,,fahmai_cs,pending
WC-202409-27009138,2024-09-27,2024-09-27,,2026-01-15,CUST-L3-009138,SKU-MASS-055,TXN-202409-27009138,defect,,fahmai_cs,pending
WC-202409-27011820,2024-09-27,2024-09-27,,2026-01-15,CUST-L3-011820,SKU-MASS-105,TXN-202409-27011820,defect,,fahmai_cs,pending
WC-202409-27021034,2024-09-27,2024-09-27,,2026-01-15,CUST-L3-021034,SKU-MASS-054,TXN-202409-27021034,defect,,fahmai_cs,pending
WC-202409-27027554,2024-09-27,2024-09-27,,2026-01-15,CUST-L3-027554,SKU-MASS-007,TXN-202409-27027554,defect,,fahmai_cs,pending
WC-202409-28001472,2024-09-28,2024-09-28,,2026-01-15,CUST-L3-001472,WK-SW-004,TXN-202409-28001472,defect,,fahmai_cs,pending
WC-202409-28014762,2024-09-28,2024-09-28,,2026-01-15,CUST-L3-014762,SKU-MASS-097,TXN-202409-28014762,defect,,fahmai_cs,pending
WC-202409-28014837,2024-09-28,2024-09-28,,2026-01-15,CUST-L3-014837,SKU-MASS-028,TXN-202409-28014837,defect,,fahmai_cs,pending
WC-202409-28027963,2024-09-28,2024-09-28,,2026-01-15,CUST-L3-027963,SKU-MASS-092,TXN-202409-28027963,defect,,fahmai_cs,pending
WC-202409-28028909,2024-09-28,2024-09-28,,2026-01-15,CUST-L3-028909,SKU-MASS-025,TXN-202409-28028909,defect,,fahmai_cs,pending
WC-202409-28029765,2024-09-28,2024-09-28,,2026-01-15,CUST-L3-029765,SKU-MASS-029,TXN-202409-28029765,defect,,fahmai_cs,pending
WC-202409-29002934,2024-09-29,2024-09-29,,2026-01-15,CUST-L3-002934,SKU-MASS-007,TXN-202409-29002934,defect,,fahmai_cs,pending
WC-202409-29009609,2024-09-29,2024-09-29,,2026-01-15,CUST-L3-009609,SKU-MASS-040,TXN-202409-29009609,defect,,fahmai_cs,pending
WC-202409-29015121,2024-09-29,2024-09-29,,2026-01-15,CUST-L3-015121,SKU-MASS-108,TXN-202409-29015121,defect,,fahmai_cs,pending
WC-202409-29016086,2024-09-29,2024-09-29,,2026-01-15,CUST-L3-016086,SKU-MASS-018,TXN-202409-29016086,defect,,fahmai_cs,pending
WC-202409-29023359,2024-09-29,2024-09-29,,2026-01-15,CUST-L3-023359,SKU-MASS-037,TXN-202409-29023359,defect,,fahmai_cs,pending
WC-202409-29027634,2024-09-29,2024-09-29,,2026-01-15,CUST-L3-027634,SKU-MASS-034,TXN-202409-29027634,defect,,fahmai_cs,pending
WC-202409-30016686,2024-09-30,2024-09-30,,2026-01-15,CUST-L3-016686,SKU-MASS-109,TXN-202409-30016686,defect,,fahmai_cs,pending
WC-202409-30016701,2024-09-30,2024-09-30,,2026-01-15,CUST-L3-016701,SKU-MASS-024,TXN-202409-30016701,defect,,fahmai_cs,pending
WC-202409-30016855,2024-09-30,2024-09-30,,2026-01-15,CUST-L3-016855,SKU-MASS-012,TXN-202409-30016855,defect,,fahmai_cs,pending
WC-202409-30017593,2024-09-30,2024-09-30,,2026-01-15,CUST-L3-017593,SKU-MASS-070,TXN-202409-30017593,defect,,fahmai_cs,pending
WC-202409-30024887,2024-09-30,2024-09-30,,2026-01-15,CUST-L3-024887,SKU-MASS-083,TXN-202409-30024887,defect,,fahmai_cs,pending
WC-202410-01003229,2024-10-01,2024-10-01,,2026-01-15,CUST-L3-003229,SKU-MASS-088,TXN-202410-01003229,defect,,fahmai_cs,pending
WC-202410-01003719,2024-10-01,2024-10-01,,2026-01-15,CUST-L3-003719,SKU-MASS-089,TXN-202410-01003719,defect,,fahmai_cs,pending
WC-202410-01005238,2024-10-01,2024-10-01,,2026-01-15,CUST-L3-005238,SKU-MASS-051,TXN-202410-01005238,defect,,fahmai_cs,pending
WC-202410-01007226,2024-10-01,2024-10-01,,2026-01-15,CUST-L3-007226,SKU-MASS-025,TXN-202410-01007226,defect,,fahmai_cs,pending
WC-202410-01007744,2024-10-01,2024-10-01,,2026-01-15,CUST-L3-007744,SKU-MASS-011,TXN-202410-01007744,defect,,fahmai_cs,pending
WC-202410-01010928,2024-10-01,2024-10-01,,2026-01-15,CUST-L3-010928,SKU-MASS-105,TXN-202410-01010928,defect,,fahmai_cs,pending
WC-202410-01022548,2024-10-01,2024-10-01,,2026-01-15,CUST-L3-022548,WK-SW-004,TXN-202410-01022548,defect,,fahmai_cs,pending
WC-202410-01026594,2024-10-01,2024-10-01,,2026-01-15,CUST-L3-026594,SKU-MASS-021,TXN-202410-01026594,defect,,fahmai_cs,pending
WC-202410-01029659,2024-10-01,2024-10-01,,2026-01-15,CUST-L3-029659,SKU-MASS-076,TXN-202410-01029659,defect,,fahmai_cs,pending
WC-202410-02001011,2024-10-02,2024-10-02,,2026-01-15,CUST-L3-001011,SKU-MASS-080,TXN-202410-02001011,defect,,fahmai_cs,pending
WC-202410-02012122,2024-10-02,2024-10-02,,2026-01-15,CUST-L3-012122,SKU-MASS-043,TXN-202410-02012122,defect,,fahmai_cs,pending
WC-202410-02021217,2024-10-02,2024-10-02,,2026-01-15,CUST-L3-021217,SKU-MASS-048,TXN-202410-02021217,defect,,fahmai_cs,pending
WC-202410-02026003,2024-10-02,2024-10-02,,2026-01-15,CUST-L3-026003,SKU-MASS-022,TXN-202410-02026003,defect,,fahmai_cs,pending
WC-202410-02026448,2024-10-02,2024-10-02,,2026-01-15,CUST-L3-026448,SKU-MASS-083,TXN-202410-02026448,defect,,fahmai_cs,pending
WC-202410-03003514,2024-10-03,2024-10-03,,2026-01-15,CUST-L3-003514,SKU-MASS-059,TXN-202410-03003514,defect,,fahmai_cs,pending
WC-202410-03010956,2024-10-03,2024-10-03,,2026-01-15,CUST-L3-010956,SKU-MASS-104,TXN-202410-03010956,defect,,fahmai_cs,pending
WC-202410-03013192,2024-10-03,2024-10-03,,2026-01-15,CUST-L3-013192,SKU-MASS-094,TXN-202410-03013192,defect,,fahmai_cs,pending
WC-202410-03017198,2024-10-03,2024-10-03,,2026-01-15,CUST-L3-017198,SKU-MASS-050,TXN-202410-03017198,defect,,fahmai_cs,pending
WC-202410-03023617,2024-10-03,2024-10-03,,2026-01-15,CUST-L3-023617,SKU-MASS-093,TXN-202410-03023617,defect,,fahmai_cs,pending
WC-202410-03029321,2024-10-03,2024-10-03,,2026-01-15,CUST-L3-029321,SKU-MASS-038,TXN-202410-03029321,defect,,fahmai_cs,pending
WC-202410-04005127,2024-10-04,2024-10-04,,2026-01-15,CUST-L3-005127,SKU-MASS-087,TXN-202410-04005127,defect,,fahmai_cs,pending
WC-202410-04009615,2024-10-04,2024-10-04,,2026-01-15,CUST-L3-009615,SKU-MASS-058,TXN-202410-04009615,defect,,fahmai_cs,pending
WC-202410-04010294,2024-10-04,2024-10-04,,2026-01-15,CUST-L3-010294,SKU-MASS-047,TXN-202410-04010294,defect,,fahmai_cs,pending
WC-202410-04018589,2024-10-04,2024-10-04,,2026-01-15,CUST-L3-018589,SKU-MASS-079,TXN-202410-04018589,defect,,fahmai_cs,pending
WC-202410-04026185,2024-10-04,2024-10-04,,2026-01-15,CUST-L3-026185,SKU-MASS-040,TXN-202410-04026185,defect,,fahmai_cs,pending
WC-202410-04026470,2024-10-04,2024-10-04,,2026-01-15,CUST-L3-026470,SKU-MASS-055,TXN-202410-04026470,defect,,fahmai_cs,pending
WC-202410-04028477,2024-10-04,2024-10-04,,2026-01-15,CUST-L3-028477,SKU-MASS-014,TXN-202410-04028477,defect,,fahmai_cs,pending
WC-202410-05001459,2024-10-05,2024-10-05,,2026-01-15,CUST-L3-001459,SKU-MASS-007,TXN-202410-05001459,defect,,fahmai_cs,pending
WC-202410-05004959,2024-10-05,2024-10-05,,2026-01-15,CUST-L3-004959,SKU-MASS-081,TXN-202410-05004959,defect,,fahmai_cs,pending
WC-202410-05009332,2024-10-05,2024-10-05,,2026-01-15,CUST-L3-009332,NT-LT-001,TXN-202410-05009332,defect,,fahmai_cs,pending
WC-202410-05009615,2024-10-05,2024-10-05,,2026-01-15,CUST-L3-009615,SKU-MASS-083,TXN-202410-05009615,defect,,fahmai_cs,pending
WC-202410-05015825,2024-10-05,2024-10-05,,2026-01-15,CUST-L3-015825,SKU-MASS-027,TXN-202410-05015825,defect,,fahmai_cs,pending
WC-202410-05024393,2024-10-05,2024-10-05,,2026-01-15,CUST-L3-024393,SKU-MASS-010,TXN-202410-05024393,defect,,fahmai_cs,pending
WC-202410-06015788,2024-10-06,2024-10-06,,2026-01-15,CUST-L3-015788,SKU-MASS-045,TXN-202410-06015788,defect,,fahmai_cs,pending
WC-202410-06016683,2024-10-06,2024-10-06,,2026-01-15,CUST-L3-016683,SKU-MASS-026,TXN-202410-06016683,defect,,fahmai_cs,pending
WC-202410-06022450,2024-10-06,2024-10-06,,2026-01-15,CUST-L3-022450,SKU-MASS-010,TXN-202410-06022450,defect,,fahmai_cs,pending
WC-202410-06022847,2024-10-06,2024-10-06,,2026-01-15,CUST-L3-022847,SKU-MASS-077,TXN-202410-06022847,defect,,fahmai_cs,pending
WC-202410-07002021,2024-10-07,2024-10-07,,2026-01-15,CUST-L3-002021,SKU-MASS-008,TXN-202410-07002021,defect,,fahmai_cs,pending
WC-202410-07005825,2024-10-07,2024-10-07,,2026-01-15,CUST-L3-005825,SKU-MASS-080,TXN-202410-07005825,defect,,fahmai_cs,pending
WC-202410-07007207,2024-10-07,2024-10-07,,2026-01-15,CUST-L3-007207,SKU-MASS-020,TXN-202410-07007207,defect,,fahmai_cs,pending
WC-202410-07008830,2024-10-07,2024-10-07,,2026-01-15,CUST-L3-008830,SKU-MASS-099,TXN-202410-07008830,defect,,fahmai_cs,pending
WC-202410-07015604,2024-10-07,2024-10-07,,2026-01-15,CUST-L3-015604,SKU-MASS-049,TXN-202410-07015604,defect,,fahmai_cs,pending
WC-202410-07021620,2024-10-07,2024-10-07,,2026-01-15,CUST-L3-021620,SKU-MASS-050,TXN-202410-07021620,defect,,fahmai_cs,pending
WC-202410-07026737,2024-10-07,2024-10-07,,2026-01-15,CUST-L3-026737,SKU-MASS-063,TXN-202410-07026737,defect,,fahmai_cs,pending
WC-202410-08004263,2024-10-08,2024-10-08,,2026-01-15,CUST-L3-004263,SKU-MASS-044,TXN-202410-08004263,defect,,fahmai_cs,pending
WC-202410-08004355,2024-10-08,2024-10-08,,2026-01-15,CUST-L3-004355,SKU-MASS-010,TXN-202410-08004355,defect,,fahmai_cs,pending
WC-202410-08004949,2024-10-08,2024-10-08,,2026-01-15,CUST-L3-004949,SKU-MASS-046,TXN-202410-08004949,defect,,fahmai_cs,pending
WC-202410-08008708,2024-10-08,2024-10-08,,2026-01-15,CUST-L3-008708,SKU-MASS-073,TXN-202410-08008708,defect,,fahmai_cs,pending
WC-202410-08025264,2024-10-08,2024-10-08,,2026-01-15,CUST-L3-025264,SKU-MASS-110,TXN-202410-08025264,defect,,fahmai_cs,pending
WC-202410-08027507,2024-10-08,2024-10-08,,2026-01-15,CUST-L3-027507,SKU-MASS-096,TXN-202410-08027507,defect,,fahmai_cs,pending
WC-202410-09000204,2024-10-09,2024-10-09,,2026-01-15,CUST-L3-000204,SKU-MASS-103,TXN-202410-09000204,defect,,fahmai_cs,pending
WC-202410-09003794,2024-10-09,2024-10-09,,2026-01-15,CUST-L3-003794,DN-LT-010,TXN-202410-09003794,defect,,fahmai_cs,pending
WC-202410-09009595,2024-10-09,2024-10-09,,2026-01-15,CUST-L3-009595,SKU-MASS-094,TXN-202410-09009595,defect,,fahmai_cs,pending
WC-202410-09019191,2024-10-09,2024-10-09,,2026-01-15,CUST-L3-019191,SKU-MASS-021,TXN-202410-09019191,defect,,fahmai_cs,pending
WC-202410-09022191,2024-10-09,2024-10-09,,2026-01-15,CUST-L3-022191,SKU-MASS-088,TXN-202410-09022191,defect,,fahmai_cs,pending
WC-202410-09025111,2024-10-09,2024-10-09,,2026-01-15,CUST-L3-025111,SKU-MASS-098,TXN-202410-09025111,defect,,fahmai_cs,pending
WC-202410-10005124,2024-10-10,2024-10-10,,2026-01-15,CUST-L3-005124,SKU-MASS-016,TXN-202410-10005124,defect,,fahmai_cs,pending
WC-202410-10007421,2024-10-10,2024-10-10,,2026-01-15,CUST-L3-007421,SKU-MASS-032,TXN-202410-10007421,defect,,fahmai_cs,pending
WC-202410-10007715,2024-10-10,2024-10-10,,2026-01-15,CUST-L3-007715,SKU-MASS-071,TXN-202410-10007715,defect,,fahmai_cs,pending
WC-202410-10012397,2024-10-10,2024-10-10,,2026-01-15,CUST-L3-012397,SKU-MASS-101,TXN-202410-10012397,defect,,fahmai_cs,pending
WC-202410-10014064,2024-10-10,2024-10-10,,2026-01-15,CUST-L3-014064,SKU-MASS-107,TXN-202410-10014064,defect,,fahmai_cs,pending
WC-202410-11001259,2024-10-11,2024-10-11,,2026-01-15,CUST-L3-001259,NT-LT-001,TXN-202410-11001259,defect,,fahmai_cs,pending
WC-202410-11003066,2024-10-11,2024-10-11,,2026-01-15,CUST-L3-003066,SKU-MASS-073,TXN-202410-11003066,defect,,fahmai_cs,pending
WC-202410-11021421,2024-10-11,2024-10-11,,2026-01-15,CUST-L3-021421,SKU-MASS-030,TXN-202410-11021421,defect,,fahmai_cs,pending
WC-202410-11023459,2024-10-11,2024-10-11,,2026-01-15,CUST-L3-023459,SKU-MASS-030,TXN-202410-11023459,defect,,fahmai_cs,pending
WC-202410-11026674,2024-10-11,2024-10-11,,2026-01-15,CUST-L3-026674,SKU-MASS-109,TXN-202410-11026674,defect,,fahmai_cs,pending
WC-202410-11027576,2024-10-11,2024-10-11,,2026-01-15,CUST-L3-027576,SKU-MASS-083,TXN-202410-11027576,defect,,fahmai_cs,pending
WC-202410-12000125,2024-10-12,2024-10-12,,2026-01-15,CUST-L3-000125,SKU-MASS-060,TXN-202410-12000125,defect,,fahmai_cs,pending
WC-202410-12003258,2024-10-12,2024-10-12,,2026-01-15,CUST-L3-003258,SKU-MASS-045,TXN-202410-12003258,defect,,fahmai_cs,pending
WC-202410-12005338,2024-10-12,2024-10-12,,2026-01-15,CUST-L3-005338,NT-LT-001,TXN-202410-12005338,defect,,fahmai_cs,pending
WC-202410-12006196,2024-10-12,2024-10-12,,2026-01-15,CUST-L3-006196,SKU-MASS-076,TXN-202410-12006196,defect,,fahmai_cs,pending
WC-202410-12010609,2024-10-12,2024-10-12,,2026-01-15,CUST-L3-010609,SKU-MASS-091,TXN-202410-12010609,defect,,fahmai_cs,pending
WC-202410-12011636,2024-10-12,2024-10-12,,2026-01-15,CUST-L3-011636,SKU-MASS-064,TXN-202410-12011636,defect,,fahmai_cs,pending
WC-202410-12019595,2024-10-12,2024-10-12,,2026-01-15,CUST-L3-019595,SKU-MASS-102,TXN-202410-12019595,defect,,fahmai_cs,pending
WC-202410-13000151,2024-10-13,2024-10-13,,2026-01-15,CUST-L3-000151,SKU-MASS-087,TXN-202410-13000151,defect,,fahmai_cs,pending
WC-202410-13004937,2024-10-13,2024-10-13,,2026-01-15,CUST-L3-004937,SKU-MASS-032,TXN-202410-13004937,defect,,fahmai_cs,pending
WC-202410-13006356,2024-10-13,2024-10-13,,2026-01-15,CUST-L3-006356,SKU-MASS-062,TXN-202410-13006356,defect,,fahmai_cs,pending
WC-202410-13008830,2024-10-13,2024-10-13,,2026-01-15,CUST-L3-008830,SKU-MASS-060,TXN-202410-13008830,defect,,fahmai_cs,pending
WC-202410-13011553,2024-10-13,2024-10-13,,2026-01-15,CUST-L3-011553,SKU-MASS-014,TXN-202410-13011553,defect,,fahmai_cs,pending
WC-202410-13017614,2024-10-13,2024-10-13,,2026-01-15,CUST-L3-017614,SKU-MASS-064,TXN-202410-13017614,defect,,fahmai_cs,pending
WC-202410-14002185,2024-10-14,2024-10-14,,2026-01-15,CUST-L3-002185,SKU-MASS-062,TXN-202410-14002185,defect,,fahmai_cs,pending
WC-202410-14009358,2024-10-14,2024-10-14,,2026-01-15,CUST-L3-009358,DN-LT-010,TXN-202410-14009358,defect,,fahmai_cs,pending
WC-202410-14028293,2024-10-14,2024-10-14,,2026-01-15,CUST-L3-028293,SKU-MASS-036,TXN-202410-14028293,defect,,fahmai_cs,pending
WC-202410-15004067,2024-10-15,2024-10-15,,2026-01-15,CUST-L3-004067,DN-LT-010,TXN-202410-15004067,defect,,fahmai_cs,pending
WC-202410-15028397,2024-10-15,2024-10-15,,2026-01-15,CUST-L3-028397,SKU-MASS-048,TXN-202410-15028397,defect,,fahmai_cs,pending
WC-202410-16003706,2024-10-16,2024-10-16,,2026-01-15,CUST-L3-003706,SKU-MASS-052,TXN-202410-16003706,defect,,fahmai_cs,pending
WC-202410-16008741,2024-10-16,2024-10-16,,2026-01-15,CUST-L3-008741,SKU-MASS-056,TXN-202410-16008741,defect,,fahmai_cs,pending
WC-202410-16013681,2024-10-16,2024-10-16,,2026-01-15,CUST-L3-013681,SKU-MASS-061,TXN-202410-16013681,defect,,fahmai_cs,pending
WC-202410-16015832,2024-10-16,2024-10-16,,2026-01-15,CUST-L3-015832,SKU-MASS-091,TXN-202410-16015832,defect,,fahmai_cs,pending
WC-202410-16022840,2024-10-16,2024-10-16,,2026-01-15,CUST-L3-022840,SKU-MASS-018,TXN-202410-16022840,defect,,fahmai_cs,pending
WC-202410-16025189,2024-10-16,2024-10-16,,2026-01-15,CUST-L3-025189,SKU-MASS-051,TXN-202410-16025189,defect,,fahmai_cs,pending
WC-202410-16027301,2024-10-16,2024-10-16,,2026-01-15,CUST-L3-027301,SKU-MASS-065,TXN-202410-16027301,defect,,fahmai_cs,pending
WC-202410-17001496,2024-10-17,2024-10-17,,2026-01-15,CUST-L3-001496,SKU-MASS-073,TXN-202410-17001496,defect,,fahmai_cs,pending
WC-202410-17009253,2024-10-17,2024-10-17,,2026-01-15,CUST-L3-009253,SKU-MASS-049,TXN-202410-17009253,defect,,fahmai_cs,pending
WC-202410-17016599,2024-10-17,2024-10-17,,2026-01-15,CUST-L3-016599,DN-LT-010,TXN-202410-17016599,defect,,fahmai_cs,pending
WC-202410-17016761,2024-10-17,2024-10-17,,2026-01-15,CUST-L3-016761,SKU-MASS-056,TXN-202410-17016761,defect,,fahmai_cs,pending
WC-202410-18000980,2024-10-18,2024-10-18,,2026-01-15,CUST-L3-000980,SKU-MASS-075,TXN-202410-18000980,defect,,fahmai_cs,pending
WC-202410-18003499,2024-10-18,2024-10-18,,2026-01-15,CUST-L3-003499,SKU-MASS-081,TXN-202410-18003499,defect,,fahmai_cs,pending
WC-202410-18007381,2024-10-18,2024-10-18,,2026-01-15,CUST-L3-007381,SKU-MASS-074,TXN-202410-18007381,defect,,fahmai_cs,pending
WC-202410-18014589,2024-10-18,2024-10-18,,2026-01-15,CUST-L3-014589,SKU-MASS-079,TXN-202410-18014589,defect,,fahmai_cs,pending
WC-202410-18016131,2024-10-18,2024-10-18,,2026-01-15,CUST-L3-016131,SKU-MASS-085,TXN-202410-18016131,defect,,fahmai_cs,pending
WC-202410-18022433,2024-10-18,2024-10-18,,2026-01-15,CUST-L3-022433,SKU-MASS-053,TXN-202410-18022433,defect,,fahmai_cs,pending
WC-202410-18022483,2024-10-18,2024-10-18,,2026-01-15,CUST-L3-022483,SKU-MASS-010,TXN-202410-18022483,defect,,fahmai_cs,pending
WC-202410-18022699,2024-10-18,2024-10-18,,2026-01-15,CUST-L3-022699,SKU-MASS-007,TXN-202410-18022699,defect,,fahmai_cs,pending
WC-202410-18023762,2024-10-18,2024-10-18,,2026-01-15,CUST-L3-023762,SKU-MASS-093,TXN-202410-18023762,defect,,fahmai_cs,pending
WC-202410-18026081,2024-10-18,2024-10-18,,2026-01-15,CUST-L3-026081,SKU-MASS-092,TXN-202410-18026081,defect,,fahmai_cs,pending
WC-202410-18027661,2024-10-18,2024-10-18,,2026-01-15,CUST-L3-027661,SKU-MASS-076,TXN-202410-18027661,defect,,fahmai_cs,pending
WC-202410-19008718,2024-10-19,2024-10-19,,2026-01-15,CUST-L3-008718,SKU-MASS-089,TXN-202410-19008718,defect,,fahmai_cs,pending
WC-202410-19024012,2024-10-19,2024-10-19,,2026-01-15,CUST-L3-024012,SKU-MASS-021,TXN-202410-19024012,defect,,fahmai_cs,pending
WC-202410-20010253,2024-10-20,2024-10-20,,2026-01-15,CUST-L3-010253,SKU-MASS-040,TXN-202410-20010253,defect,,fahmai_cs,pending
WC-202410-20017088,2024-10-20,2024-10-20,,2026-01-15,CUST-L3-017088,SKU-MASS-017,TXN-202410-20017088,defect,,fahmai_cs,pending
WC-202410-20017939,2024-10-20,2024-10-20,,2026-01-15,CUST-L3-017939,SKU-MASS-092,TXN-202410-20017939,defect,,fahmai_cs,pending
WC-202410-20021134,2024-10-20,2024-10-20,,2026-01-15,CUST-L3-021134,SKU-MASS-071,TXN-202410-20021134,defect,,fahmai_cs,pending
WC-202410-20022052,2024-10-20,2024-10-20,,2026-01-15,CUST-L3-022052,SKU-MASS-053,TXN-202410-20022052,defect,,fahmai_cs,pending
WC-202410-21000178,2024-10-21,2024-10-21,,2026-01-15,CUST-L3-000178,SKU-MASS-007,TXN-202410-21000178,defect,,fahmai_cs,pending
WC-202410-21002588,2024-10-21,2024-10-21,,2026-01-15,CUST-L3-002588,SKU-MASS-044,TXN-202410-21002588,defect,,fahmai_cs,pending
WC-202410-21008669,2024-10-21,2024-10-21,,2026-01-15,CUST-L3-008669,SKU-MASS-082,TXN-202410-21008669,defect,,fahmai_cs,pending
WC-202410-21010937,2024-10-21,2024-10-21,,2026-01-15,CUST-L3-010937,SKU-MASS-084,TXN-202410-21010937,defect,,fahmai_cs,pending
WC-202410-21013038,2024-10-21,2024-10-21,,2026-01-15,CUST-L3-013038,SKU-MASS-106,TXN-202410-21013038,defect,,fahmai_cs,pending
WC-202410-21015720,2024-10-21,2024-10-21,,2026-01-15,CUST-L3-015720,SKU-MASS-069,TXN-202410-21015720,defect,,fahmai_cs,pending
WC-202410-21020834,2024-10-21,2024-10-21,,2026-01-15,CUST-L3-020834,SKU-MASS-065,TXN-202410-21020834,defect,,fahmai_cs,pending
WC-202410-22006136,2024-10-22,2024-10-22,,2026-01-15,CUST-L3-006136,SKU-MASS-087,TXN-202410-22006136,defect,,fahmai_cs,pending
WC-202410-22007293,2024-10-22,2024-10-22,,2026-01-15,CUST-L3-007293,AW-MN-001,TXN-202410-22007293,defect,,fahmai_cs,pending
WC-202410-22017216,2024-10-22,2024-10-22,,2026-01-15,CUST-L3-017216,SKU-MASS-008,TXN-202410-22017216,defect,,fahmai_cs,pending
WC-202410-22018920,2024-10-22,2024-10-22,,2026-01-15,CUST-L3-018920,SKU-MASS-041,TXN-202410-22018920,defect,,fahmai_cs,pending
WC-202410-22029929,2024-10-22,2024-10-22,,2026-01-15,CUST-L3-029929,SKU-MASS-077,TXN-202410-22029929,defect,,fahmai_cs,pending
WC-202410-23002122,2024-10-23,2024-10-23,,2026-01-15,CUST-L3-002122,SKU-MASS-097,TXN-202410-23002122,defect,,fahmai_cs,pending
WC-202410-23008132,2024-10-23,2024-10-23,,2026-01-15,CUST-L3-008132,SKU-MASS-031,TXN-202410-23008132,defect,,fahmai_cs,pending
WC-202410-23022610,2024-10-23,2024-10-23,,2026-01-15,CUST-L3-022610,SKU-MASS-070,TXN-202410-23022610,defect,,fahmai_cs,pending
WC-202410-23024547,2024-10-23,2024-10-23,,2026-01-15,CUST-L3-024547,SKU-MASS-093,TXN-202410-23024547,defect,,fahmai_cs,pending
WC-202410-24002398,2024-10-24,2024-10-24,,2026-01-15,CUST-L3-002398,SKU-MASS-104,TXN-202410-24002398,defect,,fahmai_cs,pending
WC-202410-24022277,2024-10-24,2024-10-24,,2026-01-15,CUST-L3-022277,SKU-MASS-110,TXN-202410-24022277,defect,,fahmai_cs,pending
WC-202410-24028081,2024-10-24,2024-10-24,,2026-01-15,CUST-L3-028081,SKU-MASS-046,TXN-202410-24028081,defect,,fahmai_cs,pending
WC-202410-25013071,2024-10-25,2024-10-25,,2026-01-15,CUST-L3-013071,SKU-MASS-052,TXN-202410-25013071,defect,,fahmai_cs,pending
WC-202410-25016578,2024-10-25,2024-10-25,,2026-01-15,CUST-L3-016578,SKU-MASS-108,TXN-202410-25016578,defect,,fahmai_cs,pending
WC-202410-25020767,2024-10-25,2024-10-25,,2026-01-15,CUST-L3-020767,SKU-MASS-100,TXN-202410-25020767,defect,,fahmai_cs,pending
WC-202410-25025862,2024-10-25,2024-10-25,,2026-01-15,CUST-L3-025862,SKU-MASS-102,TXN-202410-25025862,defect,,fahmai_cs,pending
WC-202410-25029899,2024-10-25,2024-10-25,,2026-01-15,CUST-L3-029899,SKU-MASS-032,TXN-202410-25029899,defect,,fahmai_cs,pending
WC-202410-26002943,2024-10-26,2024-10-26,,2026-01-15,CUST-L3-002943,SKU-MASS-106,TXN-202410-26002943,defect,,fahmai_cs,pending
WC-202410-26005454,2024-10-26,2024-10-26,,2026-01-15,CUST-L3-005454,SKU-MASS-022,TXN-202410-26005454,defect,,fahmai_cs,pending
WC-202410-26015011,2024-10-26,2024-10-26,,2026-01-15,CUST-L3-015011,SKU-MASS-086,TXN-202410-26015011,defect,,fahmai_cs,pending
WC-202410-27008117,2024-10-27,2024-10-27,,2026-01-15,CUST-L3-008117,SKU-MASS-019,TXN-202410-27008117,defect,,fahmai_cs,pending
WC-202410-27013808,2024-10-27,2024-10-27,,2026-01-15,CUST-L3-013808,SKU-MASS-041,TXN-202410-27013808,defect,,fahmai_cs,pending
WC-202410-27021504,2024-10-27,2024-10-27,,2026-01-15,CUST-L3-021504,NT-LT-001,TXN-202410-27021504,defect,,fahmai_cs,pending
WC-202410-27026283,2024-10-27,2024-10-27,,2026-01-15,CUST-L3-026283,SKU-MASS-059,TXN-202410-27026283,defect,,fahmai_cs,pending
WC-202410-28002217,2024-10-28,2024-10-28,,2026-01-15,CUST-L3-002217,SKU-MASS-063,TXN-202410-28002217,defect,,fahmai_cs,pending
WC-202410-28018094,2024-10-28,2024-10-28,,2026-01-15,CUST-L3-018094,SKU-MASS-025,TXN-202410-28018094,defect,,fahmai_cs,pending
WC-202410-28020341,2024-10-28,2024-10-28,,2026-01-15,CUST-L3-020341,SKU-MASS-099,TXN-202410-28020341,defect,,fahmai_cs,pending
WC-202410-28026092,2024-10-28,2024-10-28,,2026-01-15,CUST-L3-026092,SKU-MASS-009,TXN-202410-28026092,defect,,fahmai_cs,pending
WC-202410-28029097,2024-10-28,2024-10-28,,2026-01-15,CUST-L3-029097,SKU-MASS-090,TXN-202410-28029097,defect,,fahmai_cs,pending
WC-202410-29000659,2024-10-29,2024-10-29,,2026-01-15,CUST-L3-000659,SKU-MASS-061,TXN-202410-29000659,defect,,fahmai_cs,pending
WC-202410-29001094,2024-10-29,2024-10-29,,2026-01-15,CUST-L3-001094,AW-MN-001,TXN-202410-29001094,defect,,fahmai_cs,pending
WC-202410-29001530,2024-10-29,2024-10-29,,2026-01-15,CUST-L3-001530,SKU-MASS-013,TXN-202410-29001530,defect,,fahmai_cs,pending
WC-202410-29003803,2024-10-29,2024-10-29,,2026-01-15,CUST-L3-003803,SKU-MASS-084,TXN-202410-29003803,defect,,fahmai_cs,pending
WC-202410-29007269,2024-10-29,2024-10-29,,2026-01-15,CUST-L3-007269,SKU-MASS-098,TXN-202410-29007269,defect,,fahmai_cs,pending
WC-202410-29007464,2024-10-29,2024-10-29,,2026-01-15,CUST-L3-007464,SKU-MASS-048,TXN-202410-29007464,defect,,fahmai_cs,pending
WC-202410-29010911,2024-10-29,2024-10-29,,2026-01-15,CUST-L3-010911,DN-LT-010,TXN-202410-29010911,defect,,fahmai_cs,pending
WC-202410-29010976,2024-10-29,2024-10-29,,2026-01-15,CUST-L3-010976,SKU-MASS-068,TXN-202410-29010976,defect,,fahmai_cs,pending
WC-202410-29013036,2024-10-29,2024-10-29,,2026-01-15,CUST-L3-013036,SKU-MASS-104,TXN-202410-29013036,defect,,fahmai_cs,pending
WC-202410-29013430,2024-10-29,2024-10-29,,2026-01-15,CUST-L3-013430,SKU-MASS-021,TXN-202410-29013430,defect,,fahmai_cs,pending
WC-202410-29014973,2024-10-29,2024-10-29,,2026-01-15,CUST-L3-014973,SKU-MASS-076,TXN-202410-29014973,defect,,fahmai_cs,pending
WC-202410-29017550,2024-10-29,2024-10-29,,2026-01-15,CUST-L3-017550,SKU-MASS-079,TXN-202410-29017550,defect,,fahmai_cs,pending
WC-202410-29019309,2024-10-29,2024-10-29,,2026-01-15,CUST-L3-019309,DN-LT-010,TXN-202410-29019309,defect,,fahmai_cs,pending
WC-202410-30007725,2024-10-30,2024-10-30,,2026-01-15,CUST-L3-007725,SKU-MASS-086,TXN-202410-30007725,defect,,fahmai_cs,pending
WC-202410-30008471,2024-10-30,2024-10-30,,2026-01-15,CUST-L3-008471,SKU-MASS-051,TXN-202410-30008471,defect,,fahmai_cs,pending
WC-202410-30008523,2024-10-30,2024-10-30,,2026-01-15,CUST-L3-008523,SKU-MASS-039,TXN-202410-30008523,defect,,fahmai_cs,pending
WC-202410-30010406,2024-10-30,2024-10-30,,2026-01-15,CUST-L3-010406,SKU-MASS-030,TXN-202410-30010406,defect,,fahmai_cs,pending
WC-202410-30013769,2024-10-30,2024-10-30,,2026-01-15,CUST-L3-013769,SKU-MASS-107,TXN-202410-30013769,defect,,fahmai_cs,pending
WC-202410-30014907,2024-10-30,2024-10-30,,2026-01-15,CUST-L3-014907,SKU-MASS-066,TXN-202410-30014907,defect,,fahmai_cs,pending
WC-202410-30015993,2024-10-30,2024-10-30,,2026-01-15,CUST-L3-015993,SKU-MASS-095,TXN-202410-30015993,defect,,fahmai_cs,pending
WC-202410-30016425,2024-10-30,2024-10-30,,2026-01-15,CUST-L3-016425,SKU-MASS-073,TXN-202410-30016425,defect,,fahmai_cs,pending
WC-202410-30021708,2024-10-30,2024-10-30,,2026-01-15,CUST-L3-021708,SKU-MASS-097,TXN-202410-30021708,defect,,fahmai_cs,pending
WC-202410-30025320,2024-10-30,2024-10-30,,2026-01-15,CUST-L3-025320,SKU-MASS-100,TXN-202410-30025320,defect,,fahmai_cs,pending
WC-202410-30027452,2024-10-30,2024-10-30,,2026-01-15,CUST-L3-027452,SKU-MASS-094,TXN-202410-30027452,defect,,fahmai_cs,pending
WC-202410-31001009,2024-10-31,2024-10-31,,2026-01-15,CUST-L3-001009,SKU-MASS-060,TXN-202410-31001009,defect,,fahmai_cs,pending
WC-202410-31004695,2024-10-31,2024-10-31,,2026-01-15,CUST-L3-004695,SKU-MASS-052,TXN-202410-31004695,defect,,fahmai_cs,pending
WC-202410-31011052,2024-10-31,2024-10-31,,2026-01-15,CUST-L3-011052,SKU-MASS-012,TXN-202410-31011052,defect,,fahmai_cs,pending
WC-202410-31014166,2024-10-31,2024-10-31,,2026-01-15,CUST-L3-014166,SKU-MASS-072,TXN-202410-31014166,defect,,fahmai_cs,pending
WC-202410-31016439,2024-10-31,2024-10-31,,2026-01-15,CUST-L3-016439,SKU-MASS-046,TXN-202410-31016439,defect,,fahmai_cs,pending
WC-202411-01012433,2024-11-01,2024-11-01,,2026-01-15,CUST-L3-012433,SKU-MASS-062,TXN-202411-01012433,defect,,fahmai_cs,pending
WC-202411-01012863,2024-11-01,2024-11-01,,2026-01-15,CUST-L3-012863,SKU-MASS-094,TXN-202411-01012863,defect,,fahmai_cs,pending
WC-202411-02011889,2024-11-02,2024-11-02,,2026-01-15,CUST-L3-011889,AW-MN-001,TXN-202411-02011889,defect,,fahmai_cs,pending
WC-202411-02019498,2024-11-02,2024-11-02,,2026-01-15,CUST-L3-019498,SKU-MASS-068,TXN-202411-02019498,defect,,fahmai_cs,pending
WC-202411-02025868,2024-11-02,2024-11-02,,2026-01-15,CUST-L3-025868,NT-LT-001,TXN-202411-02025868,defect,,fahmai_cs,pending
WC-202411-03001242,2024-11-03,2024-11-03,,2026-01-15,CUST-L3-001242,SKU-MASS-039,TXN-202411-03001242,defect,,fahmai_cs,pending
WC-202411-03002354,2024-11-03,2024-11-03,,2026-01-15,CUST-L3-002354,SKU-MASS-059,TXN-202411-03002354,defect,,fahmai_cs,pending
WC-202411-03007503,2024-11-03,2024-11-03,,2026-01-15,CUST-L3-007503,SKU-MASS-027,TXN-202411-03007503,defect,,fahmai_cs,pending
WC-202411-03009027,2024-11-03,2024-11-03,,2026-01-15,CUST-L3-009027,SKU-MASS-092,TXN-202411-03009027,defect,,fahmai_cs,pending
WC-202411-03023674,2024-11-03,2024-11-03,,2026-01-15,CUST-L3-023674,NT-LT-001,TXN-202411-03023674,defect,,fahmai_cs,pending
WC-202411-03023723,2024-11-03,2024-11-03,,2026-01-15,CUST-L3-023723,SKU-MASS-081,TXN-202411-03023723,defect,,fahmai_cs,pending
WC-202411-04004043,2024-11-04,2024-11-04,,2026-01-15,CUST-L3-004043,SKU-MASS-067,TXN-202411-04004043,defect,,fahmai_cs,pending
WC-202411-04016798,2024-11-04,2024-11-04,,2026-01-15,CUST-L3-016798,SKU-MASS-034,TXN-202411-04016798,defect,,fahmai_cs,pending
WC-202411-04020084,2024-11-04,2024-11-04,,2026-01-15,CUST-L3-020084,SKU-MASS-073,TXN-202411-04020084,defect,,fahmai_cs,pending
WC-202411-04024034,2024-11-04,2024-11-04,,2026-01-15,CUST-L3-024034,SKU-MASS-061,TXN-202411-04024034,defect,,fahmai_cs,pending
WC-202411-04025027,2024-11-04,2024-11-04,,2026-01-15,CUST-L3-025027,SKU-MASS-072,TXN-202411-04025027,defect,,fahmai_cs,pending
WC-202411-04026122,2024-11-04,2024-11-04,,2026-01-15,CUST-L3-026122,SKU-MASS-045,TXN-202411-04026122,defect,,fahmai_cs,pending
WC-202411-04029206,2024-11-04,2024-11-04,,2026-01-15,CUST-L3-029206,SKU-MASS-062,TXN-202411-04029206,defect,,fahmai_cs,pending
WC-202411-05002153,2024-11-05,2024-11-05,,2026-01-15,CUST-L3-002153,SKU-MASS-055,TXN-202411-05002153,defect,,fahmai_cs,pending
WC-202411-05004752,2024-11-05,2024-11-05,,2026-01-15,CUST-L3-004752,SKU-MASS-082,TXN-202411-05004752,defect,,fahmai_cs,pending
WC-202411-05010932,2024-11-05,2024-11-05,,2026-01-15,CUST-L3-010932,SKU-MASS-011,TXN-202411-05010932,defect,,fahmai_cs,pending
WC-202411-05020602,2024-11-05,2024-11-05,,2026-01-15,CUST-L3-020602,SKU-MASS-032,TXN-202411-05020602,defect,,fahmai_cs,pending
WC-202411-05023874,2024-11-05,2024-11-05,,2026-01-15,CUST-L3-023874,SKU-MASS-105,TXN-202411-05023874,defect,,fahmai_cs,pending
WC-202411-05024707,2024-11-05,2024-11-05,,2026-01-15,CUST-L3-024707,SKU-MASS-043,TXN-202411-05024707,defect,,fahmai_cs,pending
WC-202411-05026469,2024-11-05,2024-11-05,,2026-01-15,CUST-L3-026469,SKU-MASS-052,TXN-202411-05026469,defect,,fahmai_cs,pending
WC-202411-05029878,2024-11-05,2024-11-05,,2026-01-15,CUST-L3-029878,SKU-MASS-100,TXN-202411-05029878,defect,,fahmai_cs,pending
WC-202411-06013969,2024-11-06,2024-11-06,,2026-01-15,CUST-L3-013969,SKU-MASS-013,TXN-202411-06013969,defect,,fahmai_cs,pending
WC-202411-06017266,2024-11-06,2024-11-06,,2026-01-15,CUST-L3-017266,SKU-MASS-053,TXN-202411-06017266,defect,,fahmai_cs,pending
WC-202411-06022206,2024-11-06,2024-11-06,,2026-01-15,CUST-L3-022206,SKU-MASS-017,TXN-202411-06022206,defect,,fahmai_cs,pending
WC-202411-07000586,2024-11-07,2024-11-07,,2026-01-15,CUST-L3-000586,SKU-MASS-050,TXN-202411-07000586,defect,,fahmai_cs,pending
WC-202411-07005418,2024-11-07,2024-11-07,,2026-01-15,CUST-L3-005418,SKU-MASS-088,TXN-202411-07005418,defect,,fahmai_cs,pending
WC-202411-07010177,2024-11-07,2024-11-07,,2026-01-15,CUST-L3-010177,SKU-MASS-011,TXN-202411-07010177,defect,,fahmai_cs,pending
WC-202411-07014171,2024-11-07,2024-11-07,,2026-01-15,CUST-L3-014171,SKU-MASS-076,TXN-202411-07014171,defect,,fahmai_cs,pending
WC-202411-07016187,2024-11-07,2024-11-07,,2026-01-15,CUST-L3-016187,SKU-MASS-011,TXN-202411-07016187,defect,,fahmai_cs,pending
WC-202411-08009570,2024-11-08,2024-11-08,,2026-01-15,CUST-L3-009570,SKU-MASS-054,TXN-202411-08009570,defect,,fahmai_cs,pending
WC-202411-08015189,2024-11-08,2024-11-08,,2026-01-15,CUST-L3-015189,SKU-MASS-020,TXN-202411-08015189,defect,,fahmai_cs,pending
WC-202411-08022124,2024-11-08,2024-11-08,,2026-01-15,CUST-L3-022124,SKU-MASS-037,TXN-202411-08022124,defect,,fahmai_cs,pending
WC-202411-08023046,2024-11-08,2024-11-08,,2026-01-15,CUST-L3-023046,SKU-MASS-051,TXN-202411-08023046,defect,,fahmai_cs,pending
WC-202411-08024239,2024-11-08,2024-11-08,,2026-01-15,CUST-L3-024239,SKU-MASS-064,TXN-202411-08024239,defect,,fahmai_cs,pending
WC-202411-08026887,2024-11-08,2024-11-08,,2026-01-15,CUST-L3-026887,SKU-MASS-040,TXN-202411-08026887,defect,,fahmai_cs,pending
WC-202411-09012458,2024-11-09,2024-11-09,,2026-01-15,CUST-L3-012458,SKU-MASS-008,TXN-202411-09012458,defect,,fahmai_cs,pending
WC-202411-09013436,2024-11-09,2024-11-09,,2026-01-15,CUST-L3-013436,SKU-MASS-065,TXN-202411-09013436,defect,,fahmai_cs,pending
WC-202411-09017205,2024-11-09,2024-11-09,,2026-01-15,CUST-L3-017205,SKU-MASS-038,TXN-202411-09017205,defect,,fahmai_cs,pending
WC-202411-09020012,2024-11-09,2024-11-09,,2026-01-15,CUST-L3-020012,SKU-MASS-088,TXN-202411-09020012,defect,,fahmai_cs,pending
WC-202411-09025781,2024-11-09,2024-11-09,,2026-01-15,CUST-L3-025781,SKU-MASS-052,TXN-202411-09025781,defect,,fahmai_cs,pending
WC-202411-09026327,2024-11-09,2024-11-09,,2026-01-15,CUST-L3-026327,SKU-MASS-038,TXN-202411-09026327,defect,,fahmai_cs,pending
WC-202411-09026594,2024-11-09,2024-11-09,,2026-01-15,CUST-L3-026594,SKU-MASS-020,TXN-202411-09026594,defect,,fahmai_cs,pending
WC-202411-10002397,2024-11-10,2024-11-10,,2026-01-15,CUST-L3-002397,AW-MN-001,TXN-202411-10002397,defect,,fahmai_cs,pending
WC-202411-10013113,2024-11-10,2024-11-10,,2026-01-15,CUST-L3-013113,SKU-MASS-104,TXN-202411-10013113,defect,,fahmai_cs,pending
WC-202411-11005926,2024-11-11,2024-11-11,,2026-01-15,CUST-L3-005926,SKU-MASS-066,TXN-202411-11005926,defect,,fahmai_cs,pending
WC-202411-11014709,2024-11-11,2024-11-11,,2026-01-15,CUST-L3-014709,SKU-MASS-098,TXN-202411-11014709,defect,,fahmai_cs,pending
WC-202411-11015818,2024-11-11,2024-11-11,,2026-01-15,CUST-L3-015818,SKU-MASS-082,TXN-202411-11015818,defect,,fahmai_cs,pending
WC-202411-11027873,2024-11-11,2024-11-11,,2026-01-15,CUST-L3-027873,SKU-MASS-020,TXN-202411-11027873,defect,,fahmai_cs,pending
WC-202411-12000846,2024-11-12,2024-11-12,,2026-01-15,CUST-L3-000846,SKU-MASS-040,TXN-202411-12000846,defect,,fahmai_cs,pending
WC-202411-12004880,2024-11-12,2024-11-12,,2026-01-15,CUST-L3-004880,SKU-MASS-026,TXN-202411-12004880,defect,,fahmai_cs,pending
WC-202411-12011664,2024-11-12,2024-11-12,,2026-01-15,CUST-L3-011664,SKU-MASS-070,TXN-202411-12011664,defect,,fahmai_cs,pending
WC-202411-12012208,2024-11-12,2024-11-12,,2026-01-15,CUST-L3-012208,SKU-MASS-034,TXN-202411-12012208,defect,,fahmai_cs,pending
WC-202411-12012402,2024-11-12,2024-11-12,,2026-01-15,CUST-L3-012402,SKU-MASS-065,TXN-202411-12012402,defect,,fahmai_cs,pending
WC-202411-12023797,2024-11-12,2024-11-12,,2026-01-15,CUST-L3-023797,SKU-MASS-056,TXN-202411-12023797,defect,,fahmai_cs,pending
WC-202411-12024773,2024-11-12,2024-11-12,,2026-01-15,CUST-L3-024773,SKU-MASS-027,TXN-202411-12024773,defect,,fahmai_cs,pending
WC-202411-12027690,2024-11-12,2024-11-12,,2026-01-15,CUST-L3-027690,SKU-MASS-057,TXN-202411-12027690,defect,,fahmai_cs,pending
WC-202411-13003252,2024-11-13,2024-11-13,,2026-01-15,CUST-L3-003252,DN-LT-010,TXN-202411-13003252,defect,,fahmai_cs,pending
WC-202411-13005349,2024-11-13,2024-11-13,,2026-01-15,CUST-L3-005349,SKU-MASS-070,TXN-202411-13005349,defect,,fahmai_cs,pending
WC-202411-13007825,2024-11-13,2024-11-13,,2026-01-15,CUST-L3-007825,SKU-MASS-095,TXN-202411-13007825,defect,,fahmai_cs,pending
WC-202411-13016250,2024-11-13,2024-11-13,,2026-01-15,CUST-L3-016250,SKU-MASS-044,TXN-202411-13016250,defect,,fahmai_cs,pending
WC-202411-13021143,2024-11-13,2024-11-13,,2026-01-15,CUST-L3-021143,SKU-MASS-095,TXN-202411-13021143,defect,,fahmai_cs,pending
WC-202411-13028690,2024-11-13,2024-11-13,,2026-01-15,CUST-L3-028690,SKU-MASS-039,TXN-202411-13028690,defect,,fahmai_cs,pending
WC-202411-14003779,2024-11-14,2024-11-14,,2026-01-15,CUST-L3-003779,SKU-MASS-018,TXN-202411-14003779,defect,,fahmai_cs,pending
WC-202411-14010979,2024-11-14,2024-11-14,,2026-01-15,CUST-L3-010979,SKU-MASS-051,TXN-202411-14010979,defect,,fahmai_cs,pending
WC-202411-14012257,2024-11-14,2024-11-14,,2026-01-15,CUST-L3-012257,SKU-MASS-080,TXN-202411-14012257,defect,,fahmai_cs,pending
WC-202411-14012557,2024-11-14,2024-11-14,,2026-01-15,CUST-L3-012557,SKU-MASS-109,TXN-202411-14012557,defect,,fahmai_cs,pending
WC-202411-14013793,2024-11-14,2024-11-14,,2026-01-15,CUST-L3-013793,SKU-MASS-098,TXN-202411-14013793,defect,,fahmai_cs,pending
WC-202411-14014835,2024-11-14,2024-11-14,,2026-01-15,CUST-L3-014835,SKU-MASS-072,TXN-202411-14014835,defect,,fahmai_cs,pending
WC-202411-14020328,2024-11-14,2024-11-14,,2026-01-15,CUST-L3-020328,SKU-MASS-106,TXN-202411-14020328,defect,,fahmai_cs,pending
WC-202411-14021174,2024-11-14,2024-11-14,,2026-01-15,CUST-L3-021174,SKU-MASS-037,TXN-202411-14021174,defect,,fahmai_cs,pending
WC-202411-14023852,2024-11-14,2024-11-14,,2026-01-15,CUST-L3-023852,SKU-MASS-011,TXN-202411-14023852,defect,,fahmai_cs,pending
WC-202411-14024787,2024-11-14,2024-11-14,,2026-01-15,CUST-L3-024787,SKU-MASS-041,TXN-202411-14024787,defect,,fahmai_cs,pending
WC-202411-14025827,2024-11-14,2024-11-14,,2026-01-15,CUST-L3-025827,SKU-MASS-060,TXN-202411-14025827,defect,,fahmai_cs,pending
WC-202411-15008364,2024-11-15,2024-11-15,,2026-01-15,CUST-L3-008364,SKU-MASS-054,TXN-202411-15008364,defect,,fahmai_cs,pending
WC-202411-15018582,2024-11-15,2024-11-15,,2026-01-15,CUST-L3-018582,SKU-MASS-065,TXN-202411-15018582,defect,,fahmai_cs,pending
WC-202411-15025358,2024-11-15,2024-11-15,,2026-01-15,CUST-L3-025358,SKU-MASS-104,TXN-202411-15025358,defect,,fahmai_cs,pending
WC-202411-15026927,2024-11-15,2024-11-15,,2026-01-15,CUST-L3-026927,SKU-MASS-079,TXN-202411-15026927,defect,,fahmai_cs,pending
WC-202411-15027265,2024-11-15,2024-11-15,,2026-01-15,CUST-L3-027265,SKU-MASS-092,TXN-202411-15027265,defect,,fahmai_cs,pending
WC-202411-15028206,2024-11-15,2024-11-15,,2026-01-15,CUST-L3-028206,SKU-MASS-036,TXN-202411-15028206,defect,,fahmai_cs,pending
WC-202411-16007408,2024-11-16,2024-11-16,,2026-01-15,CUST-L3-007408,SKU-MASS-108,TXN-202411-16007408,defect,,fahmai_cs,pending
WC-202411-16015910,2024-11-16,2024-11-16,,2026-01-15,CUST-L3-015910,SKU-MASS-052,TXN-202411-16015910,defect,,fahmai_cs,pending
WC-202411-16017509,2024-11-16,2024-11-16,,2026-01-15,CUST-L3-017509,SKU-MASS-053,TXN-202411-16017509,defect,,fahmai_cs,pending
WC-202411-16018669,2024-11-16,2024-11-16,,2026-01-15,CUST-L3-018669,SKU-MASS-108,TXN-202411-16018669,defect,,fahmai_cs,pending
WC-202411-16022767,2024-11-16,2024-11-16,,2026-01-15,CUST-L3-022767,SKU-MASS-074,TXN-202411-16022767,defect,,fahmai_cs,pending
WC-202411-17009112,2024-11-17,2024-11-17,,2026-01-15,CUST-L3-009112,SKU-MASS-097,TXN-202411-17009112,defect,,fahmai_cs,pending
WC-202411-17021595,2024-11-17,2024-11-17,,2026-01-15,CUST-L3-021595,SKU-MASS-077,TXN-202411-17021595,defect,,fahmai_cs,pending
WC-202411-17025341,2024-11-17,2024-11-17,,2026-01-15,CUST-L3-025341,SKU-MASS-034,TXN-202411-17025341,defect,,fahmai_cs,pending
WC-202411-18002010,2024-11-18,2024-11-18,,2026-01-15,CUST-L3-002010,SKU-MASS-070,TXN-202411-18002010,defect,,fahmai_cs,pending
WC-202411-18006818,2024-11-18,2024-11-18,,2026-01-15,CUST-L3-006818,SKU-MASS-051,TXN-202411-18006818,defect,,fahmai_cs,pending
WC-202411-18007347,2024-11-18,2024-11-18,,2026-01-15,CUST-L3-007347,SKU-MASS-027,TXN-202411-18007347,defect,,fahmai_cs,pending
WC-202411-18015623,2024-11-18,2024-11-18,,2026-01-15,CUST-L3-015623,SKU-STD-001,TXN-202411-18015623,defect,,fahmai_cs,pending
WC-202411-18017874,2024-11-18,2024-11-18,,2026-01-15,CUST-L3-017874,SKU-MASS-034,TXN-202411-18017874,defect,,fahmai_cs,pending
WC-202411-18018823,2024-11-18,2024-11-18,,2026-01-15,CUST-L3-018823,SKU-MASS-102,TXN-202411-18018823,defect,,fahmai_cs,pending
WC-202411-18025751,2024-11-18,2024-11-18,,2026-01-15,CUST-L3-025751,SKU-MASS-077,TXN-202411-18025751,defect,,fahmai_cs,pending
WC-202411-19002920,2024-11-19,2024-11-19,,2026-01-15,CUST-L3-002920,SKU-MASS-009,TXN-202411-19002920,defect,,fahmai_cs,pending
WC-202411-19007923,2024-11-19,2024-11-19,,2026-01-15,CUST-L3-007923,SKU-MASS-015,TXN-202411-19007923,defect,,fahmai_cs,pending
WC-202411-19019587,2024-11-19,2024-11-19,,2026-01-15,CUST-L3-019587,SKU-MASS-076,TXN-202411-19019587,defect,,fahmai_cs,pending
WC-202411-19022368,2024-11-19,2024-11-19,,2026-01-15,CUST-L3-022368,SKU-MASS-084,TXN-202411-19022368,defect,,fahmai_cs,pending
WC-202411-19023608,2024-11-19,2024-11-19,,2026-01-15,CUST-L3-023608,SKU-MASS-011,TXN-202411-19023608,defect,,fahmai_cs,pending
WC-202411-19028126,2024-11-19,2024-11-19,,2026-01-15,CUST-L3-028126,SKU-MASS-074,TXN-202411-19028126,defect,,fahmai_cs,pending
WC-202411-20001784,2024-11-20,2024-11-20,,2026-01-15,CUST-L3-001784,SKU-MASS-044,TXN-202411-20001784,defect,,fahmai_cs,pending
WC-202411-20004087,2024-11-20,2024-11-20,,2026-01-15,CUST-L3-004087,SKU-MASS-080,TXN-202411-20004087,defect,,fahmai_cs,pending
WC-202411-20007069,2024-11-20,2024-11-20,,2026-01-15,CUST-L3-007069,SKU-MASS-063,TXN-202411-20007069,defect,,fahmai_cs,pending
WC-202411-20014854,2024-11-20,2024-11-20,,2026-01-15,CUST-L3-014854,SKU-MASS-079,TXN-202411-20014854,defect,,fahmai_cs,pending
WC-202411-20014913,2024-11-20,2024-11-20,,2026-01-15,CUST-L3-014913,SKU-MASS-095,TXN-202411-20014913,defect,,fahmai_cs,pending
WC-202411-20015594,2024-11-20,2024-11-20,,2026-01-15,CUST-L3-015594,SKU-MASS-044,TXN-202411-20015594,defect,,fahmai_cs,pending
WC-202411-20017094,2024-11-20,2024-11-20,,2026-01-15,CUST-L3-017094,WK-SW-004,TXN-202411-20017094,defect,,fahmai_cs,pending
WC-202411-20017788,2024-11-20,2024-11-20,,2026-01-15,CUST-L3-017788,NT-LT-001,TXN-202411-20017788,defect,,fahmai_cs,pending
WC-202411-21007630,2024-11-21,2024-11-21,,2026-01-15,CUST-L3-007630,SKU-MASS-087,TXN-202411-21007630,defect,,fahmai_cs,pending
WC-202411-21007680,2024-11-21,2024-11-21,,2026-01-15,CUST-L3-007680,SKU-MASS-045,TXN-202411-21007680,defect,,fahmai_cs,pending
WC-202411-21019440,2024-11-21,2024-11-21,,2026-01-15,CUST-L3-019440,SKU-MASS-053,TXN-202411-21019440,defect,,fahmai_cs,pending
WC-202411-21028644,2024-11-21,2024-11-21,,2026-01-15,CUST-L3-028644,SKU-MASS-099,TXN-202411-21028644,defect,,fahmai_cs,pending
WC-202411-22011430,2024-11-22,2024-11-22,,2026-01-15,CUST-L3-011430,SKU-MASS-025,TXN-202411-22011430,defect,,fahmai_cs,pending
WC-202411-22012617,2024-11-22,2024-11-22,,2026-01-15,CUST-L3-012617,SKU-MASS-007,TXN-202411-22012617,defect,,fahmai_cs,pending
WC-202411-22013088,2024-11-22,2024-11-22,,2026-01-15,CUST-L3-013088,SKU-MASS-050,TXN-202411-22013088,defect,,fahmai_cs,pending
WC-202411-22028166,2024-11-22,2024-11-22,,2026-01-15,CUST-L3-028166,SKU-MASS-091,TXN-202411-22028166,defect,,fahmai_cs,pending
WC-202411-23009060,2024-11-23,2024-11-23,,2026-01-15,CUST-L3-009060,SKU-MASS-014,TXN-202411-23009060,defect,,fahmai_cs,pending
WC-202411-23011594,2024-11-23,2024-11-23,,2026-01-15,CUST-L3-011594,SKU-MASS-029,TXN-202411-23011594,defect,,fahmai_cs,pending
WC-202411-23014099,2024-11-23,2024-11-23,,2026-01-15,CUST-L3-014099,SKU-MASS-007,TXN-202411-23014099,defect,,fahmai_cs,pending
WC-202411-23018376,2024-11-23,2024-11-23,,2026-01-15,CUST-L3-018376,SKU-MASS-083,TXN-202411-23018376,defect,,fahmai_cs,pending
WC-202411-24005449,2024-11-24,2024-11-24,,2026-01-15,CUST-L3-005449,SKU-MASS-071,TXN-202411-24005449,defect,,fahmai_cs,pending
WC-202411-24008110,2024-11-24,2024-11-24,,2026-01-15,CUST-L3-008110,WK-SW-004,TXN-202411-24008110,defect,,fahmai_cs,pending
WC-202411-24016740,2024-11-24,2024-11-24,,2026-01-15,CUST-L3-016740,SKU-MASS-062,TXN-202411-24016740,defect,,fahmai_cs,pending
WC-202411-24020559,2024-11-24,2024-11-24,,2026-01-15,CUST-L3-020559,SKU-MASS-106,TXN-202411-24020559,defect,,fahmai_cs,pending
WC-202411-24020655,2024-11-24,2024-11-24,,2026-01-15,CUST-L3-020655,SKU-MASS-070,TXN-202411-24020655,defect,,fahmai_cs,pending
WC-202411-24025087,2024-11-24,2024-11-24,,2026-01-15,CUST-L3-025087,SKU-MASS-034,TXN-202411-24025087,defect,,fahmai_cs,pending
WC-202411-24025595,2024-11-24,2024-11-24,,2026-01-15,CUST-L3-025595,SKU-MASS-088,TXN-202411-24025595,defect,,fahmai_cs,pending
WC-202411-24027885,2024-11-24,2024-11-24,,2026-01-15,CUST-L3-027885,SKU-MASS-034,TXN-202411-24027885,defect,,fahmai_cs,pending
WC-202411-25001066,2024-11-25,2024-11-25,,2026-01-15,CUST-L3-001066,SKU-MASS-007,TXN-202411-25001066,defect,,fahmai_cs,pending
WC-202411-25019616,2024-11-25,2024-11-25,,2026-01-15,CUST-L3-019616,SKU-MASS-038,TXN-202411-25019616,defect,,fahmai_cs,pending
WC-202411-26002439,2024-11-26,2024-11-26,,2026-01-15,CUST-L3-002439,SKU-MASS-028,TXN-202411-26002439,defect,,fahmai_cs,pending
WC-202411-26005834,2024-11-26,2024-11-26,,2026-01-15,CUST-L3-005834,SKU-MASS-050,TXN-202411-26005834,defect,,fahmai_cs,pending
WC-202411-26007320,2024-11-26,2024-11-26,,2026-01-15,CUST-L3-007320,SKU-MASS-042,TXN-202411-26007320,defect,,fahmai_cs,pending
WC-202411-26010139,2024-11-26,2024-11-26,,2026-01-15,CUST-L3-010139,SKU-MASS-018,TXN-202411-26010139,defect,,fahmai_cs,pending
WC-202411-26012249,2024-11-26,2024-11-26,,2026-01-15,CUST-L3-012249,SKU-MASS-039,TXN-202411-26012249,defect,,fahmai_cs,pending
WC-202411-26029155,2024-11-26,2024-11-26,,2026-01-15,CUST-L3-029155,SKU-MASS-075,TXN-202411-26029155,defect,,fahmai_cs,pending
WC-202411-26029960,2024-11-26,2024-11-26,,2026-01-15,CUST-L3-029960,SKU-MASS-110,TXN-202411-26029960,defect,,fahmai_cs,pending
WC-202411-27005906,2024-11-27,2024-11-27,,2026-01-15,CUST-L3-005906,SKU-MASS-029,TXN-202411-27005906,defect,,fahmai_cs,pending
WC-202411-27008301,2024-11-27,2024-11-27,,2026-01-15,CUST-L3-008301,SKU-MASS-017,TXN-202411-27008301,defect,,fahmai_cs,pending
WC-202411-27009484,2024-11-27,2024-11-27,,2026-01-15,CUST-L3-009484,SKU-MASS-027,TXN-202411-27009484,defect,,fahmai_cs,pending
WC-202411-27016692,2024-11-27,2024-11-27,,2026-01-15,CUST-L3-016692,SKU-MASS-101,TXN-202411-27016692,defect,,fahmai_cs,pending
WC-202411-27023005,2024-11-27,2024-11-27,,2026-01-15,CUST-L3-023005,SKU-MASS-050,TXN-202411-27023005,defect,,fahmai_cs,pending
WC-202411-27024847,2024-11-27,2024-11-27,,2026-01-15,CUST-L3-024847,SKU-MASS-047,TXN-202411-27024847,defect,,fahmai_cs,pending
WC-202411-27026586,2024-11-27,2024-11-27,,2026-01-15,CUST-L3-026586,SKU-MASS-083,TXN-202411-27026586,defect,,fahmai_cs,pending
WC-202411-27027624,2024-11-27,2024-11-27,,2026-01-15,CUST-L3-027624,SKU-MASS-036,TXN-202411-27027624,defect,,fahmai_cs,pending
WC-202411-28000038,2024-11-28,2024-11-28,,2026-01-15,CUST-L3-000038,SKU-MASS-070,TXN-202411-28000038,defect,,fahmai_cs,pending
WC-202411-28008556,2024-11-28,2024-11-28,,2026-01-15,CUST-L3-008556,SKU-MASS-055,TXN-202411-28008556,defect,,fahmai_cs,pending
WC-202411-29004615,2024-11-29,2024-11-29,,2026-01-15,CUST-L3-004615,SKU-MASS-107,TXN-202411-29004615,defect,,fahmai_cs,pending
WC-202411-29006304,2024-11-29,2024-11-29,,2026-01-15,CUST-L3-006304,SKU-STD-001,TXN-202411-29006304,defect,,fahmai_cs,pending
WC-202411-29013156,2024-11-29,2024-11-29,,2026-01-15,CUST-L3-013156,SKU-MASS-090,TXN-202411-29013156,defect,,fahmai_cs,pending
WC-202411-29014620,2024-11-29,2024-11-29,,2026-01-15,CUST-L3-014620,SKU-MASS-018,TXN-202411-29014620,defect,,fahmai_cs,pending
WC-202411-29020813,2024-11-29,2024-11-29,,2026-01-15,CUST-L3-020813,SKU-MASS-071,TXN-202411-29020813,defect,,fahmai_cs,pending
WC-202411-29024541,2024-11-29,2024-11-29,,2026-01-15,CUST-L3-024541,SKU-MASS-052,TXN-202411-29024541,defect,,fahmai_cs,pending
WC-202411-30004039,2024-11-30,2024-11-30,,2026-01-15,CUST-L3-004039,SKU-MASS-013,TXN-202411-30004039,defect,,fahmai_cs,pending
WC-202411-30004762,2024-11-30,2024-11-30,,2026-01-15,CUST-L3-004762,SKU-MASS-096,TXN-202411-30004762,defect,,fahmai_cs,pending
WC-202411-30006737,2024-11-30,2024-11-30,,2026-01-15,CUST-L3-006737,SKU-MASS-035,TXN-202411-30006737,defect,,fahmai_cs,pending
WC-202411-30009554,2024-11-30,2024-11-30,,2026-01-15,CUST-L3-009554,SKU-MASS-050,TXN-202411-30009554,defect,,fahmai_cs,pending
WC-202411-30013194,2024-11-30,2024-11-30,,2026-01-15,CUST-L3-013194,SKU-MASS-086,TXN-202411-30013194,defect,,fahmai_cs,pending
WC-202411-30017663,2024-11-30,2024-11-30,,2026-01-15,CUST-L3-017663,SKU-MASS-048,TXN-202411-30017663,defect,,fahmai_cs,pending
WC-202411-30024553,2024-11-30,2024-11-30,,2026-01-15,CUST-L3-024553,SKU-MASS-063,TXN-202411-30024553,defect,,fahmai_cs,pending
WC-202412-01017853,2024-12-01,2024-12-01,,2026-01-15,CUST-L3-017853,SKU-MASS-083,TXN-202412-01017853,defect,,fahmai_cs,pending
WC-202412-01022892,2024-12-01,2024-12-01,,2026-01-15,CUST-L3-022892,SKU-MASS-057,TXN-202412-01022892,defect,,fahmai_cs,pending
WCL-CL-L4-214918354,2024-12-01,2024-12-01,,2026-01-15,CUST-L3-000015,AW-MN-001,,vendor batch defect (V-004-MON-BATCH-2567-Q4-001) — AW-MN-001 ArcWave ProView 27 4K monitor,16900.00,fahmai_cs,approved
WC-202412-02010859,2024-12-02,2024-12-02,,2026-01-15,CUST-L3-010859,SKU-MASS-079,TXN-202412-02010859,defect,,fahmai_cs,pending
WC-202412-02011204,2024-12-02,2024-12-02,,2026-01-15,CUST-L3-011204,SKU-MASS-077,TXN-202412-02011204,defect,,fahmai_cs,pending
WC-202412-02012364,2024-12-02,2024-12-02,,2026-01-15,CUST-L3-012364,SKU-MASS-092,TXN-202412-02012364,defect,,fahmai_cs,pending
WC-202412-02014508,2024-12-02,2024-12-02,,2026-01-15,CUST-L3-014508,SKU-MASS-077,TXN-202412-02014508,defect,,fahmai_cs,pending
WC-202412-02014722,2024-12-02,2024-12-02,,2026-01-15,CUST-L3-014722,SKU-MASS-041,TXN-202412-02014722,defect,,fahmai_cs,pending
WC-202412-02014864,2024-12-02,2024-12-02,,2026-01-15,CUST-L3-014864,SKU-MASS-088,TXN-202412-02014864,defect,,fahmai_cs,pending
WC-202412-02018776,2024-12-02,2024-12-02,,2026-01-15,CUST-L3-018776,SKU-MASS-089,TXN-202412-02018776,defect,,fahmai_cs,pending
WC-202412-02020743,2024-12-02,2024-12-02,,2026-01-15,CUST-L3-020743,SKU-MASS-010,TXN-202412-02020743,defect,,fahmai_cs,pending
WC-202412-02022131,2024-12-02,2024-12-02,,2026-01-15,CUST-L3-022131,SKU-MASS-100,TXN-202412-02022131,defect,,fahmai_cs,pending
WC-202412-02023525,2024-12-02,2024-12-02,,2026-01-15,CUST-L3-023525,SKU-MASS-075,TXN-202412-02023525,defect,,fahmai_cs,pending
WC-202412-02026166,2024-12-02,2024-12-02,,2026-01-15,CUST-L3-026166,SKU-MASS-064,TXN-202412-02026166,defect,,fahmai_cs,pending
WC-202412-02028914,2024-12-02,2024-12-02,,2026-01-15,CUST-L3-028914,SKU-MASS-093,TXN-202412-02028914,defect,,fahmai_cs,pending
WC-202412-03008631,2024-12-03,2024-12-03,,2026-01-15,CUST-L3-008631,SKU-MASS-092,TXN-202412-03008631,defect,,fahmai_cs,pending
WC-202412-03025017,2024-12-03,2024-12-03,,2026-01-15,CUST-L3-025017,SKU-MASS-091,TXN-202412-03025017,defect,,fahmai_cs,pending
WC-202412-04016544,2024-12-04,2024-12-04,,2026-01-15,CUST-L3-016544,SKU-MASS-062,TXN-202412-04016544,defect,,fahmai_cs,pending
WC-202412-04016709,2024-12-04,2024-12-04,,2026-01-15,CUST-L3-016709,SKU-MASS-013,TXN-202412-04016709,defect,,fahmai_cs,pending
WC-202412-05001743,2024-12-05,2024-12-05,,2026-01-15,CUST-L3-001743,SKU-MASS-065,TXN-202412-05001743,defect,,fahmai_cs,pending
WC-202412-05006256,2024-12-05,2024-12-05,,2026-01-15,CUST-L3-006256,SKU-MASS-011,TXN-202412-05006256,defect,,fahmai_cs,pending
WC-202412-05006869,2024-12-05,2024-12-05,,2026-01-15,CUST-L3-006869,WK-SW-004,TXN-202412-05006869,defect,,fahmai_cs,pending
WC-202412-05007010,2024-12-05,2024-12-05,,2026-01-15,CUST-L3-007010,SKU-MASS-027,TXN-202412-05007010,defect,,fahmai_cs,pending
WC-202412-05008118,2024-12-05,2024-12-05,,2026-01-15,CUST-L3-008118,SKU-MASS-053,TXN-202412-05008118,defect,,fahmai_cs,pending
WC-202412-05017311,2024-12-05,2024-12-05,,2026-01-15,CUST-L3-017311,SKU-MASS-105,TXN-202412-05017311,defect,,fahmai_cs,pending
WC-202412-05018288,2024-12-05,2024-12-05,,2026-01-15,CUST-L3-018288,SKU-MASS-039,TXN-202412-05018288,defect,,fahmai_cs,pending
WC-202412-05022847,2024-12-05,2024-12-05,,2026-01-15,CUST-L3-022847,SKU-MASS-067,TXN-202412-05022847,defect,,fahmai_cs,pending
WCL-CL-L4-263734228,2024-12-05,2024-12-05,,2026-01-15,CUST-L3-000046,AW-MN-001,,vendor batch defect (V-004-MON-BATCH-2567-Q4-001) — AW-MN-001 ArcWave ProView 27 4K monitor,16900.00,fahmai_cs,approved
WC-202412-06000465,2024-12-06,2024-12-06,,2026-01-15,CUST-L3-000465,SKU-MASS-035,TXN-202412-06000465,defect,,fahmai_cs,pending
WC-202412-06001468,2024-12-06,2024-12-06,,2026-01-15,CUST-L3-001468,SKU-MASS-107,TXN-202412-06001468,defect,,fahmai_cs,pending
WC-202412-06005502,2024-12-06,2024-12-06,,2026-01-15,CUST-L3-005502,SKU-MASS-025,TXN-202412-06005502,defect,,fahmai_cs,pending
WC-202412-06017604,2024-12-06,2024-12-06,,2026-01-15,CUST-L3-017604,SKU-MASS-038,TXN-202412-06017604,defect,,fahmai_cs,pending
WC-202412-06021021,2024-12-06,2024-12-06,,2026-01-15,CUST-L3-021021,SKU-MASS-022,TXN-202412-06021021,defect,,fahmai_cs,pending
WC-202412-06022011,2024-12-06,2024-12-06,,2026-01-15,CUST-L3-022011,SKU-MASS-110,TXN-202412-06022011,defect,,fahmai_cs,pending
WC-202412-06024222,2024-12-06,2024-12-06,,2026-01-15,CUST-L3-024222,SKU-MASS-106,TXN-202412-06024222,defect,,fahmai_cs,pending
WC-202412-07007916,2024-12-07,2024-12-07,,2026-01-15,CUST-L3-007916,SKU-MASS-054,TXN-202412-07007916,defect,,fahmai_cs,pending
WC-202412-07012032,2024-12-07,2024-12-07,,2026-01-15,CUST-L3-012032,SKU-MASS-043,TXN-202412-07012032,defect,,fahmai_cs,pending
WC-202412-07016042,2024-12-07,2024-12-07,,2026-01-15,CUST-L3-016042,SKU-MASS-046,TXN-202412-07016042,defect,,fahmai_cs,pending
WC-202412-07022636,2024-12-07,2024-12-07,,2026-01-15,CUST-L3-022636,SKU-MASS-013,TXN-202412-07022636,defect,,fahmai_cs,pending
WC-202412-08003287,2024-12-08,2024-12-08,,2026-01-15,CUST-L3-003287,SKU-MASS-043,TXN-202412-08003287,defect,,fahmai_cs,pending
WC-202412-08008068,2024-12-08,2024-12-08,,2026-01-15,CUST-L3-008068,SKU-MASS-065,TXN-202412-08008068,defect,,fahmai_cs,pending
WC-202412-08015634,2024-12-08,2024-12-08,,2026-01-15,CUST-L3-015634,SKU-STD-001,TXN-202412-08015634,defect,,fahmai_cs,pending
WC-202412-08021658,2024-12-08,2024-12-08,,2026-01-15,CUST-L3-021658,SKU-MASS-069,TXN-202412-08021658,defect,,fahmai_cs,pending
WC-202412-08027854,2024-12-08,2024-12-08,,2026-01-15,CUST-L3-027854,SKU-MASS-041,TXN-202412-08027854,defect,,fahmai_cs,pending
WC-202412-08028394,2024-12-08,2024-12-08,,2026-01-15,CUST-L3-028394,SKU-MASS-014,TXN-202412-08028394,defect,,fahmai_cs,pending
WC-202412-10016110,2024-12-10,2024-12-10,,2026-01-15,CUST-L3-016110,SKU-MASS-108,TXN-202412-10016110,defect,,fahmai_cs,pending
WC-202412-10019749,2024-12-10,2024-12-10,,2026-01-15,CUST-L3-019749,SKU-MASS-098,TXN-202412-10019749,defect,,fahmai_cs,pending
WCL-CL-L4-4282341,2024-12-10,2024-12-10,,2026-01-15,CUST-L3-000184,AW-MN-001,,vendor batch defect (V-004-MON-BATCH-2567-Q4-001) — AW-MN-001 ArcWave ProView 27 4K monitor,16900.00,fahmai_cs,approved
WC-202412-11003710,2024-12-11,2024-12-11,,2026-01-15,CUST-L3-003710,SKU-MASS-051,TXN-202412-11003710,defect,,fahmai_cs,pending
WC-202412-11021657,2024-12-11,2024-12-11,,2026-01-15,CUST-L3-021657,SKU-MASS-080,TXN-202412-11021657,defect,,fahmai_cs,pending
WC-202412-11022571,2024-12-11,2024-12-11,,2026-01-15,CUST-L3-022571,SKU-MASS-039,TXN-202412-11022571,defect,,fahmai_cs,pending
WC-202412-11029418,2024-12-11,2024-12-11,,2026-01-15,CUST-L3-029418,SKU-MASS-079,TXN-202412-11029418,defect,,fahmai_cs,pending
WC-202412-12000163,2024-12-12,2024-12-12,,2026-01-15,CUST-L3-000163,SKU-MASS-083,TXN-202412-12000163,defect,,fahmai_cs,pending
WC-202412-12001574,2024-12-12,2024-12-12,,2026-01-15,CUST-L3-001574,SKU-MASS-091,TXN-202412-12001574,defect,,fahmai_cs,pending
WC-202412-12008449,2024-12-12,2024-12-12,,2026-01-15,CUST-L3-008449,SKU-MASS-108,TXN-202412-12008449,defect,,fahmai_cs,pending
WC-202412-12012737,2024-12-12,2024-12-12,,2026-01-15,CUST-L3-012737,SKU-MASS-095,TXN-202412-12012737,defect,,fahmai_cs,pending
WC-202412-12023916,2024-12-12,2024-12-12,,2026-01-15,CUST-L3-023916,SKU-MASS-080,TXN-202412-12023916,defect,,fahmai_cs,pending
WC-202412-13005223,2024-12-13,2024-12-13,,2026-01-15,CUST-L3-005223,SKU-MASS-015,TXN-202412-13005223,defect,,fahmai_cs,pending
WC-202412-13007542,2024-12-13,2024-12-13,,2026-01-15,CUST-L3-007542,SKU-MASS-043,TXN-202412-13007542,defect,,fahmai_cs,pending
WC-202412-13016276,2024-12-13,2024-12-13,,2026-01-15,CUST-L3-016276,SKU-MASS-088,TXN-202412-13016276,defect,,fahmai_cs,pending
WC-202412-13025113,2024-12-13,2024-12-13,,2026-01-15,CUST-L3-025113,SKU-MASS-090,TXN-202412-13025113,defect,,fahmai_cs,pending
WC-202412-14018475,2024-12-14,2024-12-14,,2026-01-15,CUST-L3-018475,SKU-MASS-107,TXN-202412-14018475,defect,,fahmai_cs,pending
WCL-CL-L4-34420279,2024-12-14,2024-12-14,,2026-01-15,CUST-L3-000145,AW-MN-001,,vendor batch defect (V-004-MON-BATCH-2567-Q4-001) — AW-MN-001 ArcWave ProView 27 4K monitor,16900.00,fahmai_cs,approved
WC-202412-15009645,2024-12-15,2024-12-15,,2026-01-15,CUST-L3-009645,SKU-MASS-074,TXN-202412-15009645,defect,,fahmai_cs,pending
WC-202412-15019219,2024-12-15,2024-12-15,,2026-01-15,CUST-L3-019219,SKU-MASS-081,TXN-202412-15019219,defect,,fahmai_cs,pending
WC-202412-16012028,2024-12-16,2024-12-16,,2026-01-15,CUST-L3-012028,SKU-MASS-063,TXN-202412-16012028,defect,,fahmai_cs,pending
WC-202412-16018762,2024-12-16,2024-12-16,,2026-01-15,CUST-L3-018762,SKU-MASS-102,TXN-202412-16018762,defect,,fahmai_cs,pending
WC-202412-16020145,2024-12-16,2024-12-16,,2026-01-15,CUST-L3-020145,SKU-MASS-068,TXN-202412-16020145,defect,,fahmai_cs,pending
WC-202412-17000359,2024-12-17,2024-12-17,,2026-01-15,CUST-L3-000359,SKU-MASS-040,TXN-202412-17000359,defect,,fahmai_cs,pending
WC-202412-17002410,2024-12-17,2024-12-17,,2026-01-15,CUST-L3-002410,SKU-MASS-020,TXN-202412-17002410,defect,,fahmai_cs,pending
WC-202412-17002961,2024-12-17,2024-12-17,,2026-01-15,CUST-L3-002961,SKU-MASS-039,TXN-202412-17002961,defect,,fahmai_cs,pending
WC-202412-17016380,2024-12-17,2024-12-17,,2026-01-15,CUST-L3-016380,SKU-MASS-016,TXN-202412-17016380,defect,,fahmai_cs,pending
WC-202412-17021047,2024-12-17,2024-12-17,,2026-01-15,CUST-L3-021047,SKU-MASS-104,TXN-202412-17021047,defect,,fahmai_cs,pending
WC-202412-17025680,2024-12-17,2024-12-17,,2026-01-15,CUST-L3-025680,SKU-MASS-081,TXN-202412-17025680,defect,,fahmai_cs,pending
WC-202412-17027290,2024-12-17,2024-12-17,,2026-01-15,CUST-L3-027290,SKU-MASS-074,TXN-202412-17027290,defect,,fahmai_cs,pending
WC-202412-17028847,2024-12-17,2024-12-17,,2026-01-15,CUST-L3-028847,SKU-MASS-037,TXN-202412-17028847,defect,,fahmai_cs,pending
WC-202412-17029597,2024-12-17,2024-12-17,,2026-01-15,CUST-L3-029597,SKU-MASS-083,TXN-202412-17029597,defect,,fahmai_cs,pending
WC-202412-18005325,2024-12-18,2024-12-18,,2026-01-15,CUST-L3-005325,SKU-MASS-025,TXN-202412-18005325,defect,,fahmai_cs,pending
WC-202412-18015076,2024-12-18,2024-12-18,,2026-01-15,CUST-L3-015076,SKU-MASS-017,TXN-202412-18015076,defect,,fahmai_cs,pending
WC-202412-18015858,2024-12-18,2024-12-18,,2026-01-15,CUST-L3-015858,SKU-MASS-014,TXN-202412-18015858,defect,,fahmai_cs,pending
WC-202412-18023196,2024-12-18,2024-12-18,,2026-01-15,CUST-L3-023196,SKU-MASS-099,TXN-202412-18023196,defect,,fahmai_cs,pending
WC-202412-18024685,2024-12-18,2024-12-18,,2026-01-15,CUST-L3-024685,SKU-MASS-066,TXN-202412-18024685,defect,,fahmai_cs,pending
WC-202412-19000582,2024-12-19,2024-12-19,,2026-01-15,CUST-L3-000582,SKU-MASS-053,TXN-202412-19000582,defect,,fahmai_cs,pending
WC-202412-19002609,2024-12-19,2024-12-19,,2026-01-15,CUST-L3-002609,SKU-MASS-018,TXN-202412-19002609,defect,,fahmai_cs,pending
WC-202412-19004177,2024-12-19,2024-12-19,,2026-01-15,CUST-L3-004177,SKU-MASS-097,TXN-202412-19004177,defect,,fahmai_cs,pending
WC-202412-19006098,2024-12-19,2024-12-19,,2026-01-15,CUST-L3-006098,SKU-MASS-066,TXN-202412-19006098,defect,,fahmai_cs,pending
WC-202412-19006407,2024-12-19,2024-12-19,,2026-01-15,CUST-L3-006407,SKU-MASS-035,TXN-202412-19006407,defect,,fahmai_cs,pending
WC-202412-19011108,2024-12-19,2024-12-19,,2026-01-15,CUST-L3-011108,SKU-MASS-100,TXN-202412-19011108,defect,,fahmai_cs,pending
WC-202412-19018117,2024-12-19,2024-12-19,,2026-01-15,CUST-L3-018117,SKU-MASS-041,TXN-202412-19018117,defect,,fahmai_cs,pending
WC-202412-19022966,2024-12-19,2024-12-19,,2026-01-15,CUST-L3-022966,SKU-MASS-025,TXN-202412-19022966,defect,,fahmai_cs,pending
WC-202412-19024347,2024-12-19,2024-12-19,,2026-01-15,CUST-L3-024347,SKU-MASS-108,TXN-202412-19024347,defect,,fahmai_cs,pending
WCL-CL-L4-81186930,2024-12-19,2024-12-19,,2026-01-15,CUST-L3-000136,AW-MN-001,,vendor batch defect (V-004-MON-BATCH-2567-Q4-001) — AW-MN-001 ArcWave ProView 27 4K monitor,16900.00,fahmai_cs,approved
WC-202412-20021642,2024-12-20,2024-12-20,,2026-01-15,CUST-L3-021642,SKU-MASS-107,TXN-202412-20021642,defect,,fahmai_cs,pending
WC-202412-20023734,2024-12-20,2024-12-20,,2026-01-15,CUST-L3-023734,SKU-MASS-084,TXN-202412-20023734,defect,,fahmai_cs,pending
WC-202412-20023813,2024-12-20,2024-12-20,,2026-01-15,CUST-L3-023813,SKU-MASS-038,TXN-202412-20023813,defect,,fahmai_cs,pending
WC-202412-20027219,2024-12-20,2024-12-20,,2026-01-15,CUST-L3-027219,SKU-MASS-022,TXN-202412-20027219,defect,,fahmai_cs,pending
WC-202412-20028091,2024-12-20,2024-12-20,,2026-01-15,CUST-L3-028091,SKU-MASS-109,TXN-202412-20028091,defect,,fahmai_cs,pending
WC-202412-20028553,2024-12-20,2024-12-20,,2026-01-15,CUST-L3-028553,SKU-MASS-015,TXN-202412-20028553,defect,,fahmai_cs,pending
WC-202412-21005092,2024-12-21,2024-12-21,,2026-01-15,CUST-L3-005092,SKU-MASS-024,TXN-202412-21005092,defect,,fahmai_cs,pending
WC-202412-21009333,2024-12-21,2024-12-21,,2026-01-15,CUST-L3-009333,SKU-MASS-092,TXN-202412-21009333,defect,,fahmai_cs,pending
WC-202412-21009815,2024-12-21,2024-12-21,,2026-01-15,CUST-L3-009815,SKU-STD-001,TXN-202412-21009815,defect,,fahmai_cs,pending
WC-202412-21010562,2024-12-21,2024-12-21,,2026-01-15,CUST-L3-010562,SKU-MASS-098,TXN-202412-21010562,defect,,fahmai_cs,pending
WC-202412-21013611,2024-12-21,2024-12-21,,2026-01-15,CUST-L3-013611,SKU-MASS-096,TXN-202412-21013611,defect,,fahmai_cs,pending
WC-202412-21019619,2024-12-21,2024-12-21,,2026-01-15,CUST-L3-019619,SKU-MASS-109,TXN-202412-21019619,defect,,fahmai_cs,pending
WC-202412-22005114,2024-12-22,2024-12-22,,2026-01-15,CUST-L3-005114,SKU-MASS-017,TXN-202412-22005114,defect,,fahmai_cs,pending
WC-202412-22005625,2024-12-22,2024-12-22,,2026-01-15,CUST-L3-005625,SKU-MASS-052,TXN-202412-22005625,defect,,fahmai_cs,pending
WC-202412-22018617,2024-12-22,2024-12-22,,2026-01-15,CUST-L3-018617,SKU-MASS-102,TXN-202412-22018617,defect,,fahmai_cs,pending
WC-202412-22021306,2024-12-22,2024-12-22,,2026-01-15,CUST-L3-021306,SKU-MASS-037,TXN-202412-22021306,defect,,fahmai_cs,pending
WC-202412-23008044,2024-12-23,2024-12-23,,2026-01-15,CUST-L3-008044,SKU-MASS-098,TXN-202412-23008044,defect,,fahmai_cs,pending
WC-202412-23009054,2024-12-23,2024-12-23,,2026-01-15,CUST-L3-009054,SKU-MASS-013,TXN-202412-23009054,defect,,fahmai_cs,pending
WC-202412-23017553,2024-12-23,2024-12-23,,2026-01-15,CUST-L3-017553,SKU-MASS-012,TXN-202412-23017553,defect,,fahmai_cs,pending
WC-202412-23028362,2024-12-23,2024-12-23,,2026-01-15,CUST-L3-028362,SKU-MASS-083,TXN-202412-23028362,defect,,fahmai_cs,pending
WCL-CL-L4-222267351,2024-12-23,2024-12-23,,2026-01-15,CUST-L3-000090,AW-MN-001,,vendor batch defect (V-004-MON-BATCH-2567-Q4-001) — AW-MN-001 ArcWave ProView 27 4K monitor,16900.00,fahmai_cs,approved
WC-202412-24000137,2024-12-24,2024-12-24,,2026-01-15,CUST-L3-000137,SKU-MASS-015,TXN-202412-24000137,defect,,fahmai_cs,pending
WC-202412-24006039,2024-12-24,2024-12-24,,2026-01-15,CUST-L3-006039,SKU-MASS-093,TXN-202412-24006039,defect,,fahmai_cs,pending
WC-202412-24027918,2024-12-24,2024-12-24,,2026-01-15,CUST-L3-027918,SKU-MASS-034,TXN-202412-24027918,defect,,fahmai_cs,pending
WC-202412-24028387,2024-12-24,2024-12-24,,2026-01-15,CUST-L3-028387,SKU-MASS-078,TXN-202412-24028387,defect,,fahmai_cs,pending
WC-202412-25011476,2024-12-25,2024-12-25,,2026-01-15,CUST-L3-011476,SKU-MASS-045,TXN-202412-25011476,defect,,fahmai_cs,pending
WC-202412-25020085,2024-12-25,2024-12-25,,2026-01-15,CUST-L3-020085,SKU-MASS-090,TXN-202412-25020085,defect,,fahmai_cs,pending
WC-202412-25022525,2024-12-25,2024-12-25,,2026-01-15,CUST-L3-022525,SKU-MASS-007,TXN-202412-25022525,defect,,fahmai_cs,pending
WC-202412-25028643,2024-12-25,2024-12-25,,2026-01-15,CUST-L3-028643,SKU-MASS-069,TXN-202412-25028643,defect,,fahmai_cs,pending
WC-202412-25029464,2024-12-25,2024-12-25,,2026-01-15,CUST-L3-029464,SKU-MASS-110,TXN-202412-25029464,defect,,fahmai_cs,pending
WC-202412-26003775,2024-12-26,2024-12-26,,2026-01-15,CUST-L3-003775,SKU-MASS-096,TXN-202412-26003775,defect,,fahmai_cs,pending
WC-202412-26010774,2024-12-26,2024-12-26,,2026-01-15,CUST-L3-010774,SKU-MASS-094,TXN-202412-26010774,defect,,fahmai_cs,pending
WC-202412-26015555,2024-12-26,2024-12-26,,2026-01-15,CUST-L3-015555,SKU-MASS-106,TXN-202412-26015555,defect,,fahmai_cs,pending
WC-202412-26021362,2024-12-26,2024-12-26,,2026-01-15,CUST-L3-021362,SKU-MASS-023,TXN-202412-26021362,defect,,fahmai_cs,pending
WC-202412-26028518,2024-12-26,2024-12-26,,2026-01-15,CUST-L3-028518,SKU-MASS-084,TXN-202412-26028518,defect,,fahmai_cs,pending
WC-202412-27001308,2024-12-27,2024-12-27,,2026-01-15,CUST-L3-001308,SKU-MASS-009,TXN-202412-27001308,defect,,fahmai_cs,pending
WC-202412-27003111,2024-12-27,2024-12-27,,2026-01-15,CUST-L3-003111,SKU-MASS-071,TXN-202412-27003111,defect,,fahmai_cs,pending
WC-202412-27008323,2024-12-27,2024-12-27,,2026-01-15,CUST-L3-008323,SKU-MASS-084,TXN-202412-27008323,defect,,fahmai_cs,pending
WC-202412-27008906,2024-12-27,2024-12-27,,2026-01-15,CUST-L3-008906,SKU-MASS-073,TXN-202412-27008906,defect,,fahmai_cs,pending
WC-202412-27014746,2024-12-27,2024-12-27,,2026-01-15,CUST-L3-014746,SKU-MASS-062,TXN-202412-27014746,defect,,fahmai_cs,pending
WC-202412-27021583,2024-12-27,2024-12-27,,2026-01-15,CUST-L3-021583,SKU-MASS-014,TXN-202412-27021583,defect,,fahmai_cs,pending
WCL-CL-L4-235382634,2024-12-27,2024-12-27,,2026-01-15,CUST-L3-000051,AW-MN-001,,vendor batch defect (V-004-MON-BATCH-2567-Q4-001) — AW-MN-001 ArcWave ProView 27 4K monitor,16900.00,fahmai_cs,approved
WC-202412-28000149,2024-12-28,2024-12-28,,2026-01-15,CUST-L3-000149,SKU-MASS-049,TXN-202412-28000149,defect,,fahmai_cs,pending
WC-202412-28014489,2024-12-28,2024-12-28,,2026-01-15,CUST-L3-014489,SKU-MASS-072,TXN-202412-28014489,defect,,fahmai_cs,pending
WC-202412-28024360,2024-12-28,2024-12-28,,2026-01-15,CUST-L3-024360,DN-LT-010,TXN-202412-28024360,defect,,fahmai_cs,pending
WC-202412-29006082,2024-12-29,2024-12-29,,2026-01-15,CUST-L3-006082,SKU-MASS-062,TXN-202412-29006082,defect,,fahmai_cs,pending
WC-202412-29007260,2024-12-29,2024-12-29,,2026-01-15,CUST-L3-007260,SKU-MASS-011,TXN-202412-29007260,defect,,fahmai_cs,pending
WC-202412-29029329,2024-12-29,2024-12-29,,2026-01-15,CUST-L3-029329,SKU-MASS-058,TXN-202412-29029329,defect,,fahmai_cs,pending
WC-202412-29029782,2024-12-29,2024-12-29,,2026-01-15,CUST-L3-029782,SKU-MASS-098,TXN-202412-29029782,defect,,fahmai_cs,pending
WC-202412-30002766,2024-12-30,2024-12-30,,2026-01-15,CUST-L3-002766,SKU-MASS-011,TXN-202412-30002766,defect,,fahmai_cs,pending
WC-202412-30010826,2024-12-30,2024-12-30,,2026-01-15,CUST-L3-010826,SKU-MASS-072,TXN-202412-30010826,defect,,fahmai_cs,pending
WC-202412-30016685,2024-12-30,2024-12-30,,2026-01-15,CUST-L3-016685,SKU-MASS-061,TXN-202412-30016685,defect,,fahmai_cs,pending
WC-202412-30025838,2024-12-30,2024-12-30,,2026-01-15,CUST-L3-025838,SKU-MASS-036,TXN-202412-30025838,defect,,fahmai_cs,pending
WC-202412-31005938,2024-12-31,2024-12-31,,2026-01-15,CUST-L3-005938,SKU-MASS-044,TXN-202412-31005938,defect,,fahmai_cs,pending
WC-202412-31010256,2024-12-31,2024-12-31,,2026-01-15,CUST-L3-010256,SKU-MASS-020,TXN-202412-31010256,defect,,fahmai_cs,pending
WC-202412-31019841,2024-12-31,2024-12-31,,2026-01-15,CUST-L3-019841,SKU-MASS-032,TXN-202412-31019841,defect,,fahmai_cs,pending
WC-202412-31022090,2024-12-31,2024-12-31,,2026-01-15,CUST-L3-022090,SKU-MASS-029,TXN-202412-31022090,defect,,fahmai_cs,pending
WC-202412-31026413,2024-12-31,2024-12-31,,2026-01-15,CUST-L3-026413,SKU-MASS-027,TXN-202412-31026413,defect,,fahmai_cs,pending
WC-202412-31028990,2024-12-31,2024-12-31,,2026-01-15,CUST-L3-028990,SKU-MASS-020,TXN-202412-31028990,defect,,fahmai_cs,pending
WC-202501-01000785,2025-01-01,2025-01-01,,2026-01-15,CUST-L3-000785,SKU-MASS-067,TXN-202501-01000785,defect,,fahmai_cs,pending
WC-202501-01007745,2025-01-01,2025-01-01,,2026-01-15,CUST-L3-007745,SKU-MASS-072,TXN-202501-01007745,defect,,fahmai_cs,pending
WC-202501-01011839,2025-01-01,2025-01-01,,2026-01-15,CUST-L3-011839,SKU-MASS-011,TXN-202501-01011839,defect,,fahmai_cs,pending
WC-202501-01020158,2025-01-01,2025-01-01,,2026-01-15,CUST-L3-020158,SKU-MASS-053,TXN-202501-01020158,defect,,fahmai_cs,pending
WC-202501-01020260,2025-01-01,2025-01-01,,2026-01-15,CUST-L3-020260,SKU-MASS-016,TXN-202501-01020260,defect,,fahmai_cs,pending
WC-202501-01026233,2025-01-01,2025-01-01,,2026-01-15,CUST-L3-026233,SKU-MASS-019,TXN-202501-01026233,defect,,fahmai_cs,pending
WC-202501-01027310,2025-01-01,2025-01-01,,2026-01-15,CUST-L3-027310,SKU-MASS-080,TXN-202501-01027310,defect,,fahmai_cs,pending
WCL-CL-L4-24704839,2025-01-01,2025-01-01,,2026-01-15,CUST-L3-000132,AW-MN-001,,vendor batch defect (V-004-MON-BATCH-2567-Q4-001) — AW-MN-001 ArcWave ProView 27 4K monitor,16900.00,fahmai_cs,approved
WC-202501-02006105,2025-01-02,2025-01-02,,2026-01-15,CUST-L3-006105,SKU-MASS-049,TXN-202501-02006105,defect,,fahmai_cs,pending
WC-202501-02006214,2025-01-02,2025-01-02,,2026-01-15,CUST-L3-006214,SKU-MASS-038,TXN-202501-02006214,defect,,fahmai_cs,pending
WC-202501-02008760,2025-01-02,2025-01-02,,2026-01-15,CUST-L3-008760,SKU-MASS-079,TXN-202501-02008760,defect,,fahmai_cs,pending
WC-202501-02009096,2025-01-02,2025-01-02,,2026-01-15,CUST-L3-009096,SKU-MASS-010,TXN-202501-02009096,defect,,fahmai_cs,pending
WC-202501-02015064,2025-01-02,2025-01-02,,2026-01-15,CUST-L3-015064,SKU-MASS-065,TXN-202501-02015064,defect,,fahmai_cs,pending
WC-202501-02015574,2025-01-02,2025-01-02,,2026-01-15,CUST-L3-015574,SKU-MASS-106,TXN-202501-02015574,defect,,fahmai_cs,pending
WC-202501-02019579,2025-01-02,2025-01-02,,2026-01-15,CUST-L3-019579,SKU-MASS-053,TXN-202501-02019579,defect,,fahmai_cs,pending
WC-202501-02026251,2025-01-02,2025-01-02,,2026-01-15,CUST-L3-026251,SKU-MASS-008,TXN-202501-02026251,defect,,fahmai_cs,pending
WC-202501-02029247,2025-01-02,2025-01-02,,2026-01-15,CUST-L3-029247,NT-LT-001,TXN-202501-02029247,defect,,fahmai_cs,pending
WC-202501-03002591,2025-01-03,2025-01-03,,2026-01-15,CUST-L3-002591,SKU-MASS-081,TXN-202501-03002591,defect,,fahmai_cs,pending
WC-202501-03018921,2025-01-03,2025-01-03,,2026-01-15,CUST-L3-018921,SKU-MASS-016,TXN-202501-03018921,defect,,fahmai_cs,pending
WC-202501-03025896,2025-01-03,2025-01-03,,2026-01-15,CUST-L3-025896,SKU-MASS-022,TXN-202501-03025896,defect,,fahmai_cs,pending
WC-202501-03027604,2025-01-03,2025-01-03,,2026-01-15,CUST-L3-027604,SKU-MASS-034,TXN-202501-03027604,defect,,fahmai_cs,pending
WC-202501-04010316,2025-01-04,2025-01-04,,2026-01-15,CUST-L3-010316,SKU-MASS-070,TXN-202501-04010316,defect,,fahmai_cs,pending
WC-202501-04010417,2025-01-04,2025-01-04,,2026-01-15,CUST-L3-010417,SKU-MASS-086,TXN-202501-04010417,defect,,fahmai_cs,pending
WC-202501-04014307,2025-01-04,2025-01-04,,2026-01-15,CUST-L3-014307,SKU-MASS-073,TXN-202501-04014307,defect,,fahmai_cs,pending
WC-202501-04016018,2025-01-04,2025-01-04,,2026-01-15,CUST-L3-016018,SKU-MASS-023,TXN-202501-04016018,defect,,fahmai_cs,pending
WC-202501-04016739,2025-01-04,2025-01-04,,2026-01-15,CUST-L3-016739,SKU-MASS-042,TXN-202501-04016739,defect,,fahmai_cs,pending
WC-202501-04016906,2025-01-04,2025-01-04,,2026-01-15,CUST-L3-016906,SKU-MASS-060,TXN-202501-04016906,defect,,fahmai_cs,pending
WC-202501-05020509,2025-01-05,2025-01-05,,2026-01-15,CUST-L3-020509,SKU-MASS-046,TXN-202501-05020509,defect,,fahmai_cs,pending
WC-202501-05020678,2025-01-05,2025-01-05,,2026-01-15,CUST-L3-020678,SKU-MASS-077,TXN-202501-05020678,defect,,fahmai_cs,pending
WC-202501-05022997,2025-01-05,2025-01-05,,2026-01-15,CUST-L3-022997,SKU-MASS-008,TXN-202501-05022997,defect,,fahmai_cs,pending
WC-202501-05027629,2025-01-05,2025-01-05,,2026-01-15,CUST-L3-027629,DN-LT-010,TXN-202501-05027629,defect,,fahmai_cs,pending
WCL-CL-L4-191189015,2025-01-05,2025-01-05,,2026-01-15,CUST-L3-000133,AW-MN-001,,vendor batch defect (V-004-MON-BATCH-2567-Q4-001) — AW-MN-001 ArcWave ProView 27 4K monitor,16900.00,fahmai_cs,approved
WC-202501-06001619,2025-01-06,2025-01-06,,2026-01-15,CUST-L3-001619,SKU-MASS-080,TXN-202501-06001619,defect,,fahmai_cs,pending
WC-202501-06002175,2025-01-06,2025-01-06,,2026-01-15,CUST-L3-002175,SKU-MASS-052,TXN-202501-06002175,defect,,fahmai_cs,pending
WC-202501-06006158,2025-01-06,2025-01-06,,2026-01-15,CUST-L3-006158,SKU-MASS-095,TXN-202501-06006158,defect,,fahmai_cs,pending
WC-202501-06007334,2025-01-06,2025-01-06,,2026-01-15,CUST-L3-007334,SKU-MASS-040,TXN-202501-06007334,defect,,fahmai_cs,pending
WC-202501-06009758,2025-01-06,2025-01-06,,2026-01-15,CUST-L3-009758,SKU-MASS-015,TXN-202501-06009758,defect,,fahmai_cs,pending
WC-202501-06012351,2025-01-06,2025-01-06,,2026-01-15,CUST-L3-012351,SKU-MASS-101,TXN-202501-06012351,defect,,fahmai_cs,pending
WC-202501-06013853,2025-01-06,2025-01-06,,2026-01-15,CUST-L3-013853,SKU-MASS-067,TXN-202501-06013853,defect,,fahmai_cs,pending
WC-202501-06014639,2025-01-06,2025-01-06,,2026-01-15,CUST-L3-014639,SKU-MASS-020,TXN-202501-06014639,defect,,fahmai_cs,pending
WC-202501-06028510,2025-01-06,2025-01-06,,2026-01-15,CUST-L3-028510,SKU-MASS-025,TXN-202501-06028510,defect,,fahmai_cs,pending
WC-202501-07013010,2025-01-07,2025-01-07,,2026-01-15,CUST-L3-013010,SKU-MASS-093,TXN-202501-07013010,defect,,fahmai_cs,pending
WC-202501-07019136,2025-01-07,2025-01-07,,2026-01-15,CUST-L3-019136,SKU-MASS-018,TXN-202501-07019136,defect,,fahmai_cs,pending
WC-202501-07023534,2025-01-07,2025-01-07,,2026-01-15,CUST-L3-023534,SKU-MASS-109,TXN-202501-07023534,defect,,fahmai_cs,pending
WC-202501-08015992,2025-01-08,2025-01-08,,2026-01-15,CUST-L3-015992,SKU-MASS-106,TXN-202501-08015992,defect,,fahmai_cs,pending
WC-202501-08017230,2025-01-08,2025-01-08,,2026-01-15,CUST-L3-017230,SKU-MASS-110,TXN-202501-08017230,defect,,fahmai_cs,pending
WC-202501-08017738,2025-01-08,2025-01-08,,2026-01-15,CUST-L3-017738,SKU-MASS-068,TXN-202501-08017738,defect,,fahmai_cs,pending
WC-202501-08021107,2025-01-08,2025-01-08,,2026-01-15,CUST-L3-021107,SKU-MASS-099,TXN-202501-08021107,defect,,fahmai_cs,pending
WC-202501-08024224,2025-01-08,2025-01-08,,2026-01-15,CUST-L3-024224,SKU-MASS-032,TXN-202501-08024224,defect,,fahmai_cs,pending
WC-202501-09002589,2025-01-09,2025-01-09,,2026-01-15,CUST-L3-002589,SKU-MASS-078,TXN-202501-09002589,defect,,fahmai_cs,pending
WC-202501-09005681,2025-01-09,2025-01-09,,2026-01-15,CUST-L3-005681,SKU-MASS-098,TXN-202501-09005681,defect,,fahmai_cs,pending
WC-202501-09023942,2025-01-09,2025-01-09,,2026-01-15,CUST-L3-023942,SKU-MASS-071,TXN-202501-09023942,defect,,fahmai_cs,pending
WC-202501-09029953,2025-01-09,2025-01-09,,2026-01-15,CUST-L3-029953,SKU-MASS-067,TXN-202501-09029953,defect,,fahmai_cs,pending
WC-202501-10001602,2025-01-10,2025-01-10,,2026-01-15,CUST-L3-001602,SKU-MASS-071,TXN-202501-10001602,defect,,fahmai_cs,pending
WC-202501-10006778,2025-01-10,2025-01-10,,2026-01-15,CUST-L3-006778,SKU-MASS-084,TXN-202501-10006778,defect,,fahmai_cs,pending
WC-202501-10010832,2025-01-10,2025-01-10,,2026-01-15,CUST-L3-010832,SKU-MASS-056,TXN-202501-10010832,defect,,fahmai_cs,pending
WC-202501-10020527,2025-01-10,2025-01-10,,2026-01-15,CUST-L3-020527,SKU-MASS-021,TXN-202501-10020527,defect,,fahmai_cs,pending
WC-202501-10025109,2025-01-10,2025-01-10,,2026-01-15,CUST-L3-025109,SKU-MASS-066,TXN-202501-10025109,defect,,fahmai_cs,pending
WC-202501-10028101,2025-01-10,2025-01-10,,2026-01-15,CUST-L3-028101,SKU-MASS-037,TXN-202501-10028101,defect,,fahmai_cs,pending
WCL-CL-L4-189391893,2025-01-10,2025-01-10,,2026-01-15,CUST-L3-000099,AW-MN-001,,vendor batch defect (V-004-MON-BATCH-2567-Q4-001) — AW-MN-001 ArcWave ProView 27 4K monitor,16900.00,fahmai_cs,approved
WC-202501-11003408,2025-01-11,2025-01-11,,2026-01-15,CUST-L3-003408,SKU-MASS-059,TXN-202501-11003408,defect,,fahmai_cs,pending
WC-202501-11008101,2025-01-11,2025-01-11,,2026-01-15,CUST-L3-008101,SKU-MASS-075,TXN-202501-11008101,defect,,fahmai_cs,pending
WC-202501-11016036,2025-01-11,2025-01-11,,2026-01-15,CUST-L3-016036,SKU-MASS-059,TXN-202501-11016036,defect,,fahmai_cs,pending
WC-202501-11024478,2025-01-11,2025-01-11,,2026-01-15,CUST-L3-024478,SKU-MASS-034,TXN-202501-11024478,defect,,fahmai_cs,pending
WC-202501-12001904,2025-01-12,2025-01-12,,2026-01-15,CUST-L3-001904,SKU-MASS-052,TXN-202501-12001904,defect,,fahmai_cs,pending
WC-202501-12003182,2025-01-12,2025-01-12,,2026-01-15,CUST-L3-003182,SKU-MASS-038,TXN-202501-12003182,defect,,fahmai_cs,pending
WC-202501-12009371,2025-01-12,2025-01-12,,2026-01-15,CUST-L3-009371,SKU-MASS-009,TXN-202501-12009371,defect,,fahmai_cs,pending
WC-202501-12018079,2025-01-12,2025-01-12,,2026-01-15,CUST-L3-018079,SKU-MASS-106,TXN-202501-12018079,defect,,fahmai_cs,pending
WC-202501-12022249,2025-01-12,2025-01-12,,2026-01-15,CUST-L3-022249,SKU-MASS-061,TXN-202501-12022249,defect,,fahmai_cs,pending
WC-202501-13004136,2025-01-13,2025-01-13,,2026-01-15,CUST-L3-004136,SKU-MASS-078,TXN-202501-13004136,defect,,fahmai_cs,pending
WC-202501-13007137,2025-01-13,2025-01-13,,2026-01-15,CUST-L3-007137,SKU-MASS-085,TXN-202501-13007137,defect,,fahmai_cs,pending
WC-202501-13007374,2025-01-13,2025-01-13,,2026-01-15,CUST-L3-007374,SKU-MASS-062,TXN-202501-13007374,defect,,fahmai_cs,pending
WC-202501-13015924,2025-01-13,2025-01-13,,2026-01-15,CUST-L3-015924,SKU-MASS-047,TXN-202501-13015924,defect,,fahmai_cs,pending
WC-202501-13016431,2025-01-13,2025-01-13,,2026-01-15,CUST-L3-016431,SKU-MASS-093,TXN-202501-13016431,defect,,fahmai_cs,pending
WC-202501-13018779,2025-01-13,2025-01-13,,2026-01-15,CUST-L3-018779,SKU-MASS-030,TXN-202501-13018779,defect,,fahmai_cs,pending
WC-202501-13020947,2025-01-13,2025-01-13,,2026-01-15,CUST-L3-020947,SKU-MASS-016,TXN-202501-13020947,defect,,fahmai_cs,pending
WC-202501-13022374,2025-01-13,2025-01-13,,2026-01-15,CUST-L3-022374,SKU-MASS-046,TXN-202501-13022374,defect,,fahmai_cs,pending
WC-202501-14006811,2025-01-14,2025-01-14,,2026-01-15,CUST-L3-006811,SKU-MASS-103,TXN-202501-14006811,defect,,fahmai_cs,pending
WC-202501-14023216,2025-01-14,2025-01-14,,2026-01-15,CUST-L3-023216,SKU-MASS-013,TXN-202501-14023216,defect,,fahmai_cs,pending
WC-202501-14026432,2025-01-14,2025-01-14,,2026-01-15,CUST-L3-026432,SKU-MASS-052,TXN-202501-14026432,defect,,fahmai_cs,pending
WC-202501-14029870,2025-01-14,2025-01-14,,2026-01-15,CUST-L3-029870,SKU-MASS-059,TXN-202501-14029870,defect,,fahmai_cs,pending
WCL-CL-L4-21228524,2025-01-14,2025-01-14,,2026-01-15,CUST-L3-000146,AW-MN-001,,vendor batch defect (V-004-MON-BATCH-2567-Q4-001) — AW-MN-001 ArcWave ProView 27 4K monitor,16900.00,fahmai_cs,approved
WC-202501-15019254,2025-01-15,2025-01-15,,2026-01-15,CUST-L3-019254,SKU-MASS-080,TXN-202501-15019254,defect,,fahmai_cs,pending
WC-202501-15022177,2025-01-15,2025-01-15,,2026-01-15,CUST-L3-022177,SKU-MASS-032,TXN-202501-15022177,defect,,fahmai_cs,pending
WC-202501-15023540,2025-01-15,2025-01-15,,2026-01-15,CUST-L3-023540,SKU-MASS-107,TXN-202501-15023540,defect,,fahmai_cs,pending
WC-202501-16001242,2025-01-16,2025-01-16,,2026-01-15,CUST-L3-001242,SKU-MASS-101,TXN-202501-16001242,defect,,fahmai_cs,pending
WC-202501-16009809,2025-01-16,2025-01-16,,2026-01-15,CUST-L3-009809,SKU-MASS-011,TXN-202501-16009809,defect,,fahmai_cs,pending
WC-202501-16011605,2025-01-16,2025-01-16,,2026-01-15,CUST-L3-011605,SKU-MASS-051,TXN-202501-16011605,defect,,fahmai_cs,pending
WC-202501-17003494,2025-01-17,2025-01-17,,2026-01-15,CUST-L3-003494,SKU-MASS-107,TXN-202501-17003494,defect,,fahmai_cs,pending
WC-202501-17005844,2025-01-17,2025-01-17,,2026-01-15,CUST-L3-005844,SKU-MASS-008,TXN-202501-17005844,defect,,fahmai_cs,pending
WC-202501-17014181,2025-01-17,2025-01-17,,2026-01-15,CUST-L3-014181,SKU-MASS-059,TXN-202501-17014181,defect,,fahmai_cs,pending
WC-202501-17023913,2025-01-17,2025-01-17,,2026-01-15,CUST-L3-023913,SKU-MASS-027,TXN-202501-17023913,defect,,fahmai_cs,pending
WC-202501-17026332,2025-01-17,2025-01-17,,2026-01-15,CUST-L3-026332,SKU-MASS-013,TXN-202501-17026332,defect,,fahmai_cs,pending
WC-202501-18007296,2025-01-18,2025-01-18,,2026-01-15,CUST-L3-007296,SKU-MASS-054,TXN-202501-18007296,defect,,fahmai_cs,pending
WC-202501-18009777,2025-01-18,2025-01-18,,2026-01-15,CUST-L3-009777,SKU-MASS-047,TXN-202501-18009777,defect,,fahmai_cs,pending
WC-202501-18028823,2025-01-18,2025-01-18,,2026-01-15,CUST-L3-028823,SKU-MASS-084,TXN-202501-18028823,defect,,fahmai_cs,pending
WC-202501-19000428,2025-01-19,2025-01-19,,2026-01-15,CUST-L3-000428,SKU-MASS-054,TXN-202501-19000428,defect,,fahmai_cs,pending
WC-202501-19013982,2025-01-19,2025-01-19,,2026-01-15,CUST-L3-013982,SKU-MASS-107,TXN-202501-19013982,defect,,fahmai_cs,pending
WC-202501-19014766,2025-01-19,2025-01-19,,2026-01-15,CUST-L3-014766,SKU-MASS-099,TXN-202501-19014766,defect,,fahmai_cs,pending
WC-202501-19018628,2025-01-19,2025-01-19,,2026-01-15,CUST-L3-018628,SKU-MASS-068,TXN-202501-19018628,defect,,fahmai_cs,pending
WC-202501-19019642,2025-01-19,2025-01-19,,2026-01-15,CUST-L3-019642,SKU-MASS-092,TXN-202501-19019642,defect,,fahmai_cs,pending
WC-202501-19024859,2025-01-19,2025-01-19,,2026-01-15,CUST-L3-024859,SKU-MASS-029,TXN-202501-19024859,defect,,fahmai_cs,pending
WCL-CL-L4-265670239,2025-01-19,2025-01-19,,2026-01-15,CUST-L3-000069,AW-MN-001,,vendor batch defect (V-004-MON-BATCH-2567-Q4-001) — AW-MN-001 ArcWave ProView 27 4K monitor,16900.00,fahmai_cs,approved
WC-202501-21008593,2025-01-21,2025-01-21,,2026-01-15,CUST-L3-008593,SKU-MASS-103,TXN-202501-21008593,defect,,fahmai_cs,pending
WC-202501-21008657,2025-01-21,2025-01-21,,2026-01-15,CUST-L3-008657,AW-MN-001,TXN-202501-21008657,defect,,fahmai_cs,pending
WC-202501-21014940,2025-01-21,2025-01-21,,2026-01-15,CUST-L3-014940,SKU-MASS-032,TXN-202501-21014940,defect,,fahmai_cs,pending
WC-202501-22002409,2025-01-22,2025-01-22,,2026-01-15,CUST-L3-002409,SKU-MASS-007,TXN-202501-22002409,defect,,fahmai_cs,pending
WC-202501-22009144,2025-01-22,2025-01-22,,2026-01-15,CUST-L3-009144,SKU-MASS-017,TXN-202501-22009144,defect,,fahmai_cs,pending
WC-202501-22012176,2025-01-22,2025-01-22,,2026-01-15,CUST-L3-012176,SKU-MASS-011,TXN-202501-22012176,defect,,fahmai_cs,pending
WC-202501-22020951,2025-01-22,2025-01-22,,2026-01-15,CUST-L3-020951,SKU-MASS-012,TXN-202501-22020951,defect,,fahmai_cs,pending
WC-202501-22026546,2025-01-22,2025-01-22,,2026-01-15,CUST-L3-026546,SKU-MASS-050,TXN-202501-22026546,defect,,fahmai_cs,pending
WC-202501-23001758,2025-01-23,2025-01-23,,2026-01-15,CUST-L3-001758,SKU-MASS-094,TXN-202501-23001758,defect,,fahmai_cs,pending
WC-202501-23002892,2025-01-23,2025-01-23,,2026-01-15,CUST-L3-002892,SKU-MASS-072,TXN-202501-23002892,defect,,fahmai_cs,pending
WC-202501-23016769,2025-01-23,2025-01-23,,2026-01-15,CUST-L3-016769,SKU-MASS-040,TXN-202501-23016769,defect,,fahmai_cs,pending
WC-202501-23025876,2025-01-23,2025-01-23,,2026-01-15,CUST-L3-025876,SKU-MASS-041,TXN-202501-23025876,defect,,fahmai_cs,pending
WCL-CL-L4-118556010,2025-01-23,2025-01-23,,2026-01-15,CUST-L3-000103,AW-MN-001,,vendor batch defect (V-004-MON-BATCH-2567-Q4-001) — AW-MN-001 ArcWave ProView 27 4K monitor,16900.00,fahmai_cs,approved
WC-202501-24000718,2025-01-24,2025-01-24,,2026-01-15,CUST-L3-000718,SKU-MASS-108,TXN-202501-24000718,defect,,fahmai_cs,pending
WC-202501-24008636,2025-01-24,2025-01-24,,2026-01-15,CUST-L3-008636,SKU-MASS-010,TXN-202501-24008636,defect,,fahmai_cs,pending
WC-202501-24012634,2025-01-24,2025-01-24,,2026-01-15,CUST-L3-012634,SKU-MASS-068,TXN-202501-24012634,defect,,fahmai_cs,pending
WC-202501-24029498,2025-01-24,2025-01-24,,2026-01-15,CUST-L3-029498,SKU-MASS-076,TXN-202501-24029498,defect,,fahmai_cs,pending
WC-202501-25000136,2025-01-25,2025-01-25,,2026-01-15,CUST-L3-000136,SKU-MASS-058,TXN-202501-25000136,defect,,fahmai_cs,pending
WC-202501-25005962,2025-01-25,2025-01-25,,2026-01-15,CUST-L3-005962,SKU-MASS-051,TXN-202501-25005962,defect,,fahmai_cs,pending
WC-202501-25022113,2025-01-25,2025-01-25,,2026-01-15,CUST-L3-022113,SKU-MASS-073,TXN-202501-25022113,defect,,fahmai_cs,pending
WC-202501-25023162,2025-01-25,2025-01-25,,2026-01-15,CUST-L3-023162,SKU-MASS-046,TXN-202501-25023162,defect,,fahmai_cs,pending
WC-202501-26010241,2025-01-26,2025-01-26,,2026-01-15,CUST-L3-010241,SKU-MASS-024,TXN-202501-26010241,defect,,fahmai_cs,pending
WC-202501-26024719,2025-01-26,2025-01-26,,2026-01-15,CUST-L3-024719,SKU-MASS-097,TXN-202501-26024719,defect,,fahmai_cs,pending
WC-202501-26027624,2025-01-26,2025-01-26,,2026-01-15,CUST-L3-027624,SKU-MASS-096,TXN-202501-26027624,defect,,fahmai_cs,pending
WC-202501-26029190,2025-01-26,2025-01-26,,2026-01-15,CUST-L3-029190,SKU-MASS-081,TXN-202501-26029190,defect,,fahmai_cs,pending
WC-202501-27000772,2025-01-27,2025-01-27,,2026-01-15,CUST-L3-000772,SKU-MASS-093,TXN-202501-27000772,defect,,fahmai_cs,pending
WC-202501-27002136,2025-01-27,2025-01-27,,2026-01-15,CUST-L3-002136,SKU-MASS-010,TXN-202501-27002136,defect,,fahmai_cs,pending
WC-202501-27017674,2025-01-27,2025-01-27,,2026-01-15,CUST-L3-017674,SKU-MASS-058,TXN-202501-27017674,defect,,fahmai_cs,pending
WC-202501-27025962,2025-01-27,2025-01-27,,2026-01-15,CUST-L3-025962,SKU-MASS-088,TXN-202501-27025962,defect,,fahmai_cs,pending
WCL-CL-L4-135446699,2025-01-27,2025-01-27,,2026-01-15,CUST-L3-000049,AW-MN-001,,vendor batch defect (V-004-MON-BATCH-2567-Q4-001) — AW-MN-001 ArcWave ProView 27 4K monitor,16900.00,fahmai_cs,approved
WC-202501-28005026,2025-01-28,2025-01-28,,2026-01-15,CUST-L3-005026,SKU-MASS-099,TXN-202501-28005026,defect,,fahmai_cs,pending
WC-202501-28006472,2025-01-28,2025-01-28,,2026-01-15,CUST-L3-006472,SKU-MASS-107,TXN-202501-28006472,defect,,fahmai_cs,pending
WC-202501-28010799,2025-01-28,2025-01-28,,2026-01-15,CUST-L3-010799,SKU-MASS-054,TXN-202501-28010799,defect,,fahmai_cs,pending
WC-202501-28025074,2025-01-28,2025-01-28,,2026-01-15,CUST-L3-025074,SKU-MASS-079,TXN-202501-28025074,defect,,fahmai_cs,pending
WC-202501-28028039,2025-01-28,2025-01-28,,2026-01-15,CUST-L3-028039,SKU-MASS-052,TXN-202501-28028039,defect,,fahmai_cs,pending
WC-202501-28028945,2025-01-28,2025-01-28,,2026-01-15,CUST-L3-028945,SKU-MASS-062,TXN-202501-28028945,defect,,fahmai_cs,pending
WC-202501-29000911,2025-01-29,2025-01-29,,2026-01-15,CUST-L3-000911,SKU-MASS-079,TXN-202501-29000911,defect,,fahmai_cs,pending
WC-202501-29004827,2025-01-29,2025-01-29,,2026-01-15,CUST-L3-004827,SKU-MASS-039,TXN-202501-29004827,defect,,fahmai_cs,pending
WC-202501-29006803,2025-01-29,2025-01-29,,2026-01-15,CUST-L3-006803,SKU-MASS-091,TXN-202501-29006803,defect,,fahmai_cs,pending
WC-202501-29008067,2025-01-29,2025-01-29,,2026-01-15,CUST-L3-008067,SKU-MASS-037,TXN-202501-29008067,defect,,fahmai_cs,pending
WC-202501-29022517,2025-01-29,2025-01-29,,2026-01-15,CUST-L3-022517,SKU-STD-001,TXN-202501-29022517,defect,,fahmai_cs,pending
WC-202501-29025150,2025-01-29,2025-01-29,,2026-01-15,CUST-L3-025150,SKU-MASS-059,TXN-202501-29025150,defect,,fahmai_cs,pending
WC-202501-29025329,2025-01-29,2025-01-29,,2026-01-15,CUST-L3-025329,SKU-MASS-076,TXN-202501-29025329,defect,,fahmai_cs,pending
WC-202501-30013997,2025-01-30,2025-01-30,,2026-01-15,CUST-L3-013997,SKU-MASS-043,TXN-202501-30013997,defect,,fahmai_cs,pending
WC-202501-30014082,2025-01-30,2025-01-30,,2026-01-15,CUST-L3-014082,SKU-MASS-011,TXN-202501-30014082,defect,,fahmai_cs,pending
WC-202501-30025344,2025-01-30,2025-01-30,,2026-01-15,CUST-L3-025344,SKU-MASS-023,TXN-202501-30025344,defect,,fahmai_cs,pending
WC-202501-30029811,2025-01-30,2025-01-30,,2026-01-15,CUST-L3-029811,SKU-MASS-045,TXN-202501-30029811,defect,,fahmai_cs,pending
WC-202501-31006151,2025-01-31,2025-01-31,,2026-01-15,CUST-L3-006151,SKU-MASS-103,TXN-202501-31006151,defect,,fahmai_cs,pending
WC-202501-31013006,2025-01-31,2025-01-31,,2026-01-15,CUST-L3-013006,SKU-MASS-048,TXN-202501-31013006,defect,,fahmai_cs,pending
WC-202501-31025605,2025-01-31,2025-01-31,,2026-01-15,CUST-L3-025605,SKU-MASS-045,TXN-202501-31025605,defect,,fahmai_cs,pending
WC-202501-31028930,2025-01-31,2025-01-31,,2026-01-15,CUST-L3-028930,SKU-MASS-060,TXN-202501-31028930,defect,,fahmai_cs,pending
WC-202502-01002603,2025-02-01,2025-02-01,,2026-01-15,CUST-L3-002603,SKU-MASS-035,TXN-202502-01002603,defect,,fahmai_cs,pending
WC-202502-01004691,2025-02-01,2025-02-01,,2026-01-15,CUST-L3-004691,SKU-MASS-007,TXN-202502-01004691,defect,,fahmai_cs,pending
WC-202502-01008096,2025-02-01,2025-02-01,,2026-01-15,CUST-L3-008096,SKU-MASS-103,TXN-202502-01008096,defect,,fahmai_cs,pending
WC-202502-01012473,2025-02-01,2025-02-01,,2026-01-15,CUST-L3-012473,SKU-MASS-041,TXN-202502-01012473,defect,,fahmai_cs,pending
WC-202502-01013545,2025-02-01,2025-02-01,,2026-01-15,CUST-L3-013545,SKU-MASS-064,TXN-202502-01013545,defect,,fahmai_cs,pending
WC-202502-01024138,2025-02-01,2025-02-01,,2026-01-15,CUST-L3-024138,SKU-MASS-058,TXN-202502-01024138,defect,,fahmai_cs,pending
WC-202502-01029501,2025-02-01,2025-02-01,,2026-01-15,CUST-L3-029501,SKU-MASS-081,TXN-202502-01029501,defect,,fahmai_cs,pending
WCL-CL-L4-41950585,2025-02-01,2025-02-01,,2026-01-15,CUST-L3-000144,AW-MN-001,,vendor batch defect (V-004-MON-BATCH-2567-Q4-001) — AW-MN-001 ArcWave ProView 27 4K monitor,16900.00,fahmai_cs,approved
WC-202502-02019518,2025-02-02,2025-02-02,,2026-01-15,CUST-L3-019518,SKU-MASS-061,TXN-202502-02019518,defect,,fahmai_cs,pending
WC-202502-02025241,2025-02-02,2025-02-02,,2026-01-15,CUST-L3-025241,SKU-MASS-097,TXN-202502-02025241,defect,,fahmai_cs,pending
WC-202502-03003880,2025-02-03,2025-02-03,,2026-01-15,CUST-L3-003880,SKU-MASS-016,TXN-202502-03003880,defect,,fahmai_cs,pending
WC-202502-03003983,2025-02-03,2025-02-03,,2026-01-15,CUST-L3-003983,SKU-MASS-093,TXN-202502-03003983,defect,,fahmai_cs,pending
WC-202502-03005932,2025-02-03,2025-02-03,,2026-01-15,CUST-L3-005932,SKU-MASS-057,TXN-202502-03005932,defect,,fahmai_cs,pending
WC-202502-03017877,2025-02-03,2025-02-03,,2026-01-15,CUST-L3-017877,SKU-MASS-099,TXN-202502-03017877,defect,,fahmai_cs,pending
WC-202502-03018909,2025-02-03,2025-02-03,,2026-01-15,CUST-L3-018909,SKU-MASS-052,TXN-202502-03018909,defect,,fahmai_cs,pending
WC-202502-03025241,2025-02-03,2025-02-03,,2026-01-15,CUST-L3-025241,SKU-MASS-062,TXN-202502-03025241,defect,,fahmai_cs,pending
WC-202502-04005928,2025-02-04,2025-02-04,,2026-01-15,CUST-L3-005928,SKU-MASS-061,TXN-202502-04005928,defect,,fahmai_cs,pending
WC-202502-04018908,2025-02-04,2025-02-04,,2026-01-15,CUST-L3-018908,SKU-MASS-102,TXN-202502-04018908,defect,,fahmai_cs,pending
WC-202502-04025040,2025-02-04,2025-02-04,,2026-01-15,CUST-L3-025040,SKU-MASS-008,TXN-202502-04025040,defect,,fahmai_cs,pending
WC-202502-05000432,2025-02-05,2025-02-05,,2026-01-15,CUST-L3-000432,SKU-MASS-022,TXN-202502-05000432,defect,,fahmai_cs,pending
WC-202502-05017611,2025-02-05,2025-02-05,,2026-01-15,CUST-L3-017611,SKU-STD-001,TXN-202502-05017611,defect,,fahmai_cs,pending
WCL-CL-L4-61416882,2025-02-05,2025-02-05,,2026-01-15,CUST-L3-000054,AW-MN-001,,vendor batch defect (V-004-MON-BATCH-2567-Q4-001) — AW-MN-001 ArcWave ProView 27 4K monitor,16900.00,fahmai_cs,approved
WC-202502-06005420,2025-02-06,2025-02-06,,2026-01-15,CUST-L3-005420,SKU-MASS-072,TXN-202502-06005420,defect,,fahmai_cs,pending
WC-202502-06011983,2025-02-06,2025-02-06,,2026-01-15,CUST-L3-011983,SKU-MASS-106,TXN-202502-06011983,defect,,fahmai_cs,pending
WC-202502-06022444,2025-02-06,2025-02-06,,2026-01-15,CUST-L3-022444,SKU-MASS-051,TXN-202502-06022444,defect,,fahmai_cs,pending
WC-202502-06026002,2025-02-06,2025-02-06,,2026-01-15,CUST-L3-026002,SKU-MASS-037,TXN-202502-06026002,defect,,fahmai_cs,pending
WC-202502-07006857,2025-02-07,2025-02-07,,2026-01-15,CUST-L3-006857,SKU-MASS-009,TXN-202502-07006857,defect,,fahmai_cs,pending
WC-202502-07011963,2025-02-07,2025-02-07,,2026-01-15,CUST-L3-011963,SKU-MASS-009,TXN-202502-07011963,defect,,fahmai_cs,pending
WC-202502-07013182,2025-02-07,2025-02-07,,2026-01-15,CUST-L3-013182,SKU-MASS-056,TXN-202502-07013182,defect,,fahmai_cs,pending
WC-202502-07013225,2025-02-07,2025-02-07,,2026-01-15,CUST-L3-013225,SKU-MASS-062,TXN-202502-07013225,defect,,fahmai_cs,pending
WC-202502-07024350,2025-02-07,2025-02-07,,2026-01-15,CUST-L3-024350,SKU-MASS-032,TXN-202502-07024350,defect,,fahmai_cs,pending
WC-202502-07028465,2025-02-07,2025-02-07,,2026-01-15,CUST-L3-028465,SKU-MASS-056,TXN-202502-07028465,defect,,fahmai_cs,pending
WC-202502-08007055,2025-02-08,2025-02-08,,2026-01-15,CUST-L3-007055,SKU-MASS-053,TXN-202502-08007055,defect,,fahmai_cs,pending
WC-202502-08011782,2025-02-08,2025-02-08,,2026-01-15,CUST-L3-011782,SKU-MASS-067,TXN-202502-08011782,defect,,fahmai_cs,pending
WC-202502-08015218,2025-02-08,2025-02-08,,2026-01-15,CUST-L3-015218,SKU-MASS-024,TXN-202502-08015218,defect,,fahmai_cs,pending
WC-202502-08023887,2025-02-08,2025-02-08,,2026-01-15,CUST-L3-023887,SKU-MASS-060,TXN-202502-08023887,defect,,fahmai_cs,pending
WC-202502-08025155,2025-02-08,2025-02-08,,2026-01-15,CUST-L3-025155,SKU-MASS-092,TXN-202502-08025155,defect,,fahmai_cs,pending
WC-202502-09006214,2025-02-09,2025-02-09,,2026-01-15,CUST-L3-006214,SKU-MASS-081,TXN-202502-09006214,defect,,fahmai_cs,pending
WC-202502-09006680,2025-02-09,2025-02-09,,2026-01-15,CUST-L3-006680,SKU-MASS-015,TXN-202502-09006680,defect,,fahmai_cs,pending
WC-202502-09007676,2025-02-09,2025-02-09,,2026-01-15,CUST-L3-007676,SKU-MASS-047,TXN-202502-09007676,defect,,fahmai_cs,pending
WC-202502-09017771,2025-02-09,2025-02-09,,2026-01-15,CUST-L3-017771,SKU-MASS-041,TXN-202502-09017771,defect,,fahmai_cs,pending
WC-202502-09024130,2025-02-09,2025-02-09,,2026-01-15,CUST-L3-024130,SKU-MASS-050,TXN-202502-09024130,defect,,fahmai_cs,pending
WC-202502-10001384,2025-02-10,2025-02-10,,2026-01-15,CUST-L3-001384,SKU-MASS-008,TXN-202502-10001384,defect,,fahmai_cs,pending
WC-202502-10004165,2025-02-10,2025-02-10,,2026-01-15,CUST-L3-004165,SKU-MASS-102,TXN-202502-10004165,defect,,fahmai_cs,pending
WC-202502-10014089,2025-02-10,2025-02-10,,2026-01-15,CUST-L3-014089,SKU-MASS-066,TXN-202502-10014089,defect,,fahmai_cs,pending
WC-202502-10015768,2025-02-10,2025-02-10,,2026-01-15,CUST-L3-015768,SKU-MASS-061,TXN-202502-10015768,defect,,fahmai_cs,pending
WC-202502-10015889,2025-02-10,2025-02-10,,2026-01-15,CUST-L3-015889,SKU-MASS-089,TXN-202502-10015889,defect,,fahmai_cs,pending
WC-202502-10018217,2025-02-10,2025-02-10,,2026-01-15,CUST-L3-018217,SKU-MASS-098,TXN-202502-10018217,defect,,fahmai_cs,pending
WC-202502-10020560,2025-02-10,2025-02-10,,2026-01-15,CUST-L3-020560,SKU-MASS-014,TXN-202502-10020560,defect,,fahmai_cs,pending
WC-202502-10020930,2025-02-10,2025-02-10,,2026-01-15,CUST-L3-020930,SKU-MASS-103,TXN-202502-10020930,defect,,fahmai_cs,pending
WC-202502-10021095,2025-02-10,2025-02-10,,2026-01-15,CUST-L3-021095,SKU-MASS-084,TXN-202502-10021095,defect,,fahmai_cs,pending
WCL-CL-L4-39728315,2025-02-10,2025-02-10,,2026-01-15,CUST-L3-000024,AW-MN-001,,vendor batch defect (V-004-MON-BATCH-2567-Q4-001) — AW-MN-001 ArcWave ProView 27 4K monitor,16900.00,fahmai_cs,approved
WC-202502-11005059,2025-02-11,2025-02-11,,2026-01-15,CUST-L3-005059,SKU-MASS-043,TXN-202502-11005059,defect,,fahmai_cs,pending
WC-202502-11013853,2025-02-11,2025-02-11,,2026-01-15,CUST-L3-013853,SKU-MASS-014,TXN-202502-11013853,defect,,fahmai_cs,pending
WC-202502-11014716,2025-02-11,2025-02-11,,2026-01-15,CUST-L3-014716,SKU-MASS-099,TXN-202502-11014716,defect,,fahmai_cs,pending
WC-202502-11016932,2025-02-11,2025-02-11,,2026-01-15,CUST-L3-016932,SKU-MASS-063,TXN-202502-11016932,defect,,fahmai_cs,pending
WC-202502-11026409,2025-02-11,2025-02-11,,2026-01-15,CUST-L3-026409,SKU-MASS-063,TXN-202502-11026409,defect,,fahmai_cs,pending
WC-202502-11027569,2025-02-11,2025-02-11,,2026-01-15,CUST-L3-027569,SKU-MASS-031,TXN-202502-11027569,defect,,fahmai_cs,pending
WC-202502-12014662,2025-02-12,2025-02-12,,2026-01-15,CUST-L3-014662,SKU-MASS-080,TXN-202502-12014662,defect,,fahmai_cs,pending
WC-202502-12021540,2025-02-12,2025-02-12,,2026-01-15,CUST-L3-021540,SKU-MASS-048,TXN-202502-12021540,defect,,fahmai_cs,pending
WC-202502-13002791,2025-02-13,2025-02-13,,2026-01-15,CUST-L3-002791,SKU-MASS-054,TXN-202502-13002791,defect,,fahmai_cs,pending
WC-202502-13014718,2025-02-13,2025-02-13,,2026-01-15,CUST-L3-014718,SKU-MASS-066,TXN-202502-13014718,defect,,fahmai_cs,pending
WC-202502-13016941,2025-02-13,2025-02-13,,2026-01-15,CUST-L3-016941,SKU-MASS-075,TXN-202502-13016941,defect,,fahmai_cs,pending
WC-202502-13017004,2025-02-13,2025-02-13,,2026-01-15,CUST-L3-017004,SKU-MASS-094,TXN-202502-13017004,defect,,fahmai_cs,pending
WC-202502-13019673,2025-02-13,2025-02-13,,2026-01-15,CUST-L3-019673,SKU-MASS-110,TXN-202502-13019673,defect,,fahmai_cs,pending
WC-202502-13025903,2025-02-13,2025-02-13,,2026-01-15,CUST-L3-025903,SKU-MASS-048,TXN-202502-13025903,defect,,fahmai_cs,pending
WC-202502-14000832,2025-02-14,2025-02-14,,2026-01-15,CUST-L3-000832,SKU-MASS-087,TXN-202502-14000832,defect,,fahmai_cs,pending
WC-202502-14008495,2025-02-14,2025-02-14,,2026-01-15,CUST-L3-008495,SKU-MASS-056,TXN-202502-14008495,defect,,fahmai_cs,pending
WC-202502-14009345,2025-02-14,2025-02-14,,2026-01-15,CUST-L3-009345,SKU-MASS-104,TXN-202502-14009345,defect,,fahmai_cs,pending
WC-202502-14014179,2025-02-14,2025-02-14,,2026-01-15,CUST-L3-014179,SKU-MASS-017,TXN-202502-14014179,defect,,fahmai_cs,pending
WC-202502-14020728,2025-02-14,2025-02-14,,2026-01-15,CUST-L3-020728,SKU-MASS-029,TXN-202502-14020728,defect,,fahmai_cs,pending
WCL-CL-L4-69432325,2025-02-14,2025-02-14,,2026-01-15,CUST-L3-000144,AW-MN-001,,vendor batch defect (V-004-MON-BATCH-2567-Q4-001) — AW-MN-001 ArcWave ProView 27 4K monitor,16900.00,fahmai_cs,approved
WC-202502-15001110,2025-02-15,2025-02-15,,2026-01-15,CUST-L3-001110,SKU-MASS-108,TXN-202502-15001110,defect,,fahmai_cs,pending
WC-202502-15006438,2025-02-15,2025-02-15,,2026-01-15,CUST-L3-006438,SKU-MASS-090,TXN-202502-15006438,defect,,fahmai_cs,pending
WC-202502-15010810,2025-02-15,2025-02-15,,2026-01-15,CUST-L3-010810,SKU-MASS-056,TXN-202502-15010810,defect,,fahmai_cs,pending
WC-202502-15012570,2025-02-15,2025-02-15,,2026-01-15,CUST-L3-012570,SKU-MASS-085,TXN-202502-15012570,defect,,fahmai_cs,pending
WC-202502-15022698,2025-02-15,2025-02-15,,2026-01-15,CUST-L3-022698,SKU-MASS-024,TXN-202502-15022698,defect,,fahmai_cs,pending
WC-202502-15024721,2025-02-15,2025-02-15,,2026-01-15,CUST-L3-024721,SKU-MASS-020,TXN-202502-15024721,defect,,fahmai_cs,pending
WC-202502-16000783,2025-02-16,2025-02-16,,2026-01-15,CUST-L3-000783,SKU-MASS-080,TXN-202502-16000783,defect,,fahmai_cs,pending
WC-202502-16005130,2025-02-16,2025-02-16,,2026-01-15,CUST-L3-005130,SKU-MASS-062,TXN-202502-16005130,defect,,fahmai_cs,pending
WC-202502-16019604,2025-02-16,2025-02-16,,2026-01-15,CUST-L3-019604,SKU-MASS-088,TXN-202502-16019604,defect,,fahmai_cs,pending
WC-202502-16028829,2025-02-16,2025-02-16,,2026-01-15,CUST-L3-028829,SKU-MASS-054,TXN-202502-16028829,defect,,fahmai_cs,pending
WC-202502-17001250,2025-02-17,2025-02-17,,2026-01-15,CUST-L3-001250,SKU-MASS-073,TXN-202502-17001250,defect,,fahmai_cs,pending
WC-202502-17006637,2025-02-17,2025-02-17,,2026-01-15,CUST-L3-006637,SKU-MASS-010,TXN-202502-17006637,defect,,fahmai_cs,pending
WC-202502-17016020,2025-02-17,2025-02-17,,2026-01-15,CUST-L3-016020,SKU-MASS-062,TXN-202502-17016020,defect,,fahmai_cs,pending
WC-202502-18008188,2025-02-18,2025-02-18,,2026-01-15,CUST-L3-008188,SKU-MASS-025,TXN-202502-18008188,defect,,fahmai_cs,pending
WC-202502-18014899,2025-02-18,2025-02-18,,2026-01-15,CUST-L3-014899,SKU-MASS-045,TXN-202502-18014899,defect,,fahmai_cs,pending
WC-202502-18019367,2025-02-18,2025-02-18,,2026-01-15,CUST-L3-019367,SKU-MASS-038,TXN-202502-18019367,defect,,fahmai_cs,pending
WC-202502-18024246,2025-02-18,2025-02-18,,2026-01-15,CUST-L3-024246,SKU-MASS-073,TXN-202502-18024246,defect,,fahmai_cs,pending
WC-202502-18028813,2025-02-18,2025-02-18,,2026-01-15,CUST-L3-028813,SKU-MASS-051,TXN-202502-18028813,defect,,fahmai_cs,pending
WCL-CL-L4-117619565,2025-02-18,2025-02-18,,2026-01-15,CUST-L3-000139,AW-MN-001,,vendor batch defect (V-004-MON-BATCH-2567-Q4-001) — AW-MN-001 ArcWave ProView 27 4K monitor,16900.00,fahmai_cs,approved
WC-202502-19003182,2025-02-19,2025-02-19,,2026-01-15,CUST-L3-003182,SKU-MASS-041,TXN-202502-19003182,defect,,fahmai_cs,pending
WC-202502-19011463,2025-02-19,2025-02-19,,2026-01-15,CUST-L3-011463,SKU-MASS-068,TXN-202502-19011463,defect,,fahmai_cs,pending
WC-202502-19020732,2025-02-19,2025-02-19,,2026-01-15,CUST-L3-020732,SKU-MASS-109,TXN-202502-19020732,defect,,fahmai_cs,pending
WC-202502-19021234,2025-02-19,2025-02-19,,2026-01-15,CUST-L3-021234,WK-SW-004,TXN-202502-19021234,defect,,fahmai_cs,pending
WC-202502-19023295,2025-02-19,2025-02-19,,2026-01-15,CUST-L3-023295,SKU-MASS-018,TXN-202502-19023295,defect,,fahmai_cs,pending
WC-202502-19028589,2025-02-19,2025-02-19,,2026-01-15,CUST-L3-028589,SKU-MASS-058,TXN-202502-19028589,defect,,fahmai_cs,pending
WC-202502-19028849,2025-02-19,2025-02-19,,2026-01-15,CUST-L3-028849,SKU-MASS-110,TXN-202502-19028849,defect,,fahmai_cs,pending
WC-202502-19029292,2025-02-19,2025-02-19,,2026-01-15,CUST-L3-029292,SKU-MASS-063,TXN-202502-19029292,defect,,fahmai_cs,pending
WC-202502-20004154,2025-02-20,2025-02-20,,2026-01-15,CUST-L3-004154,SKU-MASS-097,TXN-202502-20004154,defect,,fahmai_cs,pending
WC-202502-20008413,2025-02-20,2025-02-20,,2026-01-15,CUST-L3-008413,SKU-MASS-059,TXN-202502-20008413,defect,,fahmai_cs,pending
WC-202502-20017536,2025-02-20,2025-02-20,,2026-01-15,CUST-L3-017536,SKU-MASS-030,TXN-202502-20017536,defect,,fahmai_cs,pending
WC-202502-20025060,2025-02-20,2025-02-20,,2026-01-15,CUST-L3-025060,SKU-MASS-053,TXN-202502-20025060,defect,,fahmai_cs,pending
WC-202502-20028895,2025-02-20,2025-02-20,,2026-01-15,CUST-L3-028895,SKU-MASS-015,TXN-202502-20028895,defect,,fahmai_cs,pending
WC-202502-20029342,2025-02-20,2025-02-20,,2026-01-15,CUST-L3-029342,SKU-MASS-028,TXN-202502-20029342,defect,,fahmai_cs,pending
WC-202502-21008037,2025-02-21,2025-02-21,,2026-01-15,CUST-L3-008037,SKU-MASS-062,TXN-202502-21008037,defect,,fahmai_cs,pending
WC-202502-21017044,2025-02-21,2025-02-21,,2026-01-15,CUST-L3-017044,SKU-MASS-105,TXN-202502-21017044,defect,,fahmai_cs,pending
WC-202502-22002701,2025-02-22,2025-02-22,,2026-01-15,CUST-L3-002701,SKU-MASS-044,TXN-202502-22002701,defect,,fahmai_cs,pending
WC-202502-22005073,2025-02-22,2025-02-22,,2026-01-15,CUST-L3-005073,SKU-MASS-029,TXN-202502-22005073,defect,,fahmai_cs,pending
WC-202502-22005409,2025-02-22,2025-02-22,,2026-01-15,CUST-L3-005409,WK-SW-004,TXN-202502-22005409,defect,,fahmai_cs,pending
WC-202502-22012046,2025-02-22,2025-02-22,,2026-01-15,CUST-L3-012046,SKU-MASS-046,TXN-202502-22012046,defect,,fahmai_cs,pending
WC-202502-22015506,2025-02-22,2025-02-22,,2026-01-15,CUST-L3-015506,SKU-MASS-102,TXN-202502-22015506,defect,,fahmai_cs,pending
WC-202502-22024203,2025-02-22,2025-02-22,,2026-01-15,CUST-L3-024203,SKU-MASS-044,TXN-202502-22024203,defect,,fahmai_cs,pending
WC-202502-23006745,2025-02-23,2025-02-23,,2026-01-15,CUST-L3-006745,SKU-MASS-048,TXN-202502-23006745,defect,,fahmai_cs,pending
WC-202502-23011912,2025-02-23,2025-02-23,,2026-01-15,CUST-L3-011912,SKU-MASS-042,TXN-202502-23011912,defect,,fahmai_cs,pending
WC-202502-23021892,2025-02-23,2025-02-23,,2026-01-15,CUST-L3-021892,SKU-MASS-009,TXN-202502-23021892,defect,,fahmai_cs,pending
WC-202502-23022960,2025-02-23,2025-02-23,,2026-01-15,CUST-L3-022960,SKU-MASS-041,TXN-202502-23022960,defect,,fahmai_cs,pending
WC-202502-23029025,2025-02-23,2025-02-23,,2026-01-15,CUST-L3-029025,DN-LT-010,TXN-202502-23029025,defect,,fahmai_cs,pending
WCL-CL-L4-256124447,2025-02-23,2025-02-23,,2026-01-15,CUST-L3-000158,AW-MN-001,,vendor batch defect (V-004-MON-BATCH-2567-Q4-001) — AW-MN-001 ArcWave ProView 27 4K monitor,16900.00,fahmai_cs,approved
WC-202502-24001254,2025-02-24,2025-02-24,,2026-01-15,CUST-L3-001254,DN-LT-010,TXN-202502-24001254,defect,,fahmai_cs,pending
WC-202502-24006715,2025-02-24,2025-02-24,,2026-01-15,CUST-L3-006715,SKU-MASS-106,TXN-202502-24006715,defect,,fahmai_cs,pending
WC-202502-24008841,2025-02-24,2025-02-24,,2026-01-15,CUST-L3-008841,SKU-MASS-047,TXN-202502-24008841,defect,,fahmai_cs,pending
WC-202502-24012680,2025-02-24,2025-02-24,,2026-01-15,CUST-L3-012680,SKU-MASS-012,TXN-202502-24012680,defect,,fahmai_cs,pending
WC-202502-24014049,2025-02-24,2025-02-24,,2026-01-15,CUST-L3-014049,SKU-MASS-014,TXN-202502-24014049,defect,,fahmai_cs,pending
WC-202502-24028274,2025-02-24,2025-02-24,,2026-01-15,CUST-L3-028274,SKU-MASS-021,TXN-202502-24028274,defect,,fahmai_cs,pending
WC-202502-24028370,2025-02-24,2025-02-24,,2026-01-15,CUST-L3-028370,NT-LT-001,TXN-202502-24028370,defect,,fahmai_cs,pending
WC-202502-25002443,2025-02-25,2025-02-25,,2026-01-15,CUST-L3-002443,SKU-MASS-024,TXN-202502-25002443,defect,,fahmai_cs,pending
WC-202502-25006661,2025-02-25,2025-02-25,,2026-01-15,CUST-L3-006661,SKU-MASS-052,TXN-202502-25006661,defect,,fahmai_cs,pending
WC-202502-25010586,2025-02-25,2025-02-25,,2026-01-15,CUST-L3-010586,SKU-MASS-078,TXN-202502-25010586,defect,,fahmai_cs,pending
WC-202502-25014766,2025-02-25,2025-02-25,,2026-01-15,CUST-L3-014766,SKU-STD-001,TXN-202502-25014766,defect,,fahmai_cs,pending
WC-202502-25025169,2025-02-25,2025-02-25,,2026-01-15,CUST-L3-025169,SKU-MASS-090,TXN-202502-25025169,defect,,fahmai_cs,pending
WC-202502-25028572,2025-02-25,2025-02-25,,2026-01-15,CUST-L3-028572,SKU-MASS-101,TXN-202502-25028572,defect,,fahmai_cs,pending
WC-202502-26002998,2025-02-26,2025-02-26,,2026-01-15,CUST-L3-002998,SKU-MASS-059,TXN-202502-26002998,defect,,fahmai_cs,pending
WC-202502-26013777,2025-02-26,2025-02-26,,2026-01-15,CUST-L3-013777,SKU-MASS-013,TXN-202502-26013777,defect,,fahmai_cs,pending
WC-202502-26024447,2025-02-26,2025-02-26,,2026-01-15,CUST-L3-024447,SKU-MASS-072,TXN-202502-26024447,defect,,fahmai_cs,pending
WC-202502-26024868,2025-02-26,2025-02-26,,2026-01-15,CUST-L3-024868,SKU-MASS-021,TXN-202502-26024868,defect,,fahmai_cs,pending
WC-202502-26025667,2025-02-26,2025-02-26,,2026-01-15,CUST-L3-025667,SKU-MASS-090,TXN-202502-26025667,defect,,fahmai_cs,pending
WC-202502-27000199,2025-02-27,2025-02-27,,2026-01-15,CUST-L3-000199,SKU-MASS-022,TXN-202502-27000199,defect,,fahmai_cs,pending
WC-202502-27005358,2025-02-27,2025-02-27,,2026-01-15,CUST-L3-005358,SKU-MASS-026,TXN-202502-27005358,defect,,fahmai_cs,pending
WC-202502-27006587,2025-02-27,2025-02-27,,2026-01-15,CUST-L3-006587,SKU-MASS-056,TXN-202502-27006587,defect,,fahmai_cs,pending
WC-202502-27012905,2025-02-27,2025-02-27,,2026-01-15,CUST-L3-012905,SKU-MASS-020,TXN-202502-27012905,defect,,fahmai_cs,pending
WC-202502-27020216,2025-02-27,2025-02-27,,2026-01-15,CUST-L3-020216,SKU-MASS-088,TXN-202502-27020216,defect,,fahmai_cs,pending
WC-202502-27021135,2025-02-27,2025-02-27,,2026-01-15,CUST-L3-021135,SKU-MASS-031,TXN-202502-27021135,defect,,fahmai_cs,pending
WC-202502-27025814,2025-02-27,2025-02-27,,2026-01-15,CUST-L3-025814,SKU-MASS-108,TXN-202502-27025814,defect,,fahmai_cs,pending
WCL-CL-L4-245005612,2025-02-27,2025-02-27,,2026-01-15,CUST-L3-000097,AW-MN-001,,vendor batch defect (V-004-MON-BATCH-2567-Q4-001) — AW-MN-001 ArcWave ProView 27 4K monitor,16900.00,fahmai_cs,approved
WC-202502-28003896,2025-02-28,2025-02-28,,2026-01-15,CUST-L3-003896,SKU-MASS-081,TXN-202502-28003896,defect,,fahmai_cs,pending
WC-202502-28008130,2025-02-28,2025-02-28,,2026-01-15,CUST-L3-008130,SKU-MASS-026,TXN-202502-28008130,defect,,fahmai_cs,pending
WC-202502-28012150,2025-02-28,2025-02-28,,2026-01-15,CUST-L3-012150,SKU-MASS-016,TXN-202502-28012150,defect,,fahmai_cs,pending
WC-202502-28012257,2025-02-28,2025-02-28,,2026-01-15,CUST-L3-012257,SKU-MASS-013,TXN-202502-28012257,defect,,fahmai_cs,pending
WC-202502-28014921,2025-02-28,2025-02-28,,2026-01-15,CUST-L3-014921,SKU-MASS-029,TXN-202502-28014921,defect,,fahmai_cs,pending
WC-202502-28020539,2025-02-28,2025-02-28,,2026-01-15,CUST-L3-020539,SKU-MASS-040,TXN-202502-28020539,defect,,fahmai_cs,pending
WC-202502-28025303,2025-02-28,2025-02-28,,2026-01-15,CUST-L3-025303,SKU-MASS-026,TXN-202502-28025303,defect,,fahmai_cs,pending
WC-202502-28028675,2025-02-28,2025-02-28,,2026-01-15,CUST-L3-028675,SKU-MASS-065,TXN-202502-28028675,defect,,fahmai_cs,pending
WC-202503-01001616,2025-03-01,2025-03-01,,2026-01-15,CUST-L3-001616,SKU-MASS-051,TXN-202503-01001616,defect,,fahmai_cs,pending
WC-202503-01003156,2025-03-01,2025-03-01,,2026-01-15,CUST-L3-003156,SKU-MASS-040,TXN-202503-01003156,defect,,fahmai_cs,pending
WC-202503-01005119,2025-03-01,2025-03-01,,2026-01-15,CUST-L3-005119,SKU-MASS-061,TXN-202503-01005119,defect,,fahmai_cs,pending
WC-202503-01020268,2025-03-01,2025-03-01,,2026-01-15,CUST-L3-020268,SKU-MASS-109,TXN-202503-01020268,defect,,fahmai_cs,pending
WC-202503-01022328,2025-03-01,2025-03-01,,2026-01-15,CUST-L3-022328,SKU-MASS-057,TXN-202503-01022328,defect,,fahmai_cs,pending
WC-202503-01026645,2025-03-01,2025-03-01,,2026-01-15,CUST-L3-026645,SKU-MASS-090,TXN-202503-01026645,defect,,fahmai_cs,pending
WC-202503-02000071,2025-03-02,2025-03-02,,2026-01-15,CUST-L3-000071,SKU-MASS-102,TXN-202503-02000071,defect,,fahmai_cs,pending
WC-202503-02003695,2025-03-02,2025-03-02,,2026-01-15,CUST-L3-003695,SKU-MASS-011,TXN-202503-02003695,defect,,fahmai_cs,pending
WC-202503-02005622,2025-03-02,2025-03-02,,2026-01-15,CUST-L3-005622,SKU-MASS-018,TXN-202503-02005622,defect,,fahmai_cs,pending
WC-202503-02012442,2025-03-02,2025-03-02,,2026-01-15,CUST-L3-012442,SKU-MASS-086,TXN-202503-02012442,defect,,fahmai_cs,pending
WC-202503-02016939,2025-03-02,2025-03-02,,2026-01-15,CUST-L3-016939,SKU-MASS-052,TXN-202503-02016939,defect,,fahmai_cs,pending
WC-202503-02017124,2025-03-02,2025-03-02,,2026-01-15,CUST-L3-017124,SKU-MASS-024,TXN-202503-02017124,defect,,fahmai_cs,pending
WC-202503-02021299,2025-03-02,2025-03-02,,2026-01-15,CUST-L3-021299,SKU-MASS-059,TXN-202503-02021299,defect,,fahmai_cs,pending
WC-202503-02022265,2025-03-02,2025-03-02,,2026-01-15,CUST-L3-022265,SKU-MASS-022,TXN-202503-02022265,defect,,fahmai_cs,pending
WC-202503-02023358,2025-03-02,2025-03-02,,2026-01-15,CUST-L3-023358,SKU-MASS-038,TXN-202503-02023358,defect,,fahmai_cs,pending
WC-202503-03001928,2025-03-03,2025-03-03,,2026-01-15,CUST-L3-001928,SKU-MASS-025,TXN-202503-03001928,defect,,fahmai_cs,pending
WC-202503-03002854,2025-03-03,2025-03-03,,2026-01-15,CUST-L3-002854,SKU-MASS-028,TXN-202503-03002854,defect,,fahmai_cs,pending
WC-202503-03004241,2025-03-03,2025-03-03,,2026-01-15,CUST-L3-004241,SKU-MASS-051,TXN-202503-03004241,defect,,fahmai_cs,pending
WC-202503-03013031,2025-03-03,2025-03-03,,2026-01-15,CUST-L3-013031,SKU-MASS-086,TXN-202503-03013031,defect,,fahmai_cs,pending
WC-202503-03024941,2025-03-03,2025-03-03,,2026-01-15,CUST-L3-024941,SKU-MASS-092,TXN-202503-03024941,defect,,fahmai_cs,pending
WC-202503-04011139,2025-03-04,2025-03-04,,2026-01-15,CUST-L3-011139,SKU-MASS-034,TXN-202503-04011139,defect,,fahmai_cs,pending
WC-202503-04015071,2025-03-04,2025-03-04,,2026-01-15,CUST-L3-015071,DN-LT-010,TXN-202503-04015071,defect,,fahmai_cs,pending
WC-202503-04026038,2025-03-04,2025-03-04,,2026-01-15,CUST-L3-026038,SKU-MASS-064,TXN-202503-04026038,defect,,fahmai_cs,pending
WCL-CL-L4-201085766,2025-03-04,2025-03-04,,2026-01-15,CUST-L3-000089,AW-MN-001,,vendor batch defect (V-004-MON-BATCH-2567-Q4-001) — AW-MN-001 ArcWave ProView 27 4K monitor,16900.00,fahmai_cs,approved
WC-202503-05007105,2025-03-05,2025-03-05,,2026-01-15,CUST-L3-007105,SKU-MASS-044,TXN-202503-05007105,defect,,fahmai_cs,pending
WC-202503-05009871,2025-03-05,2025-03-05,,2026-01-15,CUST-L3-009871,SKU-MASS-073,TXN-202503-05009871,defect,,fahmai_cs,pending
WC-202503-05014762,2025-03-05,2025-03-05,,2026-01-15,CUST-L3-014762,SKU-MASS-021,TXN-202503-05014762,defect,,fahmai_cs,pending
WC-202503-05020711,2025-03-05,2025-03-05,,2026-01-15,CUST-L3-020711,SKU-MASS-078,TXN-202503-05020711,defect,,fahmai_cs,pending
WC-202503-05026999,2025-03-05,2025-03-05,,2026-01-15,CUST-L3-026999,SKU-MASS-059,TXN-202503-05026999,defect,,fahmai_cs,pending
WC-202503-05028757,2025-03-05,2025-03-05,,2026-01-15,CUST-L3-028757,SKU-MASS-052,TXN-202503-05028757,defect,,fahmai_cs,pending
WC-202503-06005909,2025-03-06,2025-03-06,,2026-01-15,CUST-L3-005909,SKU-MASS-039,TXN-202503-06005909,defect,,fahmai_cs,pending
WC-202503-06007106,2025-03-06,2025-03-06,,2026-01-15,CUST-L3-007106,SKU-MASS-038,TXN-202503-06007106,defect,,fahmai_cs,pending
WC-202503-06012614,2025-03-06,2025-03-06,,2026-01-15,CUST-L3-012614,SKU-MASS-038,TXN-202503-06012614,defect,,fahmai_cs,pending
WC-202503-06014158,2025-03-06,2025-03-06,,2026-01-15,CUST-L3-014158,SKU-MASS-029,TXN-202503-06014158,defect,,fahmai_cs,pending
WC-202503-06016367,2025-03-06,2025-03-06,,2026-01-15,CUST-L3-016367,SKU-MASS-052,TXN-202503-06016367,defect,,fahmai_cs,pending
WC-202503-06016737,2025-03-06,2025-03-06,,2026-01-15,CUST-L3-016737,SKU-MASS-053,TXN-202503-06016737,defect,,fahmai_cs,pending
WC-202503-06018314,2025-03-06,2025-03-06,,2026-01-15,CUST-L3-018314,SKU-MASS-081,TXN-202503-06018314,defect,,fahmai_cs,pending
WC-202503-06025923,2025-03-06,2025-03-06,,2026-01-15,CUST-L3-025923,SKU-MASS-088,TXN-202503-06025923,defect,,fahmai_cs,pending
WC-202503-06028744,2025-03-06,2025-03-06,,2026-01-15,CUST-L3-028744,SKU-MASS-040,TXN-202503-06028744,defect,,fahmai_cs,pending
WC-202503-07003159,2025-03-07,2025-03-07,,2026-01-15,CUST-L3-003159,SKU-MASS-014,TXN-202503-07003159,defect,,fahmai_cs,pending
WC-202503-07005180,2025-03-07,2025-03-07,,2026-01-15,CUST-L3-005180,SKU-MASS-067,TXN-202503-07005180,defect,,fahmai_cs,pending
WC-202503-07006704,2025-03-07,2025-03-07,,2026-01-15,CUST-L3-006704,SKU-MASS-098,TXN-202503-07006704,defect,,fahmai_cs,pending
WC-202503-07019762,2025-03-07,2025-03-07,,2026-01-15,CUST-L3-019762,SKU-MASS-042,TXN-202503-07019762,defect,,fahmai_cs,pending
WC-202503-07024359,2025-03-07,2025-03-07,,2026-01-15,CUST-L3-024359,SKU-MASS-036,TXN-202503-07024359,defect,,fahmai_cs,pending
WC-202503-07024403,2025-03-07,2025-03-07,,2026-01-15,CUST-L3-024403,SKU-MASS-028,TXN-202503-07024403,defect,,fahmai_cs,pending
WC-202503-07025211,2025-03-07,2025-03-07,,2026-01-15,CUST-L3-025211,SKU-MASS-077,TXN-202503-07025211,defect,,fahmai_cs,pending
WC-202503-07026943,2025-03-07,2025-03-07,,2026-01-15,CUST-L3-026943,SKU-MASS-020,TXN-202503-07026943,defect,,fahmai_cs,pending
WC-202503-07027176,2025-03-07,2025-03-07,,2026-01-15,CUST-L3-027176,SKU-MASS-105,TXN-202503-07027176,defect,,fahmai_cs,pending
WC-202503-08002142,2025-03-08,2025-03-08,,2026-01-15,CUST-L3-002142,SKU-MASS-077,TXN-202503-08002142,defect,,fahmai_cs,pending
WC-202503-08015580,2025-03-08,2025-03-08,,2026-01-15,CUST-L3-015580,SKU-MASS-069,TXN-202503-08015580,defect,,fahmai_cs,pending
WC-202503-08017039,2025-03-08,2025-03-08,,2026-01-15,CUST-L3-017039,SKU-MASS-086,TXN-202503-08017039,defect,,fahmai_cs,pending
WC-202503-08022244,2025-03-08,2025-03-08,,2026-01-15,CUST-L3-022244,SKU-MASS-070,TXN-202503-08022244,defect,,fahmai_cs,pending
WC-202503-08029463,2025-03-08,2025-03-08,,2026-01-15,CUST-L3-029463,SKU-MASS-025,TXN-202503-08029463,defect,,fahmai_cs,pending
WCL-CL-L4-181064912,2025-03-08,2025-03-08,,2026-01-15,CUST-L3-000123,AW-MN-001,,vendor batch defect (V-004-MON-BATCH-2567-Q4-001) — AW-MN-001 ArcWave ProView 27 4K monitor,16900.00,fahmai_cs,approved
WC-202503-09013765,2025-03-09,2025-03-09,,2026-01-15,CUST-L3-013765,SKU-MASS-105,TXN-202503-09013765,defect,,fahmai_cs,pending
WC-202503-09013888,2025-03-09,2025-03-09,,2026-01-15,CUST-L3-013888,SKU-MASS-021,TXN-202503-09013888,defect,,fahmai_cs,pending
WC-202503-09019148,2025-03-09,2025-03-09,,2026-01-15,CUST-L3-019148,SKU-MASS-100,TXN-202503-09019148,defect,,fahmai_cs,pending
WC-202503-10007210,2025-03-10,2025-03-10,,2026-01-15,CUST-L3-007210,SKU-MASS-079,TXN-202503-10007210,defect,,fahmai_cs,pending
WC-202503-10013259,2025-03-10,2025-03-10,,2026-01-15,CUST-L3-013259,SKU-MASS-058,TXN-202503-10013259,defect,,fahmai_cs,pending
WC-202503-10019720,2025-03-10,2025-03-10,,2026-01-15,CUST-L3-019720,SKU-MASS-046,TXN-202503-10019720,defect,,fahmai_cs,pending
WC-202503-10021707,2025-03-10,2025-03-10,,2026-01-15,CUST-L3-021707,SKU-MASS-072,TXN-202503-10021707,defect,,fahmai_cs,pending
WC-202503-10029548,2025-03-10,2025-03-10,,2026-01-15,CUST-L3-029548,SKU-MASS-016,TXN-202503-10029548,defect,,fahmai_cs,pending
WC-202503-11002067,2025-03-11,2025-03-11,,2026-01-15,CUST-L3-002067,SKU-MASS-075,TXN-202503-11002067,defect,,fahmai_cs,pending
WC-202503-11004948,2025-03-11,2025-03-11,,2026-01-15,CUST-L3-004948,SKU-MASS-031,TXN-202503-11004948,defect,,fahmai_cs,pending
WC-202503-11012309,2025-03-11,2025-03-11,,2026-01-15,CUST-L3-012309,SKU-MASS-071,TXN-202503-11012309,defect,,fahmai_cs,pending
WC-202503-12001244,2025-03-12,2025-03-12,,2026-01-15,CUST-L3-001244,SKU-MASS-067,TXN-202503-12001244,defect,,fahmai_cs,pending
WC-202503-12001880,2025-03-12,2025-03-12,,2026-01-15,CUST-L3-001880,SKU-MASS-093,TXN-202503-12001880,defect,,fahmai_cs,pending
WC-202503-12002519,2025-03-12,2025-03-12,,2026-01-15,CUST-L3-002519,SKU-MASS-065,TXN-202503-12002519,defect,,fahmai_cs,pending
WC-202503-12006204,2025-03-12,2025-03-12,,2026-01-15,CUST-L3-006204,SKU-MASS-052,TXN-202503-12006204,defect,,fahmai_cs,pending
WC-202503-12008486,2025-03-12,2025-03-12,,2026-01-15,CUST-L3-008486,SKU-MASS-081,TXN-202503-12008486,defect,,fahmai_cs,pending
WC-202503-12008688,2025-03-12,2025-03-12,,2026-01-15,CUST-L3-008688,SKU-MASS-048,TXN-202503-12008688,defect,,fahmai_cs,pending
WC-202503-12013643,2025-03-12,2025-03-12,,2026-01-15,CUST-L3-013643,SKU-MASS-048,TXN-202503-12013643,defect,,fahmai_cs,pending
WC-202503-12014670,2025-03-12,2025-03-12,,2026-01-15,CUST-L3-014670,SKU-MASS-061,TXN-202503-12014670,defect,,fahmai_cs,pending
WC-202503-12021840,2025-03-12,2025-03-12,,2026-01-15,CUST-L3-021840,SKU-MASS-043,TXN-202503-12021840,defect,,fahmai_cs,pending
WC-202503-12027503,2025-03-12,2025-03-12,,2026-01-15,CUST-L3-027503,SKU-MASS-028,TXN-202503-12027503,defect,,fahmai_cs,pending
WCL-CL-L4-22433140,2025-03-12,2025-03-12,,2026-01-15,CUST-L3-000079,AW-MN-001,,vendor batch defect (V-004-MON-BATCH-2567-Q4-001) — AW-MN-001 ArcWave ProView 27 4K monitor,16900.00,fahmai_cs,approved
WC-202503-13009723,2025-03-13,2025-03-13,,2026-01-15,CUST-L3-009723,SKU-MASS-088,TXN-202503-13009723,defect,,fahmai_cs,pending
WC-202503-13010328,2025-03-13,2025-03-13,,2026-01-15,CUST-L3-010328,SKU-MASS-025,TXN-202503-13010328,defect,,fahmai_cs,pending
WC-202503-13012520,2025-03-13,2025-03-13,,2026-01-15,CUST-L3-012520,SKU-MASS-038,TXN-202503-13012520,defect,,fahmai_cs,pending
WC-202503-13014512,2025-03-13,2025-03-13,,2026-01-15,CUST-L3-014512,SKU-MASS-037,TXN-202503-13014512,defect,,fahmai_cs,pending
WC-202503-13017325,2025-03-13,2025-03-13,,2026-01-15,CUST-L3-017325,SKU-MASS-106,TXN-202503-13017325,defect,,fahmai_cs,pending
WC-202503-13017342,2025-03-13,2025-03-13,,2026-01-15,CUST-L3-017342,SKU-MASS-055,TXN-202503-13017342,defect,,fahmai_cs,pending
WC-202503-13026339,2025-03-13,2025-03-13,,2026-01-15,CUST-L3-026339,SKU-MASS-104,TXN-202503-13026339,defect,,fahmai_cs,pending
WC-202503-14010548,2025-03-14,2025-03-14,,2026-01-15,CUST-L3-010548,SKU-MASS-087,TXN-202503-14010548,defect,,fahmai_cs,pending
WC-202503-14010699,2025-03-14,2025-03-14,,2026-01-15,CUST-L3-010699,SKU-MASS-041,TXN-202503-14010699,defect,,fahmai_cs,pending
WC-202503-14011348,2025-03-14,2025-03-14,,2026-01-15,CUST-L3-011348,SKU-MASS-043,TXN-202503-14011348,defect,,fahmai_cs,pending
WC-202503-14012378,2025-03-14,2025-03-14,,2026-01-15,CUST-L3-012378,SKU-MASS-087,TXN-202503-14012378,defect,,fahmai_cs,pending
WC-202503-14015054,2025-03-14,2025-03-14,,2026-01-15,CUST-L3-015054,SKU-MASS-014,TXN-202503-14015054,defect,,fahmai_cs,pending
WC-202503-14019135,2025-03-14,2025-03-14,,2026-01-15,CUST-L3-019135,SKU-MASS-055,TXN-202503-14019135,defect,,fahmai_cs,pending
WC-202503-14021863,2025-03-14,2025-03-14,,2026-01-15,CUST-L3-021863,SKU-MASS-009,TXN-202503-14021863,defect,,fahmai_cs,pending
WC-202503-14028765,2025-03-14,2025-03-14,,2026-01-15,CUST-L3-028765,SKU-MASS-027,TXN-202503-14028765,defect,,fahmai_cs,pending
WC-202503-15017127,2025-03-15,2025-03-15,,2026-01-15,CUST-L3-017127,SKU-MASS-075,TXN-202503-15017127,defect,,fahmai_cs,pending
WC-202503-15021345,2025-03-15,2025-03-15,,2026-01-15,CUST-L3-021345,SKU-MASS-046,TXN-202503-15021345,defect,,fahmai_cs,pending
WC-202503-15022488,2025-03-15,2025-03-15,,2026-01-15,CUST-L3-022488,SKU-MASS-052,TXN-202503-15022488,defect,,fahmai_cs,pending
WC-202503-16003148,2025-03-16,2025-03-16,,2026-01-15,CUST-L3-003148,SKU-MASS-059,TXN-202503-16003148,defect,,fahmai_cs,pending
WC-202503-16003205,2025-03-16,2025-03-16,,2026-01-15,CUST-L3-003205,SKU-MASS-092,TXN-202503-16003205,defect,,fahmai_cs,pending
WC-202503-16003995,2025-03-16,2025-03-16,,2026-01-15,CUST-L3-003995,SKU-MASS-043,TXN-202503-16003995,defect,,fahmai_cs,pending
WC-202503-16010136,2025-03-16,2025-03-16,,2026-01-15,CUST-L3-010136,SKU-MASS-064,TXN-202503-16010136,defect,,fahmai_cs,pending
WC-202503-16016215,2025-03-16,2025-03-16,,2026-01-15,CUST-L3-016215,AW-MN-001,TXN-202503-16016215,defect,,fahmai_cs,pending
WC-202503-16020538,2025-03-16,2025-03-16,,2026-01-15,CUST-L3-020538,SKU-MASS-030,TXN-202503-16020538,defect,,fahmai_cs,pending
WC-202503-16027137,2025-03-16,2025-03-16,,2026-01-15,CUST-L3-027137,SKU-MASS-048,TXN-202503-16027137,defect,,fahmai_cs,pending
WC-202503-16027815,2025-03-16,2025-03-16,,2026-01-15,CUST-L3-027815,NT-LT-001,TXN-202503-16027815,defect,,fahmai_cs,pending
WC-202503-17010707,2025-03-17,2025-03-17,,2026-01-15,CUST-L3-010707,SKU-MASS-085,TXN-202503-17010707,defect,,fahmai_cs,pending
WC-202503-17016584,2025-03-17,2025-03-17,,2026-01-15,CUST-L3-016584,SKU-MASS-015,TXN-202503-17016584,defect,,fahmai_cs,pending
WC-202503-17023741,2025-03-17,2025-03-17,,2026-01-15,CUST-L3-023741,SKU-MASS-068,TXN-202503-17023741,defect,,fahmai_cs,pending
WC-202503-17025332,2025-03-17,2025-03-17,,2026-01-15,CUST-L3-025332,SKU-MASS-016,TXN-202503-17025332,defect,,fahmai_cs,pending
WC-202503-17029508,2025-03-17,2025-03-17,,2026-01-15,CUST-L3-029508,SKU-MASS-008,TXN-202503-17029508,defect,,fahmai_cs,pending
WCL-CL-L4-86070290,2025-03-17,2025-03-17,,2026-01-15,CUST-L3-000156,AW-MN-001,,vendor batch defect (V-004-MON-BATCH-2567-Q4-001) — AW-MN-001 ArcWave ProView 27 4K monitor,16900.00,fahmai_cs,approved
WC-202503-18004370,2025-03-18,2025-03-18,,2026-01-15,CUST-L3-004370,SKU-MASS-088,TXN-202503-18004370,defect,,fahmai_cs,pending
WC-202503-18004528,2025-03-18,2025-03-18,,2026-01-15,CUST-L3-004528,SKU-MASS-102,TXN-202503-18004528,defect,,fahmai_cs,pending
WC-202503-18006963,2025-03-18,2025-03-18,,2026-01-15,CUST-L3-006963,SKU-MASS-057,TXN-202503-18006963,defect,,fahmai_cs,pending
WC-202503-18028676,2025-03-18,2025-03-18,,2026-01-15,CUST-L3-028676,SKU-MASS-010,TXN-202503-18028676,defect,,fahmai_cs,pending
WC-202503-19015065,2025-03-19,2025-03-19,,2026-01-15,CUST-L3-015065,SKU-MASS-105,TXN-202503-19015065,defect,,fahmai_cs,pending
WC-202503-19016661,2025-03-19,2025-03-19,,2026-01-15,CUST-L3-016661,SKU-MASS-104,TXN-202503-19016661,defect,,fahmai_cs,pending
WC-202503-19021279,2025-03-19,2025-03-19,,2026-01-15,CUST-L3-021279,SKU-MASS-053,TXN-202503-19021279,defect,,fahmai_cs,pending
WC-202503-20009404,2025-03-20,2025-03-20,,2026-01-15,CUST-L3-009404,SKU-MASS-096,TXN-202503-20009404,defect,,fahmai_cs,pending
WC-202503-20016990,2025-03-20,2025-03-20,,2026-01-15,CUST-L3-016990,SKU-MASS-078,TXN-202503-20016990,defect,,fahmai_cs,pending
WC-202503-20018774,2025-03-20,2025-03-20,,2026-01-15,CUST-L3-018774,SKU-MASS-083,TXN-202503-20018774,defect,,fahmai_cs,pending
WC-202503-20024660,2025-03-20,2025-03-20,,2026-01-15,CUST-L3-024660,SKU-MASS-064,TXN-202503-20024660,defect,,fahmai_cs,pending
WC-202503-20027976,2025-03-20,2025-03-20,,2026-01-15,CUST-L3-027976,SKU-MASS-039,TXN-202503-20027976,defect,,fahmai_cs,pending
WC-202503-20029822,2025-03-20,2025-03-20,,2026-01-15,CUST-L3-029822,SKU-MASS-094,TXN-202503-20029822,defect,,fahmai_cs,pending
WC-202503-21006894,2025-03-21,2025-03-21,,2026-01-15,CUST-L3-006894,SKU-MASS-102,TXN-202503-21006894,defect,,fahmai_cs,pending
WC-202503-21006946,2025-03-21,2025-03-21,,2026-01-15,CUST-L3-006946,SKU-MASS-107,TXN-202503-21006946,defect,,fahmai_cs,pending
WC-202503-21013037,2025-03-21,2025-03-21,,2026-01-15,CUST-L3-013037,SKU-MASS-020,TXN-202503-21013037,defect,,fahmai_cs,pending
WC-202503-21019387,2025-03-21,2025-03-21,,2026-01-15,CUST-L3-019387,SKU-MASS-010,TXN-202503-21019387,defect,,fahmai_cs,pending
WC-202503-21022818,2025-03-21,2025-03-21,,2026-01-15,CUST-L3-022818,SKU-MASS-019,TXN-202503-21022818,defect,,fahmai_cs,pending
WCL-CL-L4-233846290,2025-03-21,2025-03-21,,2026-01-15,CUST-L3-000047,AW-MN-001,,vendor batch defect (V-004-MON-BATCH-2567-Q4-001) — AW-MN-001 ArcWave ProView 27 4K monitor,16900.00,fahmai_cs,approved
WC-202503-22001913,2025-03-22,2025-03-22,,2026-01-15,CUST-L3-001913,SKU-MASS-106,TXN-202503-22001913,defect,,fahmai_cs,pending
WC-202503-22002346,2025-03-22,2025-03-22,,2026-01-15,CUST-L3-002346,SKU-MASS-093,TXN-202503-22002346,defect,,fahmai_cs,pending
WC-202503-22002408,2025-03-22,2025-03-22,,2026-01-15,CUST-L3-002408,SKU-MASS-094,TXN-202503-22002408,defect,,fahmai_cs,pending
WC-202503-22002495,2025-03-22,2025-03-22,,2026-01-15,CUST-L3-002495,SKU-MASS-101,TXN-202503-22002495,defect,,fahmai_cs,pending
WC-202503-22007857,2025-03-22,2025-03-22,,2026-01-15,CUST-L3-007857,SKU-MASS-082,TXN-202503-22007857,defect,,fahmai_cs,pending
WC-202503-22012522,2025-03-22,2025-03-22,,2026-01-15,CUST-L3-012522,SKU-MASS-062,TXN-202503-22012522,defect,,fahmai_cs,pending
WC-202503-22023273,2025-03-22,2025-03-22,,2026-01-15,CUST-L3-023273,SKU-MASS-022,TXN-202503-22023273,defect,,fahmai_cs,pending
WC-202503-22024850,2025-03-22,2025-03-22,,2026-01-15,CUST-L3-024850,SKU-MASS-087,TXN-202503-22024850,defect,,fahmai_cs,pending
WC-202503-23005620,2025-03-23,2025-03-23,,2026-01-15,CUST-L3-005620,SKU-MASS-043,TXN-202503-23005620,defect,,fahmai_cs,pending
WC-202503-23008616,2025-03-23,2025-03-23,,2026-01-15,CUST-L3-008616,SKU-MASS-074,TXN-202503-23008616,defect,,fahmai_cs,pending
WC-202503-23010643,2025-03-23,2025-03-23,,2026-01-15,CUST-L3-010643,SKU-MASS-033,TXN-202503-23010643,defect,,fahmai_cs,pending
WC-202503-23015423,2025-03-23,2025-03-23,,2026-01-15,CUST-L3-015423,SKU-MASS-109,TXN-202503-23015423,defect,,fahmai_cs,pending
WC-202503-23017551,2025-03-23,2025-03-23,,2026-01-15,CUST-L3-017551,SKU-MASS-105,TXN-202503-23017551,defect,,fahmai_cs,pending
WC-202503-23022794,2025-03-23,2025-03-23,,2026-01-15,CUST-L3-022794,SKU-MASS-044,TXN-202503-23022794,defect,,fahmai_cs,pending
WC-202503-23025518,2025-03-23,2025-03-23,,2026-01-15,CUST-L3-025518,SKU-MASS-066,TXN-202503-23025518,defect,,fahmai_cs,pending
WC-202503-23027853,2025-03-23,2025-03-23,,2026-01-15,CUST-L3-027853,SKU-MASS-099,TXN-202503-23027853,defect,,fahmai_cs,pending
WC-202503-23028521,2025-03-23,2025-03-23,,2026-01-15,CUST-L3-028521,SKU-MASS-033,TXN-202503-23028521,defect,,fahmai_cs,pending
WC-202503-24017891,2025-03-24,2025-03-24,,2026-01-15,CUST-L3-017891,SKU-MASS-020,TXN-202503-24017891,defect,,fahmai_cs,pending
WC-202503-24022689,2025-03-24,2025-03-24,,2026-01-15,CUST-L3-022689,SKU-MASS-056,TXN-202503-24022689,defect,,fahmai_cs,pending
WC-202503-24028032,2025-03-24,2025-03-24,,2026-01-15,CUST-L3-028032,SKU-MASS-053,TXN-202503-24028032,defect,,fahmai_cs,pending
WC-202503-25001897,2025-03-25,2025-03-25,,2026-01-15,CUST-L3-001897,SKU-MASS-013,TXN-202503-25001897,defect,,fahmai_cs,pending
WC-202503-25010176,2025-03-25,2025-03-25,,2026-01-15,CUST-L3-010176,SKU-MASS-036,TXN-202503-25010176,defect,,fahmai_cs,pending
WC-202503-25012241,2025-03-25,2025-03-25,,2026-01-15,CUST-L3-012241,SKU-MASS-084,TXN-202503-25012241,defect,,fahmai_cs,pending
WC-202503-25013526,2025-03-25,2025-03-25,,2026-01-15,CUST-L3-013526,SKU-MASS-065,TXN-202503-25013526,defect,,fahmai_cs,pending
WC-202503-25015212,2025-03-25,2025-03-25,,2026-01-15,CUST-L3-015212,SKU-MASS-094,TXN-202503-25015212,defect,,fahmai_cs,pending
WC-202503-25018557,2025-03-25,2025-03-25,,2026-01-15,CUST-L3-018557,SKU-MASS-088,TXN-202503-25018557,defect,,fahmai_cs,pending
WC-202503-25019177,2025-03-25,2025-03-25,,2026-01-15,CUST-L3-019177,SKU-MASS-043,TXN-202503-25019177,defect,,fahmai_cs,pending
WC-202503-25022806,2025-03-25,2025-03-25,,2026-01-15,CUST-L3-022806,SKU-MASS-029,TXN-202503-25022806,defect,,fahmai_cs,pending
WC-202503-26006058,2025-03-26,2025-03-26,,2026-01-15,CUST-L3-006058,SKU-MASS-051,TXN-202503-26006058,defect,,fahmai_cs,pending
WC-202503-26011502,2025-03-26,2025-03-26,,2026-01-15,CUST-L3-011502,SKU-MASS-110,TXN-202503-26011502,defect,,fahmai_cs,pending
WC-202503-26013969,2025-03-26,2025-03-26,,2026-01-15,CUST-L3-013969,SKU-MASS-070,TXN-202503-26013969,defect,,fahmai_cs,pending
WC-202503-26027845,2025-03-26,2025-03-26,,2026-01-15,CUST-L3-027845,SKU-MASS-053,TXN-202503-26027845,defect,,fahmai_cs,pending
WCL-CL-L4-65806990,2025-03-26,2025-03-26,,2026-01-15,CUST-L3-000037,AW-MN-001,,vendor batch defect (V-004-MON-BATCH-2567-Q4-001) — AW-MN-001 ArcWave ProView 27 4K monitor,16900.00,fahmai_cs,approved
WC-202503-27003879,2025-03-27,2025-03-27,,2026-01-15,CUST-L3-003879,SKU-MASS-052,TXN-202503-27003879,defect,,fahmai_cs,pending
WC-202503-27004120,2025-03-27,2025-03-27,,2026-01-15,CUST-L3-004120,SKU-MASS-061,TXN-202503-27004120,defect,,fahmai_cs,pending
WC-202503-27004747,2025-03-27,2025-03-27,,2026-01-15,CUST-L3-004747,SKU-MASS-010,TXN-202503-27004747,defect,,fahmai_cs,pending
WC-202503-27008026,2025-03-27,2025-03-27,,2026-01-15,CUST-L3-008026,SKU-MASS-011,TXN-202503-27008026,defect,,fahmai_cs,pending
WC-202503-27013805,2025-03-27,2025-03-27,,2026-01-15,CUST-L3-013805,SKU-MASS-043,TXN-202503-27013805,defect,,fahmai_cs,pending
WC-202503-27017545,2025-03-27,2025-03-27,,2026-01-15,CUST-L3-017545,SKU-MASS-063,TXN-202503-27017545,defect,,fahmai_cs,pending
WC-202503-27018870,2025-03-27,2025-03-27,,2026-01-15,CUST-L3-018870,SKU-MASS-057,TXN-202503-27018870,defect,,fahmai_cs,pending
WC-202503-27019148,2025-03-27,2025-03-27,,2026-01-15,CUST-L3-019148,SKU-MASS-110,TXN-202503-27019148,defect,,fahmai_cs,pending
WC-202503-27020830,2025-03-27,2025-03-27,,2026-01-15,CUST-L3-020830,SKU-MASS-058,TXN-202503-27020830,defect,,fahmai_cs,pending
WC-202503-28007279,2025-03-28,2025-03-28,,2026-01-15,CUST-L3-007279,SKU-MASS-076,TXN-202503-28007279,defect,,fahmai_cs,pending
WC-202503-28013419,2025-03-28,2025-03-28,,2026-01-15,CUST-L3-013419,SKU-MASS-094,TXN-202503-28013419,defect,,fahmai_cs,pending
WC-202503-28027123,2025-03-28,2025-03-28,,2026-01-15,CUST-L3-027123,SKU-MASS-108,TXN-202503-28027123,defect,,fahmai_cs,pending
WC-202503-28029043,2025-03-28,2025-03-28,,2026-01-15,CUST-L3-029043,SKU-MASS-094,TXN-202503-28029043,defect,,fahmai_cs,pending
WC-202503-29005776,2025-03-29,2025-03-29,,2026-01-15,CUST-L3-005776,SKU-MASS-058,TXN-202503-29005776,defect,,fahmai_cs,pending
WC-202503-29016346,2025-03-29,2025-03-29,,2026-01-15,CUST-L3-016346,SKU-MASS-103,TXN-202503-29016346,defect,,fahmai_cs,pending
WC-202503-29025256,2025-03-29,2025-03-29,,2026-01-15,CUST-L3-025256,SKU-MASS-021,TXN-202503-29025256,defect,,fahmai_cs,pending
WC-202503-29025786,2025-03-29,2025-03-29,,2026-01-15,CUST-L3-025786,SKU-MASS-014,TXN-202503-29025786,defect,,fahmai_cs,pending
WCL-CL-L4-228856733,2025-03-30,2025-03-30,,2026-01-15,CUST-L3-000191,AW-MN-001,,vendor batch defect (V-004-MON-BATCH-2567-Q4-001) — AW-MN-001 ArcWave ProView 27 4K monitor,16900.00,fahmai_cs,approved
WC-202503-31010762,2025-03-31,2025-03-31,,2026-01-15,CUST-L3-010762,SKU-MASS-018,TXN-202503-31010762,defect,,fahmai_cs,pending
WC-202503-31011575,2025-03-31,2025-03-31,,2026-01-15,CUST-L3-011575,SKU-MASS-026,TXN-202503-31011575,defect,,fahmai_cs,pending
WC-202503-31024358,2025-03-31,2025-03-31,,2026-01-15,CUST-L3-024358,SKU-MASS-014,TXN-202503-31024358,defect,,fahmai_cs,pending
WC-202503-31025464,2025-03-31,2025-03-31,,2026-01-15,CUST-L3-025464,SKU-MASS-021,TXN-202503-31025464,defect,,fahmai_cs,pending
WC-202504-01001634,2025-04-01,2025-04-01,,2026-01-15,CUST-L3-001634,SKU-MASS-103,TXN-202504-01001634,defect,,fahmai_cs,pending
WC-202504-01003385,2025-04-01,2025-04-01,,2026-01-15,CUST-L3-003385,SKU-MASS-036,TXN-202504-01003385,defect,,fahmai_cs,pending
WC-202504-01008858,2025-04-01,2025-04-01,,2026-01-15,CUST-L3-008858,SKU-MASS-028,TXN-202504-01008858,defect,,fahmai_cs,pending
WC-202504-01013952,2025-04-01,2025-04-01,,2026-01-15,CUST-L3-013952,SKU-MASS-065,TXN-202504-01013952,defect,,fahmai_cs,pending
WC-202504-01015260,2025-04-01,2025-04-01,,2026-01-15,CUST-L3-015260,SKU-MASS-034,TXN-202504-01015260,defect,,fahmai_cs,pending
WC-202504-01020109,2025-04-01,2025-04-01,,2026-01-15,CUST-L3-020109,SKU-MASS-059,TXN-202504-01020109,defect,,fahmai_cs,pending
WC-202504-01026180,2025-04-01,2025-04-01,,2026-01-15,CUST-L3-026180,SKU-MASS-049,TXN-202504-01026180,defect,,fahmai_cs,pending
WC-202504-01028123,2025-04-01,2025-04-01,,2026-01-15,CUST-L3-028123,SKU-MASS-050,TXN-202504-01028123,defect,,fahmai_cs,pending
WC-202504-02000481,2025-04-02,2025-04-02,,2026-01-15,CUST-L3-000481,SKU-MASS-106,TXN-202504-02000481,defect,,fahmai_cs,pending
WC-202504-02001036,2025-04-02,2025-04-02,,2026-01-15,CUST-L3-001036,SKU-MASS-069,TXN-202504-02001036,defect,,fahmai_cs,pending
WC-202504-03002995,2025-04-03,2025-04-03,,2026-01-15,CUST-L3-002995,SKU-MASS-045,TXN-202504-03002995,defect,,fahmai_cs,pending
WC-202504-03004223,2025-04-03,2025-04-03,,2026-01-15,CUST-L3-004223,SKU-MASS-012,TXN-202504-03004223,defect,,fahmai_cs,pending
WC-202504-03020861,2025-04-03,2025-04-03,,2026-01-15,CUST-L3-020861,SKU-MASS-047,TXN-202504-03020861,defect,,fahmai_cs,pending
WC-202504-03023997,2025-04-03,2025-04-03,,2026-01-15,CUST-L3-023997,SKU-MASS-027,TXN-202504-03023997,defect,,fahmai_cs,pending
WC-202504-03024291,2025-04-03,2025-04-03,,2026-01-15,CUST-L3-024291,SKU-MASS-049,TXN-202504-03024291,defect,,fahmai_cs,pending
WC-202504-04005289,2025-04-04,2025-04-04,,2026-01-15,CUST-L3-005289,SKU-MASS-026,TXN-202504-04005289,defect,,fahmai_cs,pending
WC-202504-04005555,2025-04-04,2025-04-04,,2026-01-15,CUST-L3-005555,SKU-MASS-036,TXN-202504-04005555,defect,,fahmai_cs,pending
WC-202504-04013243,2025-04-04,2025-04-04,,2026-01-15,CUST-L3-013243,SKU-MASS-034,TXN-202504-04013243,defect,,fahmai_cs,pending
WC-202504-04023746,2025-04-04,2025-04-04,,2026-01-15,CUST-L3-023746,SKU-MASS-070,TXN-202504-04023746,defect,,fahmai_cs,pending
WC-202504-04029082,2025-04-04,2025-04-04,,2026-01-15,CUST-L3-029082,SKU-MASS-094,TXN-202504-04029082,defect,,fahmai_cs,pending
WCL-CL-L4-186502751,2025-04-04,2025-04-04,,2026-01-15,CUST-L3-000026,AW-MN-001,,vendor batch defect (V-004-MON-BATCH-2567-Q4-001) — AW-MN-001 ArcWave ProView 27 4K monitor,16900.00,fahmai_cs,approved
WC-202504-05003336,2025-04-05,2025-04-05,,2026-01-15,CUST-L3-003336,SKU-MASS-069,TXN-202504-05003336,defect,,fahmai_cs,pending
WC-202504-05003577,2025-04-05,2025-04-05,,2026-01-15,CUST-L3-003577,SKU-MASS-076,TXN-202504-05003577,defect,,fahmai_cs,pending
WC-202504-05009497,2025-04-05,2025-04-05,,2026-01-15,CUST-L3-009497,SKU-MASS-029,TXN-202504-05009497,defect,,fahmai_cs,pending
WC-202504-05014549,2025-04-05,2025-04-05,,2026-01-15,CUST-L3-014549,SKU-MASS-096,TXN-202504-05014549,defect,,fahmai_cs,pending
WC-202504-05022286,2025-04-05,2025-04-05,,2026-01-15,CUST-L3-022286,SKU-MASS-096,TXN-202504-05022286,defect,,fahmai_cs,pending
WC-202504-05022834,2025-04-05,2025-04-05,,2026-01-15,CUST-L3-022834,SKU-MASS-044,TXN-202504-05022834,defect,,fahmai_cs,pending
WC-202504-05027080,2025-04-05,2025-04-05,,2026-01-15,CUST-L3-027080,SKU-MASS-079,TXN-202504-05027080,defect,,fahmai_cs,pending
WC-202504-06000778,2025-04-06,2025-04-06,,2026-01-15,CUST-L3-000778,SKU-MASS-007,TXN-202504-06000778,defect,,fahmai_cs,pending
WC-202504-06008454,2025-04-06,2025-04-06,,2026-01-15,CUST-L3-008454,SKU-MASS-056,TXN-202504-06008454,defect,,fahmai_cs,pending
WC-202504-06013720,2025-04-06,2025-04-06,,2026-01-15,CUST-L3-013720,SKU-MASS-110,TXN-202504-06013720,defect,,fahmai_cs,pending
WC-202504-06022113,2025-04-06,2025-04-06,,2026-01-15,CUST-L3-022113,SKU-MASS-110,TXN-202504-06022113,defect,,fahmai_cs,pending
WC-202504-06026124,2025-04-06,2025-04-06,,2026-01-15,CUST-L3-026124,SKU-MASS-071,TXN-202504-06026124,defect,,fahmai_cs,pending
WC-202504-07001997,2025-04-07,2025-04-07,,2026-01-15,CUST-L3-001997,SKU-MASS-009,TXN-202504-07001997,defect,,fahmai_cs,pending
WC-202504-07004562,2025-04-07,2025-04-07,,2026-01-15,CUST-L3-004562,SKU-MASS-023,TXN-202504-07004562,defect,,fahmai_cs,pending
WC-202504-07010637,2025-04-07,2025-04-07,,2026-01-15,CUST-L3-010637,SKU-MASS-031,TXN-202504-07010637,defect,,fahmai_cs,pending
WC-202504-07011118,2025-04-07,2025-04-07,,2026-01-15,CUST-L3-011118,SKU-MASS-020,TXN-202504-07011118,defect,,fahmai_cs,pending
WC-202504-07011788,2025-04-07,2025-04-07,,2026-01-15,CUST-L3-011788,SKU-MASS-053,TXN-202504-07011788,defect,,fahmai_cs,pending
WC-202504-07015552,2025-04-07,2025-04-07,,2026-01-15,CUST-L3-015552,SKU-MASS-074,TXN-202504-07015552,defect,,fahmai_cs,pending
WC-202504-07021633,2025-04-07,2025-04-07,,2026-01-15,CUST-L3-021633,DN-LT-010,TXN-202504-07021633,defect,,fahmai_cs,pending
WC-202504-07027678,2025-04-07,2025-04-07,,2026-01-15,CUST-L3-027678,SKU-MASS-049,TXN-202504-07027678,defect,,fahmai_cs,pending
WC-202504-07029078,2025-04-07,2025-04-07,,2026-01-15,CUST-L3-029078,SKU-MASS-099,TXN-202504-07029078,defect,,fahmai_cs,pending
WC-202504-08009016,2025-04-08,2025-04-08,,2026-01-15,CUST-L3-009016,SKU-MASS-018,TXN-202504-08009016,defect,,fahmai_cs,pending
WC-202504-08013734,2025-04-08,2025-04-08,,2026-01-15,CUST-L3-013734,SKU-MASS-075,TXN-202504-08013734,defect,,fahmai_cs,pending
WC-202504-08017886,2025-04-08,2025-04-08,,2026-01-15,CUST-L3-017886,SKU-MASS-019,TXN-202504-08017886,defect,,fahmai_cs,pending
WC-202504-08022547,2025-04-08,2025-04-08,,2026-01-15,CUST-L3-022547,SKU-MASS-076,TXN-202504-08022547,defect,,fahmai_cs,pending
WC-202504-08028342,2025-04-08,2025-04-08,,2026-01-15,CUST-L3-028342,SKU-MASS-085,TXN-202504-08028342,defect,,fahmai_cs,pending
WC-202504-08028616,2025-04-08,2025-04-08,,2026-01-15,CUST-L3-028616,SKU-MASS-068,TXN-202504-08028616,defect,,fahmai_cs,pending
WCL-CL-L4-86172683,2025-04-08,2025-04-08,,2026-01-15,CUST-L3-000052,AW-MN-001,,vendor batch defect (V-004-MON-BATCH-2567-Q4-001) — AW-MN-001 ArcWave ProView 27 4K monitor,16900.00,fahmai_cs,approved
WC-202504-09000193,2025-04-09,2025-04-09,,2026-01-15,CUST-L3-000193,SKU-MASS-013,TXN-202504-09000193,defect,,fahmai_cs,pending
WC-202504-09001360,2025-04-09,2025-04-09,,2026-01-15,CUST-L3-001360,SKU-MASS-101,TXN-202504-09001360,defect,,fahmai_cs,pending
WC-202504-09013494,2025-04-09,2025-04-09,,2026-01-15,CUST-L3-013494,SKU-MASS-013,TXN-202504-09013494,defect,,fahmai_cs,pending
WC-202504-09015660,2025-04-09,2025-04-09,,2026-01-15,CUST-L3-015660,SKU-MASS-010,TXN-202504-09015660,defect,,fahmai_cs,pending
WC-202504-09018811,2025-04-09,2025-04-09,,2026-01-15,CUST-L3-018811,SKU-MASS-029,TXN-202504-09018811,defect,,fahmai_cs,pending
WC-202504-09019835,2025-04-09,2025-04-09,,2026-01-15,CUST-L3-019835,SKU-MASS-097,TXN-202504-09019835,defect,,fahmai_cs,pending
WC-202504-10001917,2025-04-10,2025-04-10,,2026-01-15,CUST-L3-001917,SKU-MASS-077,TXN-202504-10001917,defect,,fahmai_cs,pending
WC-202504-10007773,2025-04-10,2025-04-10,,2026-01-15,CUST-L3-007773,SKU-MASS-092,TXN-202504-10007773,defect,,fahmai_cs,pending
WC-202504-10012794,2025-04-10,2025-04-10,,2026-01-15,CUST-L3-012794,SKU-MASS-096,TXN-202504-10012794,defect,,fahmai_cs,pending
WC-202504-10017130,2025-04-10,2025-04-10,,2026-01-15,CUST-L3-017130,SKU-MASS-017,TXN-202504-10017130,defect,,fahmai_cs,pending
WC-202504-10026647,2025-04-10,2025-04-10,,2026-01-15,CUST-L3-026647,SKU-MASS-105,TXN-202504-10026647,defect,,fahmai_cs,pending
WC-202504-10028450,2025-04-10,2025-04-10,,2026-01-15,CUST-L3-028450,SKU-MASS-094,TXN-202504-10028450,defect,,fahmai_cs,pending
WC-202504-11002844,2025-04-11,2025-04-11,,2026-01-15,CUST-L3-002844,SKU-MASS-019,TXN-202504-11002844,defect,,fahmai_cs,pending
WC-202504-11003084,2025-04-11,2025-04-11,,2026-01-15,CUST-L3-003084,SKU-MASS-072,TXN-202504-11003084,defect,,fahmai_cs,pending
WC-202504-11005316,2025-04-11,2025-04-11,,2026-01-15,CUST-L3-005316,SKU-MASS-095,TXN-202504-11005316,defect,,fahmai_cs,pending
WC-202504-11010323,2025-04-11,2025-04-11,,2026-01-15,CUST-L3-010323,SKU-MASS-042,TXN-202504-11010323,defect,,fahmai_cs,pending
WC-202504-11011024,2025-04-11,2025-04-11,,2026-01-15,CUST-L3-011024,SKU-MASS-059,TXN-202504-11011024,defect,,fahmai_cs,pending
WC-202504-12001495,2025-04-12,2025-04-12,,2026-01-15,CUST-L3-001495,SKU-MASS-082,TXN-202504-12001495,defect,,fahmai_cs,pending
WC-202504-12001698,2025-04-12,2025-04-12,,2026-01-15,CUST-L3-001698,SKU-MASS-028,TXN-202504-12001698,defect,,fahmai_cs,pending
WC-202504-12008194,2025-04-12,2025-04-12,,2026-01-15,CUST-L3-008194,SKU-MASS-013,TXN-202504-12008194,defect,,fahmai_cs,pending
WC-202504-12015511,2025-04-12,2025-04-12,,2026-01-15,CUST-L3-015511,SKU-MASS-012,TXN-202504-12015511,defect,,fahmai_cs,pending
WC-202504-12016870,2025-04-12,2025-04-12,,2026-01-15,CUST-L3-016870,SKU-MASS-015,TXN-202504-12016870,defect,,fahmai_cs,pending
WC-202504-12022967,2025-04-12,2025-04-12,,2026-01-15,CUST-L3-022967,SKU-MASS-087,TXN-202504-12022967,defect,,fahmai_cs,pending
WC-202504-12028936,2025-04-12,2025-04-12,,2026-01-15,CUST-L3-028936,SKU-MASS-099,TXN-202504-12028936,defect,,fahmai_cs,pending
WCL-CL-L4-239361302,2025-04-12,2025-04-12,,2026-01-15,CUST-L3-000011,AW-MN-001,,vendor batch defect (V-004-MON-BATCH-2567-Q4-001) — AW-MN-001 ArcWave ProView 27 4K monitor,16900.00,fahmai_cs,approved
WC-202504-13021181,2025-04-13,2025-04-13,,2026-01-15,CUST-L3-021181,SKU-MASS-048,TXN-202504-13021181,defect,,fahmai_cs,pending
WC-202504-14006647,2025-04-14,2025-04-14,,2026-01-15,CUST-L3-006647,SKU-MASS-083,TXN-202504-14006647,defect,,fahmai_cs,pending
WC-202504-15001898,2025-04-15,2025-04-15,,2026-01-15,CUST-L3-001898,SKU-MASS-050,TXN-202504-15001898,defect,,fahmai_cs,pending
WC-202504-16019171,2025-04-16,2025-04-16,,2026-01-15,CUST-L3-019171,AW-MN-001,TXN-202504-16019171,defect,,fahmai_cs,pending
WC-202504-17024508,2025-04-17,2025-04-17,,2026-01-15,CUST-L3-024508,SKU-MASS-057,TXN-202504-17024508,defect,,fahmai_cs,pending
WCL-CL-L4-120944687,2025-04-17,2025-04-17,,2026-01-15,CUST-L3-000014,AW-MN-001,,vendor batch defect (V-004-MON-BATCH-2567-Q4-001) — AW-MN-001 ArcWave ProView 27 4K monitor,16900.00,fahmai_cs,approved
WC-202504-18001801,2025-04-18,2025-04-18,,2026-01-15,CUST-L3-001801,SKU-MASS-077,TXN-202504-18001801,defect,,fahmai_cs,pending
WC-202504-18002729,2025-04-18,2025-04-18,,2026-01-15,CUST-L3-002729,SKU-MASS-084,TXN-202504-18002729,defect,,fahmai_cs,pending
WC-202504-18011992,2025-04-18,2025-04-18,,2026-01-15,CUST-L3-011992,SKU-MASS-035,TXN-202504-18011992,defect,,fahmai_cs,pending
WC-202504-18016416,2025-04-18,2025-04-18,,2026-01-15,CUST-L3-016416,SKU-MASS-083,TXN-202504-18016416,defect,,fahmai_cs,pending
WC-202504-18018422,2025-04-18,2025-04-18,,2026-01-15,CUST-L3-018422,SKU-MASS-110,TXN-202504-18018422,defect,,fahmai_cs,pending
WC-202504-18020864,2025-04-18,2025-04-18,,2026-01-15,CUST-L3-020864,SKU-MASS-061,TXN-202504-18020864,defect,,fahmai_cs,pending
WC-202504-19000816,2025-04-19,2025-04-19,,2026-01-15,CUST-L3-000816,SKU-MASS-085,TXN-202504-19000816,defect,,fahmai_cs,pending
WC-202504-19001888,2025-04-19,2025-04-19,,2026-01-15,CUST-L3-001888,SKU-MASS-067,TXN-202504-19001888,defect,,fahmai_cs,pending
WC-202504-19015834,2025-04-19,2025-04-19,,2026-01-15,CUST-L3-015834,SKU-MASS-057,TXN-202504-19015834,defect,,fahmai_cs,pending
WC-202504-19017850,2025-04-19,2025-04-19,,2026-01-15,CUST-L3-017850,SKU-MASS-029,TXN-202504-19017850,defect,,fahmai_cs,pending
WC-202504-19020602,2025-04-19,2025-04-19,,2026-01-15,CUST-L3-020602,SKU-MASS-041,TXN-202504-19020602,defect,,fahmai_cs,pending
WC-202504-19022247,2025-04-19,2025-04-19,,2026-01-15,CUST-L3-022247,SKU-MASS-017,TXN-202504-19022247,defect,,fahmai_cs,pending
WC-202504-19023658,2025-04-19,2025-04-19,,2026-01-15,CUST-L3-023658,SKU-MASS-021,TXN-202504-19023658,defect,,fahmai_cs,pending
WC-202504-20002355,2025-04-20,2025-04-20,,2026-01-15,CUST-L3-002355,SKU-MASS-046,TXN-202504-20002355,defect,,fahmai_cs,pending
WC-202504-20004692,2025-04-20,2025-04-20,,2026-01-15,CUST-L3-004692,SKU-MASS-043,TXN-202504-20004692,defect,,fahmai_cs,pending
WC-202504-20009328,2025-04-20,2025-04-20,,2026-01-15,CUST-L3-009328,SKU-MASS-086,TXN-202504-20009328,defect,,fahmai_cs,pending
WC-202504-21005838,2025-04-21,2025-04-21,,2026-01-15,CUST-L3-005838,SKU-MASS-080,TXN-202504-21005838,defect,,fahmai_cs,pending
WC-202504-21015417,2025-04-21,2025-04-21,,2026-01-15,CUST-L3-015417,SKU-MASS-038,TXN-202504-21015417,defect,,fahmai_cs,pending
WC-202504-21017926,2025-04-21,2025-04-21,,2026-01-15,CUST-L3-017926,SKU-MASS-029,TXN-202504-21017926,defect,,fahmai_cs,pending
WC-202504-21018789,2025-04-21,2025-04-21,,2026-01-15,CUST-L3-018789,SKU-MASS-076,TXN-202504-21018789,defect,,fahmai_cs,pending
WC-202504-21021477,2025-04-21,2025-04-21,,2026-01-15,CUST-L3-021477,SKU-MASS-016,TXN-202504-21021477,defect,,fahmai_cs,pending
WC-202504-21025156,2025-04-21,2025-04-21,,2026-01-15,CUST-L3-025156,SKU-MASS-059,TXN-202504-21025156,defect,,fahmai_cs,pending
WCL-CL-L4-76219042,2025-04-21,2025-04-21,,2026-01-15,CUST-L3-000057,AW-MN-001,,vendor batch defect (V-004-MON-BATCH-2567-Q4-001) — AW-MN-001 ArcWave ProView 27 4K monitor,16900.00,fahmai_cs,approved
WC-202504-22019780,2025-04-22,2025-04-22,,2026-01-15,CUST-L3-019780,SKU-MASS-058,TXN-202504-22019780,defect,,fahmai_cs,pending
WC-202504-22024009,2025-04-22,2025-04-22,,2026-01-15,CUST-L3-024009,SKU-MASS-104,TXN-202504-22024009,defect,,fahmai_cs,pending
WC-202504-22028374,2025-04-22,2025-04-22,,2026-01-15,CUST-L3-028374,SKU-MASS-009,TXN-202504-22028374,defect,,fahmai_cs,pending
WC-202504-23003973,2025-04-23,2025-04-23,,2026-01-15,CUST-L3-003973,SKU-MASS-029,TXN-202504-23003973,defect,,fahmai_cs,pending
WC-202504-23018536,2025-04-23,2025-04-23,,2026-01-15,CUST-L3-018536,SKU-MASS-105,TXN-202504-23018536,defect,,fahmai_cs,pending
WC-202504-23019987,2025-04-23,2025-04-23,,2026-01-15,CUST-L3-019987,SKU-MASS-039,TXN-202504-23019987,defect,,fahmai_cs,pending
WC-202504-23025906,2025-04-23,2025-04-23,,2026-01-15,CUST-L3-025906,SKU-MASS-083,TXN-202504-23025906,defect,,fahmai_cs,pending
WC-202504-23026042,2025-04-23,2025-04-23,,2026-01-15,CUST-L3-026042,SKU-MASS-022,TXN-202504-23026042,defect,,fahmai_cs,pending
WC-202504-23027840,2025-04-23,2025-04-23,,2026-01-15,CUST-L3-027840,SKU-MASS-018,TXN-202504-23027840,defect,,fahmai_cs,pending
WC-202504-24001825,2025-04-24,2025-04-24,,2026-01-15,CUST-L3-001825,WK-SW-004,TXN-202504-24001825,defect,,fahmai_cs,pending
WC-202504-24005829,2025-04-24,2025-04-24,,2026-01-15,CUST-L3-005829,SKU-MASS-048,TXN-202504-24005829,defect,,fahmai_cs,pending
WC-202504-24009716,2025-04-24,2025-04-24,,2026-01-15,CUST-L3-009716,SKU-MASS-054,TXN-202504-24009716,defect,,fahmai_cs,pending
WC-202504-24012685,2025-04-24,2025-04-24,,2026-01-15,CUST-L3-012685,SKU-MASS-041,TXN-202504-24012685,defect,,fahmai_cs,pending
WC-202504-24015317,2025-04-24,2025-04-24,,2026-01-15,CUST-L3-015317,SKU-MASS-016,TXN-202504-24015317,defect,,fahmai_cs,pending
WC-202504-24016086,2025-04-24,2025-04-24,,2026-01-15,CUST-L3-016086,SKU-MASS-019,TXN-202504-24016086,defect,,fahmai_cs,pending
WC-202504-24022468,2025-04-24,2025-04-24,,2026-01-15,CUST-L3-022468,SKU-MASS-090,TXN-202504-24022468,defect,,fahmai_cs,pending
WC-202504-25007488,2025-04-25,2025-04-25,,2026-01-15,CUST-L3-007488,SKU-MASS-018,TXN-202504-25007488,defect,,fahmai_cs,pending
WC-202504-25015997,2025-04-25,2025-04-25,,2026-01-15,CUST-L3-015997,SKU-MASS-027,TXN-202504-25015997,defect,,fahmai_cs,pending
WC-202504-25017057,2025-04-25,2025-04-25,,2026-01-15,CUST-L3-017057,SKU-MASS-048,TXN-202504-25017057,defect,,fahmai_cs,pending
WC-202504-25021028,2025-04-25,2025-04-25,,2026-01-15,CUST-L3-021028,SKU-MASS-042,TXN-202504-25021028,defect,,fahmai_cs,pending
WC-202504-25022181,2025-04-25,2025-04-25,,2026-01-15,CUST-L3-022181,SKU-MASS-038,TXN-202504-25022181,defect,,fahmai_cs,pending
WC-202504-26005149,2025-04-26,2025-04-26,,2026-01-15,CUST-L3-005149,SKU-MASS-009,TXN-202504-26005149,defect,,fahmai_cs,pending
WC-202504-26015917,2025-04-26,2025-04-26,,2026-01-15,CUST-L3-015917,SKU-MASS-044,TXN-202504-26015917,defect,,fahmai_cs,pending
WC-202504-26019525,2025-04-26,2025-04-26,,2026-01-15,CUST-L3-019525,SKU-MASS-110,TXN-202504-26019525,defect,,fahmai_cs,pending
WC-202504-26029673,2025-04-26,2025-04-26,,2026-01-15,CUST-L3-029673,SKU-MASS-020,TXN-202504-26029673,defect,,fahmai_cs,pending
WCL-CL-L4-12848145,2025-04-26,2025-04-26,,2026-01-15,CUST-L3-000188,AW-MN-001,,vendor batch defect (V-004-MON-BATCH-2567-Q4-001) — AW-MN-001 ArcWave ProView 27 4K monitor,16900.00,fahmai_cs,approved
WC-202504-27001517,2025-04-27,2025-04-27,,2026-01-15,CUST-L3-001517,SKU-MASS-052,TXN-202504-27001517,defect,,fahmai_cs,pending
WC-202504-27002173,2025-04-27,2025-04-27,,2026-01-15,CUST-L3-002173,SKU-MASS-046,TXN-202504-27002173,defect,,fahmai_cs,pending
WC-202504-27010490,2025-04-27,2025-04-27,,2026-01-15,CUST-L3-010490,SKU-MASS-064,TXN-202504-27010490,defect,,fahmai_cs,pending
WC-202504-27011090,2025-04-27,2025-04-27,,2026-01-15,CUST-L3-011090,SKU-MASS-054,TXN-202504-27011090,defect,,fahmai_cs,pending
WC-202504-27018452,2025-04-27,2025-04-27,,2026-01-15,CUST-L3-018452,SKU-MASS-032,TXN-202504-27018452,defect,,fahmai_cs,pending
WC-202504-27028098,2025-04-27,2025-04-27,,2026-01-15,CUST-L3-028098,SKU-MASS-068,TXN-202504-27028098,defect,,fahmai_cs,pending
WC-202504-28004233,2025-04-28,2025-04-28,,2026-01-15,CUST-L3-004233,SKU-MASS-069,TXN-202504-28004233,defect,,fahmai_cs,pending
WC-202504-28005637,2025-04-28,2025-04-28,,2026-01-15,CUST-L3-005637,SKU-MASS-099,TXN-202504-28005637,defect,,fahmai_cs,pending
WC-202504-28011326,2025-04-28,2025-04-28,,2026-01-15,CUST-L3-011326,SKU-MASS-066,TXN-202504-28011326,defect,,fahmai_cs,pending
WC-202504-28020477,2025-04-28,2025-04-28,,2026-01-15,CUST-L3-020477,SKU-MASS-026,TXN-202504-28020477,defect,,fahmai_cs,pending
WC-202504-28026665,2025-04-28,2025-04-28,,2026-01-15,CUST-L3-026665,SKU-MASS-075,TXN-202504-28026665,defect,,fahmai_cs,pending
WC-202504-29019291,2025-04-29,2025-04-29,,2026-01-15,CUST-L3-019291,SKU-MASS-052,TXN-202504-29019291,defect,,fahmai_cs,pending
WC-202504-29020533,2025-04-29,2025-04-29,,2026-01-15,CUST-L3-020533,SKU-MASS-030,TXN-202504-29020533,defect,,fahmai_cs,pending
WC-202504-29021218,2025-04-29,2025-04-29,,2026-01-15,CUST-L3-021218,SKU-MASS-075,TXN-202504-29021218,defect,,fahmai_cs,pending
WC-202504-29021690,2025-04-29,2025-04-29,,2026-01-15,CUST-L3-021690,SKU-MASS-073,TXN-202504-29021690,defect,,fahmai_cs,pending
WC-202504-29021881,2025-04-29,2025-04-29,,2026-01-15,CUST-L3-021881,SKU-MASS-087,TXN-202504-29021881,defect,,fahmai_cs,pending
WC-202504-29025227,2025-04-29,2025-04-29,,2026-01-15,CUST-L3-025227,SKU-MASS-036,TXN-202504-29025227,defect,,fahmai_cs,pending
WC-202504-29027603,2025-04-29,2025-04-29,,2026-01-15,CUST-L3-027603,SKU-MASS-047,TXN-202504-29027603,defect,,fahmai_cs,pending
WC-202504-30009551,2025-04-30,2025-04-30,,2026-01-15,CUST-L3-009551,SKU-MASS-093,TXN-202504-30009551,defect,,fahmai_cs,pending
WC-202504-30010186,2025-04-30,2025-04-30,,2026-01-15,CUST-L3-010186,SKU-MASS-011,TXN-202504-30010186,defect,,fahmai_cs,pending
WC-202504-30019085,2025-04-30,2025-04-30,,2026-01-15,CUST-L3-019085,SKU-MASS-069,TXN-202504-30019085,defect,,fahmai_cs,pending
WC-202504-30029887,2025-04-30,2025-04-30,,2026-01-15,CUST-L3-029887,SKU-MASS-061,TXN-202504-30029887,defect,,fahmai_cs,pending
WCL-CL-L4-31985359,2025-04-30,2025-04-30,,2026-01-15,CUST-L3-000128,AW-MN-001,,vendor batch defect (V-004-MON-BATCH-2567-Q4-001) — AW-MN-001 ArcWave ProView 27 4K monitor,16900.00,fahmai_cs,approved
WC-202505-01002117,2025-05-01,2025-05-01,,2026-01-15,CUST-L3-002117,SKU-MASS-075,TXN-202505-01002117,defect,,fahmai_cs,pending
WC-202505-01006886,2025-05-01,2025-05-01,,2026-01-15,CUST-L3-006886,SKU-MASS-076,TXN-202505-01006886,defect,,fahmai_cs,pending
WC-202505-01007974,2025-05-01,2025-05-01,,2026-01-15,CUST-L3-007974,NT-LT-001,TXN-202505-01007974,defect,,fahmai_cs,pending
WC-202505-01011398,2025-05-01,2025-05-01,,2026-01-15,CUST-L3-011398,SKU-MASS-007,TXN-202505-01011398,defect,,fahmai_cs,pending
WC-202505-01013967,2025-05-01,2025-05-01,,2026-01-15,CUST-L3-013967,SKU-MASS-020,TXN-202505-01013967,defect,,fahmai_cs,pending
WC-202505-01016477,2025-05-01,2025-05-01,,2026-01-15,CUST-L3-016477,SKU-MASS-110,TXN-202505-01016477,defect,,fahmai_cs,pending
WC-202505-01016933,2025-05-01,2025-05-01,,2026-01-15,CUST-L3-016933,SKU-MASS-029,TXN-202505-01016933,defect,,fahmai_cs,pending
WC-202505-01028688,2025-05-01,2025-05-01,,2026-01-15,CUST-L3-028688,SKU-MASS-049,TXN-202505-01028688,defect,,fahmai_cs,pending
WC-202505-02008281,2025-05-02,2025-05-02,,2026-01-15,CUST-L3-008281,SKU-MASS-013,TXN-202505-02008281,defect,,fahmai_cs,pending
WC-202505-02012819,2025-05-02,2025-05-02,,2026-01-15,CUST-L3-012819,SKU-MASS-038,TXN-202505-02012819,defect,,fahmai_cs,pending
WC-202505-02012841,2025-05-02,2025-05-02,,2026-01-15,CUST-L3-012841,SKU-MASS-025,TXN-202505-02012841,defect,,fahmai_cs,pending
WC-202505-02015160,2025-05-02,2025-05-02,,2026-01-15,CUST-L3-015160,SKU-MASS-101,TXN-202505-02015160,defect,,fahmai_cs,pending
WC-202505-03001272,2025-05-03,2025-05-03,,2026-01-15,CUST-L3-001272,SKU-MASS-089,TXN-202505-03001272,defect,,fahmai_cs,pending
WC-202505-03015445,2025-05-03,2025-05-03,,2026-01-15,CUST-L3-015445,SKU-MASS-072,TXN-202505-03015445,defect,,fahmai_cs,pending
WC-202505-03016878,2025-05-03,2025-05-03,,2026-01-15,CUST-L3-016878,SKU-MASS-094,TXN-202505-03016878,defect,,fahmai_cs,pending
WC-202505-03023484,2025-05-03,2025-05-03,,2026-01-15,CUST-L3-023484,SKU-MASS-100,TXN-202505-03023484,defect,,fahmai_cs,pending
WC-202505-03023521,2025-05-03,2025-05-03,,2026-01-15,CUST-L3-023521,SKU-MASS-020,TXN-202505-03023521,defect,,fahmai_cs,pending
WC-202505-03027091,2025-05-03,2025-05-03,,2026-01-15,CUST-L3-027091,SKU-MASS-018,TXN-202505-03027091,defect,,fahmai_cs,pending
WC-202505-04000075,2025-05-04,2025-05-04,,2026-01-15,CUST-L3-000075,SKU-MASS-033,TXN-202505-04000075,defect,,fahmai_cs,pending
WC-202505-04001333,2025-05-04,2025-05-04,,2026-01-15,CUST-L3-001333,SKU-MASS-010,TXN-202505-04001333,defect,,fahmai_cs,pending
WC-202505-04014092,2025-05-04,2025-05-04,,2026-01-15,CUST-L3-014092,SKU-MASS-054,TXN-202505-04014092,defect,,fahmai_cs,pending
WC-202505-04019292,2025-05-04,2025-05-04,,2026-01-15,CUST-L3-019292,SKU-MASS-022,TXN-202505-04019292,defect,,fahmai_cs,pending
WC-202505-05018261,2025-05-05,2025-05-05,,2026-01-15,CUST-L3-018261,SKU-MASS-066,TXN-202505-05018261,defect,,fahmai_cs,pending
WC-202505-05019792,2025-05-05,2025-05-05,,2026-01-15,CUST-L3-019792,SKU-MASS-073,TXN-202505-05019792,defect,,fahmai_cs,pending
WC-202505-05028093,2025-05-05,2025-05-05,,2026-01-15,CUST-L3-028093,SKU-MASS-076,TXN-202505-05028093,defect,,fahmai_cs,pending
WC-202505-06004478,2025-05-06,2025-05-06,,2026-01-15,CUST-L3-004478,SKU-MASS-036,TXN-202505-06004478,defect,,fahmai_cs,pending
WC-202505-06013599,2025-05-06,2025-05-06,,2026-01-15,CUST-L3-013599,SKU-MASS-051,TXN-202505-06013599,defect,,fahmai_cs,pending
WC-202505-06019851,2025-05-06,2025-05-06,,2026-01-15,CUST-L3-019851,SKU-MASS-092,TXN-202505-06019851,defect,,fahmai_cs,pending
WC-202505-06020084,2025-05-06,2025-05-06,,2026-01-15,CUST-L3-020084,SKU-MASS-097,TXN-202505-06020084,defect,,fahmai_cs,pending
WC-202505-06029275,2025-05-06,2025-05-06,,2026-01-15,CUST-L3-029275,SKU-MASS-069,TXN-202505-06029275,defect,,fahmai_cs,pending
WC-202505-07003511,2025-05-07,2025-05-07,,2026-01-15,CUST-L3-003511,SKU-MASS-110,TXN-202505-07003511,defect,,fahmai_cs,pending
WC-202505-07014210,2025-05-07,2025-05-07,,2026-01-15,CUST-L3-014210,SKU-MASS-072,TXN-202505-07014210,defect,,fahmai_cs,pending
WC-202505-07015757,2025-05-07,2025-05-07,,2026-01-15,CUST-L3-015757,SKU-MASS-025,TXN-202505-07015757,defect,,fahmai_cs,pending
WC-202505-07018904,2025-05-07,2025-05-07,,2026-01-15,CUST-L3-018904,SKU-MASS-071,TXN-202505-07018904,defect,,fahmai_cs,pending
WC-202505-07021907,2025-05-07,2025-05-07,,2026-01-15,CUST-L3-021907,SKU-MASS-042,TXN-202505-07021907,defect,,fahmai_cs,pending
WC-202505-08000712,2025-05-08,2025-05-08,,2026-01-15,CUST-L3-000712,SKU-MASS-027,TXN-202505-08000712,defect,,fahmai_cs,pending
WC-202505-08009805,2025-05-08,2025-05-08,,2026-01-15,CUST-L3-009805,SKU-MASS-034,TXN-202505-08009805,defect,,fahmai_cs,pending
WC-202505-08011939,2025-05-08,2025-05-08,,2026-01-15,CUST-L3-011939,SKU-MASS-007,TXN-202505-08011939,defect,,fahmai_cs,pending
WC-202505-08012825,2025-05-08,2025-05-08,,2026-01-15,CUST-L3-012825,SKU-MASS-097,TXN-202505-08012825,defect,,fahmai_cs,pending
WC-202505-08014458,2025-05-08,2025-05-08,,2026-01-15,CUST-L3-014458,SKU-MASS-087,TXN-202505-08014458,defect,,fahmai_cs,pending
WC-202505-08018512,2025-05-08,2025-05-08,,2026-01-15,CUST-L3-018512,SKU-MASS-054,TXN-202505-08018512,defect,,fahmai_cs,pending
WC-202505-08024466,2025-05-08,2025-05-08,,2026-01-15,CUST-L3-024466,SKU-MASS-011,TXN-202505-08024466,defect,,fahmai_cs,pending
WC-202505-08025284,2025-05-08,2025-05-08,,2026-01-15,CUST-L3-025284,SKU-MASS-103,TXN-202505-08025284,defect,,fahmai_cs,pending
WC-202505-08028753,2025-05-08,2025-05-08,,2026-01-15,CUST-L3-028753,SKU-MASS-014,TXN-202505-08028753,defect,,fahmai_cs,pending
WC-202505-08028809,2025-05-08,2025-05-08,,2026-01-15,CUST-L3-028809,SKU-MASS-017,TXN-202505-08028809,defect,,fahmai_cs,pending
WC-202505-09011725,2025-05-09,2025-05-09,,2026-01-15,CUST-L3-011725,SKU-MASS-090,TXN-202505-09011725,defect,,fahmai_cs,pending
WC-202505-09013714,2025-05-09,2025-05-09,,2026-01-15,CUST-L3-013714,SKU-MASS-070,TXN-202505-09013714,defect,,fahmai_cs,pending
WC-202505-09017806,2025-05-09,2025-05-09,,2026-01-15,CUST-L3-017806,SKU-MASS-084,TXN-202505-09017806,defect,,fahmai_cs,pending
WC-202505-10010673,2025-05-10,2025-05-10,,2026-01-15,CUST-L3-010673,SKU-MASS-008,TXN-202505-10010673,defect,,fahmai_cs,pending
WC-202505-10019386,2025-05-10,2025-05-10,,2026-01-15,CUST-L3-019386,SKU-MASS-025,TXN-202505-10019386,defect,,fahmai_cs,pending
WC-202505-10022786,2025-05-10,2025-05-10,,2026-01-15,CUST-L3-022786,SKU-MASS-013,TXN-202505-10022786,defect,,fahmai_cs,pending
WC-202505-10029084,2025-05-10,2025-05-10,,2026-01-15,CUST-L3-029084,SKU-MASS-046,TXN-202505-10029084,defect,,fahmai_cs,pending
WC-202505-11011321,2025-05-11,2025-05-11,,2026-01-15,CUST-L3-011321,SKU-MASS-088,TXN-202505-11011321,defect,,fahmai_cs,pending
WC-202505-11011750,2025-05-11,2025-05-11,,2026-01-15,CUST-L3-011750,SKU-MASS-086,TXN-202505-11011750,defect,,fahmai_cs,pending
WC-202505-11015172,2025-05-11,2025-05-11,,2026-01-15,CUST-L3-015172,SKU-MASS-029,TXN-202505-11015172,defect,,fahmai_cs,pending
WC-202505-11020373,2025-05-11,2025-05-11,,2026-01-15,CUST-L3-020373,SKU-MASS-043,TXN-202505-11020373,defect,,fahmai_cs,pending
WC-202505-11020886,2025-05-11,2025-05-11,,2026-01-15,CUST-L3-020886,NT-LT-001,TXN-202505-11020886,defect,,fahmai_cs,pending
WC-202505-12004174,2025-05-12,2025-05-12,,2026-01-15,CUST-L3-004174,SKU-MASS-110,TXN-202505-12004174,defect,,fahmai_cs,pending
WC-202505-12010638,2025-05-12,2025-05-12,,2026-01-15,CUST-L3-010638,SKU-MASS-012,TXN-202505-12010638,defect,,fahmai_cs,pending
WC-202505-12025857,2025-05-12,2025-05-12,,2026-01-15,CUST-L3-025857,SKU-MASS-023,TXN-202505-12025857,defect,,fahmai_cs,pending
WC-202505-12026408,2025-05-12,2025-05-12,,2026-01-15,CUST-L3-026408,SKU-MASS-071,TXN-202505-12026408,defect,,fahmai_cs,pending
WC-202505-12029144,2025-05-12,2025-05-12,,2026-01-15,CUST-L3-029144,SKU-MASS-095,TXN-202505-12029144,defect,,fahmai_cs,pending
WC-202505-12029268,2025-05-12,2025-05-12,,2026-01-15,CUST-L3-029268,SKU-MASS-072,TXN-202505-12029268,defect,,fahmai_cs,pending
WC-202505-13007002,2025-05-13,2025-05-13,,2026-01-15,CUST-L3-007002,SKU-MASS-085,TXN-202505-13007002,defect,,fahmai_cs,pending
WC-202505-13010798,2025-05-13,2025-05-13,,2026-01-15,CUST-L3-010798,SKU-MASS-041,TXN-202505-13010798,defect,,fahmai_cs,pending
WC-202505-13017605,2025-05-13,2025-05-13,,2026-01-15,CUST-L3-017605,SKU-MASS-094,TXN-202505-13017605,defect,,fahmai_cs,pending
WC-202505-13018427,2025-05-13,2025-05-13,,2026-01-15,CUST-L3-018427,SKU-MASS-081,TXN-202505-13018427,defect,,fahmai_cs,pending
WC-202505-13021177,2025-05-13,2025-05-13,,2026-01-15,CUST-L3-021177,SKU-MASS-042,TXN-202505-13021177,defect,,fahmai_cs,pending
WC-202505-13025780,2025-05-13,2025-05-13,,2026-01-15,CUST-L3-025780,SKU-MASS-063,TXN-202505-13025780,defect,,fahmai_cs,pending
WC-202505-13026164,2025-05-13,2025-05-13,,2026-01-15,CUST-L3-026164,SKU-MASS-055,TXN-202505-13026164,defect,,fahmai_cs,pending
WC-202505-14002183,2025-05-14,2025-05-14,,2026-01-15,CUST-L3-002183,SKU-MASS-085,TXN-202505-14002183,defect,,fahmai_cs,pending
WC-202505-14004193,2025-05-14,2025-05-14,,2026-01-15,CUST-L3-004193,SKU-MASS-056,TXN-202505-14004193,defect,,fahmai_cs,pending
WC-202505-14015750,2025-05-14,2025-05-14,,2026-01-15,CUST-L3-015750,SKU-MASS-028,TXN-202505-14015750,defect,,fahmai_cs,pending
WC-202505-15000220,2025-05-15,2025-05-15,,2026-01-15,CUST-L3-000220,SKU-MASS-017,TXN-202505-15000220,defect,,fahmai_cs,pending
WC-202505-15007110,2025-05-15,2025-05-15,,2026-01-15,CUST-L3-007110,SKU-MASS-026,TXN-202505-15007110,defect,,fahmai_cs,pending
WC-202505-15013945,2025-05-15,2025-05-15,,2026-01-15,CUST-L3-013945,SKU-MASS-091,TXN-202505-15013945,defect,,fahmai_cs,pending
WC-202505-15019410,2025-05-15,2025-05-15,,2026-01-15,CUST-L3-019410,SKU-MASS-058,TXN-202505-15019410,defect,,fahmai_cs,pending
WC-202505-15024474,2025-05-15,2025-05-15,,2026-01-15,CUST-L3-024474,SKU-MASS-074,TXN-202505-15024474,defect,,fahmai_cs,pending
WC-202505-15027278,2025-05-15,2025-05-15,,2026-01-15,CUST-L3-027278,SKU-MASS-108,TXN-202505-15027278,defect,,fahmai_cs,pending
WC-202505-15028321,2025-05-15,2025-05-15,,2026-01-15,CUST-L3-028321,SKU-MASS-010,TXN-202505-15028321,defect,,fahmai_cs,pending
WC-202505-16008186,2025-05-16,2025-05-16,,2026-01-15,CUST-L3-008186,SKU-MASS-014,TXN-202505-16008186,defect,,fahmai_cs,pending
WC-202505-16025853,2025-05-16,2025-05-16,,2026-01-15,CUST-L3-025853,SKU-MASS-055,TXN-202505-16025853,defect,,fahmai_cs,pending
WC-202505-17000639,2025-05-17,2025-05-17,,2026-01-15,CUST-L3-000639,NT-LT-001,TXN-202505-17000639,defect,,fahmai_cs,pending
WC-202505-17004792,2025-05-17,2025-05-17,,2026-01-15,CUST-L3-004792,SKU-MASS-077,TXN-202505-17004792,defect,,fahmai_cs,pending
WC-202505-17012834,2025-05-17,2025-05-17,,2026-01-15,CUST-L3-012834,SKU-MASS-105,TXN-202505-17012834,defect,,fahmai_cs,pending
WC-202505-17013594,2025-05-17,2025-05-17,,2026-01-15,CUST-L3-013594,SKU-MASS-046,TXN-202505-17013594,defect,,fahmai_cs,pending
WC-202505-17013980,2025-05-17,2025-05-17,,2026-01-15,CUST-L3-013980,SKU-MASS-036,TXN-202505-17013980,defect,,fahmai_cs,pending
WC-202505-18001855,2025-05-18,2025-05-18,,2026-01-15,CUST-L3-001855,SKU-MASS-070,TXN-202505-18001855,defect,,fahmai_cs,pending
WC-202505-18003556,2025-05-18,2025-05-18,,2026-01-15,CUST-L3-003556,SKU-MASS-051,TXN-202505-18003556,defect,,fahmai_cs,pending
WC-202505-18006553,2025-05-18,2025-05-18,,2026-01-15,CUST-L3-006553,SKU-MASS-075,TXN-202505-18006553,defect,,fahmai_cs,pending
WC-202505-18007934,2025-05-18,2025-05-18,,2026-01-15,CUST-L3-007934,SKU-MASS-097,TXN-202505-18007934,defect,,fahmai_cs,pending
WC-202505-18010812,2025-05-18,2025-05-18,,2026-01-15,CUST-L3-010812,SKU-MASS-085,TXN-202505-18010812,defect,,fahmai_cs,pending
WC-202505-18013056,2025-05-18,2025-05-18,,2026-01-15,CUST-L3-013056,SKU-MASS-077,TXN-202505-18013056,defect,,fahmai_cs,pending
WC-202505-18015277,2025-05-18,2025-05-18,,2026-01-15,CUST-L3-015277,SKU-MASS-097,TXN-202505-18015277,defect,,fahmai_cs,pending
WC-202505-18016684,2025-05-18,2025-05-18,,2026-01-15,CUST-L3-016684,SKU-MASS-102,TXN-202505-18016684,defect,,fahmai_cs,pending
WC-202505-18017684,2025-05-18,2025-05-18,,2026-01-15,CUST-L3-017684,SKU-MASS-043,TXN-202505-18017684,defect,,fahmai_cs,pending
WC-202505-18023576,2025-05-18,2025-05-18,,2026-01-15,CUST-L3-023576,SKU-MASS-071,TXN-202505-18023576,defect,,fahmai_cs,pending
WC-202505-19001940,2025-05-19,2025-05-19,,2026-01-15,CUST-L3-001940,SKU-MASS-088,TXN-202505-19001940,defect,,fahmai_cs,pending
WC-202505-19007563,2025-05-19,2025-05-19,,2026-01-15,CUST-L3-007563,SKU-MASS-058,TXN-202505-19007563,defect,,fahmai_cs,pending
WC-202505-19012210,2025-05-19,2025-05-19,,2026-01-15,CUST-L3-012210,SKU-MASS-097,TXN-202505-19012210,defect,,fahmai_cs,pending
WC-202505-19012823,2025-05-19,2025-05-19,,2026-01-15,CUST-L3-012823,NT-LT-001,TXN-202505-19012823,defect,,fahmai_cs,pending
WC-202505-19019585,2025-05-19,2025-05-19,,2026-01-15,CUST-L3-019585,SKU-MASS-099,TXN-202505-19019585,defect,,fahmai_cs,pending
WC-202505-19022696,2025-05-19,2025-05-19,,2026-01-15,CUST-L3-022696,SKU-MASS-084,TXN-202505-19022696,defect,,fahmai_cs,pending
WC-202505-19025170,2025-05-19,2025-05-19,,2026-01-15,CUST-L3-025170,SKU-MASS-097,TXN-202505-19025170,defect,,fahmai_cs,pending
WC-202505-19026611,2025-05-19,2025-05-19,,2026-01-15,CUST-L3-026611,SKU-MASS-096,TXN-202505-19026611,defect,,fahmai_cs,pending
WC-202505-20001492,2025-05-20,2025-05-20,,2026-01-15,CUST-L3-001492,SKU-MASS-042,TXN-202505-20001492,defect,,fahmai_cs,pending
WC-202505-20001703,2025-05-20,2025-05-20,,2026-01-15,CUST-L3-001703,SKU-MASS-078,TXN-202505-20001703,defect,,fahmai_cs,pending
WC-202505-20002887,2025-05-20,2025-05-20,,2026-01-15,CUST-L3-002887,SKU-MASS-107,TXN-202505-20002887,defect,,fahmai_cs,pending
WC-202505-20005745,2025-05-20,2025-05-20,,2026-01-15,CUST-L3-005745,SKU-MASS-092,TXN-202505-20005745,defect,,fahmai_cs,pending
WC-202505-20019530,2025-05-20,2025-05-20,,2026-01-15,CUST-L3-019530,SKU-MASS-023,TXN-202505-20019530,defect,,fahmai_cs,pending
WC-202505-20022948,2025-05-20,2025-05-20,,2026-01-15,CUST-L3-022948,SKU-MASS-067,TXN-202505-20022948,defect,,fahmai_cs,pending
WC-202505-21019523,2025-05-21,2025-05-21,,2026-01-15,CUST-L3-019523,SKU-MASS-083,TXN-202505-21019523,defect,,fahmai_cs,pending
WC-202505-21026746,2025-05-21,2025-05-21,,2026-01-15,CUST-L3-026746,SKU-MASS-021,TXN-202505-21026746,defect,,fahmai_cs,pending
WC-202505-22000137,2025-05-22,2025-05-22,,2026-01-15,CUST-L3-000137,SKU-MASS-042,TXN-202505-22000137,defect,,fahmai_cs,pending
WC-202505-22005477,2025-05-22,2025-05-22,,2026-01-15,CUST-L3-005477,SKU-MASS-056,TXN-202505-22005477,defect,,fahmai_cs,pending
WC-202505-22006497,2025-05-22,2025-05-22,,2026-01-15,CUST-L3-006497,SKU-MASS-031,TXN-202505-22006497,defect,,fahmai_cs,pending
WC-202505-22014893,2025-05-22,2025-05-22,,2026-01-15,CUST-L3-014893,SKU-MASS-019,TXN-202505-22014893,defect,,fahmai_cs,pending
WC-202505-22021789,2025-05-22,2025-05-22,,2026-01-15,CUST-L3-021789,SKU-MASS-068,TXN-202505-22021789,defect,,fahmai_cs,pending
WC-202505-23002692,2025-05-23,2025-05-23,,2026-01-15,CUST-L3-002692,SKU-MASS-030,TXN-202505-23002692,defect,,fahmai_cs,pending
WC-202505-23007207,2025-05-23,2025-05-23,,2026-01-15,CUST-L3-007207,SKU-MASS-069,TXN-202505-23007207,defect,,fahmai_cs,pending
WC-202505-23016283,2025-05-23,2025-05-23,,2026-01-15,CUST-L3-016283,SKU-MASS-031,TXN-202505-23016283,defect,,fahmai_cs,pending
WC-202505-23025346,2025-05-23,2025-05-23,,2026-01-15,CUST-L3-025346,SKU-MASS-060,TXN-202505-23025346,defect,,fahmai_cs,pending
WC-202505-24003076,2025-05-24,2025-05-24,,2026-01-15,CUST-L3-003076,SKU-MASS-044,TXN-202505-24003076,defect,,fahmai_cs,pending
WC-202505-24003623,2025-05-24,2025-05-24,,2026-01-15,CUST-L3-003623,SKU-MASS-045,TXN-202505-24003623,defect,,fahmai_cs,pending
WC-202505-24012886,2025-05-24,2025-05-24,,2026-01-15,CUST-L3-012886,SKU-MASS-086,TXN-202505-24012886,defect,,fahmai_cs,pending
WC-202505-24020083,2025-05-24,2025-05-24,,2026-01-15,CUST-L3-020083,SKU-MASS-047,TXN-202505-24020083,defect,,fahmai_cs,pending
WC-202505-24023839,2025-05-24,2025-05-24,,2026-01-15,CUST-L3-023839,SKU-MASS-009,TXN-202505-24023839,defect,,fahmai_cs,pending
WC-202505-24024332,2025-05-24,2025-05-24,,2026-01-15,CUST-L3-024332,SKU-MASS-098,TXN-202505-24024332,defect,,fahmai_cs,pending
WC-202505-24026611,2025-05-24,2025-05-24,,2026-01-15,CUST-L3-026611,SKU-MASS-074,TXN-202505-24026611,defect,,fahmai_cs,pending
WC-202505-24027070,2025-05-24,2025-05-24,,2026-01-15,CUST-L3-027070,SKU-MASS-078,TXN-202505-24027070,defect,,fahmai_cs,pending
WC-202505-25003378,2025-05-25,2025-05-25,,2026-01-15,CUST-L3-003378,SKU-MASS-084,TXN-202505-25003378,defect,,fahmai_cs,pending
WC-202505-25005483,2025-05-25,2025-05-25,,2026-01-15,CUST-L3-005483,SKU-MASS-067,TXN-202505-25005483,defect,,fahmai_cs,pending
WC-202505-25006858,2025-05-25,2025-05-25,,2026-01-15,CUST-L3-006858,SKU-MASS-047,TXN-202505-25006858,defect,,fahmai_cs,pending
WC-202505-25011906,2025-05-25,2025-05-25,,2026-01-15,CUST-L3-011906,SKU-MASS-080,TXN-202505-25011906,defect,,fahmai_cs,pending
WC-202505-25012012,2025-05-25,2025-05-25,,2026-01-15,CUST-L3-012012,SKU-MASS-010,TXN-202505-25012012,defect,,fahmai_cs,pending
WC-202505-25013033,2025-05-25,2025-05-25,,2026-01-15,CUST-L3-013033,SKU-MASS-021,TXN-202505-25013033,defect,,fahmai_cs,pending
WC-202505-25013735,2025-05-25,2025-05-25,,2026-01-15,CUST-L3-013735,SKU-MASS-095,TXN-202505-25013735,defect,,fahmai_cs,pending
WC-202505-25016470,2025-05-25,2025-05-25,,2026-01-15,CUST-L3-016470,SKU-MASS-064,TXN-202505-25016470,defect,,fahmai_cs,pending
WC-202505-25027626,2025-05-25,2025-05-25,,2026-01-15,CUST-L3-027626,SKU-MASS-095,TXN-202505-25027626,defect,,fahmai_cs,pending
WC-202505-26013459,2025-05-26,2025-05-26,,2026-01-15,CUST-L3-013459,SKU-MASS-060,TXN-202505-26013459,defect,,fahmai_cs,pending
WC-202505-26014140,2025-05-26,2025-05-26,,2026-01-15,CUST-L3-014140,SKU-MASS-090,TXN-202505-26014140,defect,,fahmai_cs,pending
WC-202505-26017183,2025-05-26,2025-05-26,,2026-01-15,CUST-L3-017183,SKU-MASS-026,TXN-202505-26017183,defect,,fahmai_cs,pending
WC-202505-26026149,2025-05-26,2025-05-26,,2026-01-15,CUST-L3-026149,SKU-MASS-025,TXN-202505-26026149,defect,,fahmai_cs,pending
WC-202505-27015976,2025-05-27,2025-05-27,,2026-01-15,CUST-L3-015976,SKU-MASS-068,TXN-202505-27015976,defect,,fahmai_cs,pending
WC-202505-27016634,2025-05-27,2025-05-27,,2026-01-15,CUST-L3-016634,SKU-MASS-032,TXN-202505-27016634,defect,,fahmai_cs,pending
WC-202505-27021773,2025-05-27,2025-05-27,,2026-01-15,CUST-L3-021773,SKU-MASS-091,TXN-202505-27021773,defect,,fahmai_cs,pending
WC-202505-28015273,2025-05-28,2025-05-28,,2026-01-15,CUST-L3-015273,SKU-MASS-083,TXN-202505-28015273,defect,,fahmai_cs,pending
WC-202505-29006987,2025-05-29,2025-05-29,,2026-01-15,CUST-L3-006987,SKU-MASS-033,TXN-202505-29006987,defect,,fahmai_cs,pending
WC-202505-29009373,2025-05-29,2025-05-29,,2026-01-15,CUST-L3-009373,SKU-MASS-109,TXN-202505-29009373,defect,,fahmai_cs,pending
WC-202505-29013591,2025-05-29,2025-05-29,,2026-01-15,CUST-L3-013591,SKU-MASS-052,TXN-202505-29013591,defect,,fahmai_cs,pending
WC-202505-29021097,2025-05-29,2025-05-29,,2026-01-15,CUST-L3-021097,SKU-MASS-063,TXN-202505-29021097,defect,,fahmai_cs,pending
WC-202505-29025749,2025-05-29,2025-05-29,,2026-01-15,CUST-L3-025749,SKU-MASS-051,TXN-202505-29025749,defect,,fahmai_cs,pending
WC-202505-29025824,2025-05-29,2025-05-29,,2026-01-15,CUST-L3-025824,SKU-MASS-029,TXN-202505-29025824,defect,,fahmai_cs,pending
WC-202505-29026780,2025-05-29,2025-05-29,,2026-01-15,CUST-L3-026780,SKU-MASS-017,TXN-202505-29026780,defect,,fahmai_cs,pending
WC-202505-30007524,2025-05-30,2025-05-30,,2026-01-15,CUST-L3-007524,SKU-MASS-043,TXN-202505-30007524,defect,,fahmai_cs,pending
WC-202505-30008093,2025-05-30,2025-05-30,,2026-01-15,CUST-L3-008093,SKU-MASS-043,TXN-202505-30008093,defect,,fahmai_cs,pending
WC-202505-30008465,2025-05-30,2025-05-30,,2026-01-15,CUST-L3-008465,DN-LT-010,TXN-202505-30008465,defect,,fahmai_cs,pending
WC-202505-30009049,2025-05-30,2025-05-30,,2026-01-15,CUST-L3-009049,SKU-MASS-042,TXN-202505-30009049,defect,,fahmai_cs,pending
WC-202505-30016430,2025-05-30,2025-05-30,,2026-01-15,CUST-L3-016430,SKU-MASS-105,TXN-202505-30016430,defect,,fahmai_cs,pending
WC-202505-30026815,2025-05-30,2025-05-30,,2026-01-15,CUST-L3-026815,SKU-MASS-031,TXN-202505-30026815,defect,,fahmai_cs,pending
WC-202505-30026913,2025-05-30,2025-05-30,,2026-01-15,CUST-L3-026913,SKU-MASS-017,TXN-202505-30026913,defect,,fahmai_cs,pending
WC-202505-31000046,2025-05-31,2025-05-31,,2026-01-15,CUST-L3-000046,SKU-MASS-078,TXN-202505-31000046,defect,,fahmai_cs,pending
WC-202505-31000396,2025-05-31,2025-05-31,,2026-01-15,CUST-L3-000396,SKU-MASS-098,TXN-202505-31000396,defect,,fahmai_cs,pending
WC-202506-01000184,2025-06-01,2025-06-01,,2026-01-15,CUST-L3-000184,SKU-MASS-007,TXN-202506-01000184,defect,,fahmai_cs,pending
WC-202506-01008776,2025-06-01,2025-06-01,,2026-01-15,CUST-L3-008776,SKU-MASS-088,TXN-202506-01008776,defect,,fahmai_cs,pending
WC-202506-01008789,2025-06-01,2025-06-01,,2026-01-15,CUST-L3-008789,SKU-MASS-074,TXN-202506-01008789,defect,,fahmai_cs,pending
WC-202506-01009543,2025-06-01,2025-06-01,,2026-01-15,CUST-L3-009543,SKU-MASS-067,TXN-202506-01009543,defect,,fahmai_cs,pending
WC-202506-01011854,2025-06-01,2025-06-01,,2026-01-15,CUST-L3-011854,SKU-MASS-036,TXN-202506-01011854,defect,,fahmai_cs,pending
WC-202506-01013502,2025-06-01,2025-06-01,,2026-01-15,CUST-L3-013502,SKU-MASS-017,TXN-202506-01013502,defect,,fahmai_cs,pending
WC-202506-01016406,2025-06-01,2025-06-01,,2026-01-15,CUST-L3-016406,SKU-MASS-029,TXN-202506-01016406,defect,,fahmai_cs,pending
WC-202506-01018955,2025-06-01,2025-06-01,,2026-01-15,CUST-L3-018955,SKU-MASS-009,TXN-202506-01018955,defect,,fahmai_cs,pending
WC-202506-01020987,2025-06-01,2025-06-01,,2026-01-15,CUST-L3-020987,SKU-MASS-064,TXN-202506-01020987,defect,,fahmai_cs,pending
WC-202506-02002440,2025-06-02,2025-06-02,,2026-01-15,CUST-L3-002440,SKU-MASS-047,TXN-202506-02002440,defect,,fahmai_cs,pending
WC-202506-02023359,2025-06-02,2025-06-02,,2026-01-15,CUST-L3-023359,SKU-MASS-102,TXN-202506-02023359,defect,,fahmai_cs,pending
WC-202506-02025769,2025-06-02,2025-06-02,,2026-01-15,CUST-L3-025769,SKU-MASS-016,TXN-202506-02025769,defect,,fahmai_cs,pending
WC-202506-03003921,2025-06-03,2025-06-03,,2026-01-15,CUST-L3-003921,SKU-MASS-081,TXN-202506-03003921,defect,,fahmai_cs,pending
WC-202506-03006371,2025-06-03,2025-06-03,,2026-01-15,CUST-L3-006371,SKU-MASS-057,TXN-202506-03006371,defect,,fahmai_cs,pending
WC-202506-03006812,2025-06-03,2025-06-03,,2026-01-15,CUST-L3-006812,SKU-MASS-024,TXN-202506-03006812,defect,,fahmai_cs,pending
WC-202506-03013367,2025-06-03,2025-06-03,,2026-01-15,CUST-L3-013367,SKU-MASS-037,TXN-202506-03013367,defect,,fahmai_cs,pending
WC-202506-03014729,2025-06-03,2025-06-03,,2026-01-15,CUST-L3-014729,SKU-MASS-019,TXN-202506-03014729,defect,,fahmai_cs,pending
WC-202506-03018223,2025-06-03,2025-06-03,,2026-01-15,CUST-L3-018223,SKU-MASS-033,TXN-202506-03018223,defect,,fahmai_cs,pending
WC-202506-03021405,2025-06-03,2025-06-03,,2026-01-15,CUST-L3-021405,SKU-MASS-044,TXN-202506-03021405,defect,,fahmai_cs,pending
WC-202506-03025555,2025-06-03,2025-06-03,,2026-01-15,CUST-L3-025555,SKU-MASS-079,TXN-202506-03025555,defect,,fahmai_cs,pending
WC-202506-03028148,2025-06-03,2025-06-03,,2026-01-15,CUST-L3-028148,SKU-MASS-018,TXN-202506-03028148,defect,,fahmai_cs,pending
WC-202506-04004191,2025-06-04,2025-06-04,,2026-01-15,CUST-L3-004191,SKU-MASS-031,TXN-202506-04004191,defect,,fahmai_cs,pending
WC-202506-04014101,2025-06-04,2025-06-04,,2026-01-15,CUST-L3-014101,SKU-MASS-051,TXN-202506-04014101,defect,,fahmai_cs,pending
WC-202506-04016607,2025-06-04,2025-06-04,,2026-01-15,CUST-L3-016607,SKU-MASS-085,TXN-202506-04016607,defect,,fahmai_cs,pending
WC-202506-04018562,2025-06-04,2025-06-04,,2026-01-15,CUST-L3-018562,SKU-MASS-105,TXN-202506-04018562,defect,,fahmai_cs,pending
WC-202506-05010525,2025-06-05,2025-06-05,,2026-01-15,CUST-L3-010525,SKU-MASS-104,TXN-202506-05010525,defect,,fahmai_cs,pending
WC-202506-05013985,2025-06-05,2025-06-05,,2026-01-15,CUST-L3-013985,SKU-MASS-103,TXN-202506-05013985,defect,,fahmai_cs,pending
WC-202506-05021008,2025-06-05,2025-06-05,,2026-01-15,CUST-L3-021008,SKU-MASS-102,TXN-202506-05021008,defect,,fahmai_cs,pending
WC-202506-06018594,2025-06-06,2025-06-06,,2026-01-15,CUST-L3-018594,SKU-MASS-102,TXN-202506-06018594,defect,,fahmai_cs,pending
WC-202506-06020114,2025-06-06,2025-06-06,,2026-01-15,CUST-L3-020114,SKU-MASS-060,TXN-202506-06020114,defect,,fahmai_cs,pending
WC-202506-06022582,2025-06-06,2025-06-06,,2026-01-15,CUST-L3-022582,SKU-MASS-108,TXN-202506-06022582,defect,,fahmai_cs,pending
WC-202506-06025708,2025-06-06,2025-06-06,,2026-01-15,CUST-L3-025708,SKU-MASS-071,TXN-202506-06025708,defect,,fahmai_cs,pending
WC-202506-06028678,2025-06-06,2025-06-06,,2026-01-15,CUST-L3-028678,SKU-STD-001,TXN-202506-06028678,defect,,fahmai_cs,pending
WC-202506-07000431,2025-06-07,2025-06-07,,2026-01-15,CUST-L3-000431,SKU-MASS-077,TXN-202506-07000431,defect,,fahmai_cs,pending
WC-202506-07019935,2025-06-07,2025-06-07,,2026-01-15,CUST-L3-019935,SKU-MASS-102,TXN-202506-07019935,defect,,fahmai_cs,pending
WC-202506-07024793,2025-06-07,2025-06-07,,2026-01-15,CUST-L3-024793,SKU-MASS-033,TXN-202506-07024793,defect,,fahmai_cs,pending
WC-202506-08004272,2025-06-08,2025-06-08,,2026-01-15,CUST-L3-004272,SKU-MASS-060,TXN-202506-08004272,defect,,fahmai_cs,pending
WC-202506-08009752,2025-06-08,2025-06-08,,2026-01-15,CUST-L3-009752,SKU-MASS-039,TXN-202506-08009752,defect,,fahmai_cs,pending
WC-202506-08010002,2025-06-08,2025-06-08,,2026-01-15,CUST-L3-010002,SKU-MASS-105,TXN-202506-08010002,defect,,fahmai_cs,pending
WC-202506-08018091,2025-06-08,2025-06-08,,2026-01-15,CUST-L3-018091,SKU-MASS-028,TXN-202506-08018091,defect,,fahmai_cs,pending
WC-202506-08018284,2025-06-08,2025-06-08,,2026-01-15,CUST-L3-018284,SKU-MASS-054,TXN-202506-08018284,defect,,fahmai_cs,pending
WC-202506-08021090,2025-06-08,2025-06-08,,2026-01-15,CUST-L3-021090,SKU-MASS-033,TXN-202506-08021090,defect,,fahmai_cs,pending
WC-202506-08029412,2025-06-08,2025-06-08,,2026-01-15,CUST-L3-029412,SKU-MASS-095,TXN-202506-08029412,defect,,fahmai_cs,pending
WC-202506-09001576,2025-06-09,2025-06-09,,2026-01-15,CUST-L3-001576,SKU-MASS-053,TXN-202506-09001576,defect,,fahmai_cs,pending
WC-202506-09028453,2025-06-09,2025-06-09,,2026-01-15,CUST-L3-028453,SKU-MASS-096,TXN-202506-09028453,defect,,fahmai_cs,pending
WC-202506-09029284,2025-06-09,2025-06-09,,2026-01-15,CUST-L3-029284,SKU-MASS-059,TXN-202506-09029284,defect,,fahmai_cs,pending
WC-202506-10006411,2025-06-10,2025-06-10,,2026-01-15,CUST-L3-006411,SKU-MASS-031,TXN-202506-10006411,defect,,fahmai_cs,pending
WC-202506-10008778,2025-06-10,2025-06-10,,2026-01-15,CUST-L3-008778,SKU-MASS-018,TXN-202506-10008778,defect,,fahmai_cs,pending
WC-202506-10012719,2025-06-10,2025-06-10,,2026-01-15,CUST-L3-012719,SKU-MASS-088,TXN-202506-10012719,defect,,fahmai_cs,pending
WC-202506-10013044,2025-06-10,2025-06-10,,2026-01-15,CUST-L3-013044,SKU-MASS-020,TXN-202506-10013044,defect,,fahmai_cs,pending
WC-202506-10016369,2025-06-10,2025-06-10,,2026-01-15,CUST-L3-016369,SKU-MASS-037,TXN-202506-10016369,defect,,fahmai_cs,pending
WC-202506-10017264,2025-06-10,2025-06-10,,2026-01-15,CUST-L3-017264,SKU-MASS-087,TXN-202506-10017264,defect,,fahmai_cs,pending
WC-202506-10019123,2025-06-10,2025-06-10,,2026-01-15,CUST-L3-019123,SKU-MASS-096,TXN-202506-10019123,defect,,fahmai_cs,pending
WC-202506-10020228,2025-06-10,2025-06-10,,2026-01-15,CUST-L3-020228,SKU-MASS-040,TXN-202506-10020228,defect,,fahmai_cs,pending
WC-202506-11002942,2025-06-11,2025-06-11,,2026-01-15,CUST-L3-002942,SKU-MASS-109,TXN-202506-11002942,defect,,fahmai_cs,pending
WC-202506-11013813,2025-06-11,2025-06-11,,2026-01-15,CUST-L3-013813,SKU-MASS-050,TXN-202506-11013813,defect,,fahmai_cs,pending
WC-202506-11026283,2025-06-11,2025-06-11,,2026-01-15,CUST-L3-026283,SKU-MASS-021,TXN-202506-11026283,defect,,fahmai_cs,pending
WC-202506-11029881,2025-06-11,2025-06-11,,2026-01-15,CUST-L3-029881,SKU-MASS-102,TXN-202506-11029881,defect,,fahmai_cs,pending
WC-202506-12000699,2025-06-12,2025-06-12,,2026-01-15,CUST-L3-000699,SKU-MASS-109,TXN-202506-12000699,defect,,fahmai_cs,pending
WC-202506-12001006,2025-06-12,2025-06-12,,2026-01-15,CUST-L3-001006,SKU-MASS-008,TXN-202506-12001006,defect,,fahmai_cs,pending
WC-202506-12004464,2025-06-12,2025-06-12,,2026-01-15,CUST-L3-004464,NT-LT-001,TXN-202506-12004464,defect,,fahmai_cs,pending
WC-202506-12011910,2025-06-12,2025-06-12,,2026-01-15,CUST-L3-011910,SKU-MASS-013,TXN-202506-12011910,defect,,fahmai_cs,pending
WC-202506-12015717,2025-06-12,2025-06-12,,2026-01-15,CUST-L3-015717,SKU-MASS-030,TXN-202506-12015717,defect,,fahmai_cs,pending
WC-202506-12024127,2025-06-12,2025-06-12,,2026-01-15,CUST-L3-024127,SKU-MASS-051,TXN-202506-12024127,defect,,fahmai_cs,pending
WC-202506-12028421,2025-06-12,2025-06-12,,2026-01-15,CUST-L3-028421,SKU-MASS-008,TXN-202506-12028421,defect,,fahmai_cs,pending
WC-202506-12029252,2025-06-12,2025-06-12,,2026-01-15,CUST-L3-029252,SKU-MASS-078,TXN-202506-12029252,defect,,fahmai_cs,pending
WC-202506-13004882,2025-06-13,2025-06-13,,2026-01-15,CUST-L3-004882,SKU-MASS-099,TXN-202506-13004882,defect,,fahmai_cs,pending
WC-202506-13005456,2025-06-13,2025-06-13,,2026-01-15,CUST-L3-005456,SKU-MASS-031,TXN-202506-13005456,defect,,fahmai_cs,pending
WC-202506-13016191,2025-06-13,2025-06-13,,2026-01-15,CUST-L3-016191,SKU-MASS-038,TXN-202506-13016191,defect,,fahmai_cs,pending
WC-202506-13018121,2025-06-13,2025-06-13,,2026-01-15,CUST-L3-018121,SKU-MASS-035,TXN-202506-13018121,defect,,fahmai_cs,pending
WC-202506-13018495,2025-06-13,2025-06-13,,2026-01-15,CUST-L3-018495,SKU-MASS-041,TXN-202506-13018495,defect,,fahmai_cs,pending
WC-202506-13021906,2025-06-13,2025-06-13,,2026-01-15,CUST-L3-021906,SKU-MASS-017,TXN-202506-13021906,defect,,fahmai_cs,pending
WC-202506-13026051,2025-06-13,2025-06-13,,2026-01-15,CUST-L3-026051,SKU-MASS-018,TXN-202506-13026051,defect,,fahmai_cs,pending
WC-202506-13028788,2025-06-13,2025-06-13,,2026-01-15,CUST-L3-028788,SKU-MASS-055,TXN-202506-13028788,defect,,fahmai_cs,pending
WC-202506-14003195,2025-06-14,2025-06-14,,2026-01-15,CUST-L3-003195,SKU-MASS-069,TXN-202506-14003195,defect,,fahmai_cs,pending
WC-202506-14013416,2025-06-14,2025-06-14,,2026-01-15,CUST-L3-013416,SKU-MASS-024,TXN-202506-14013416,defect,,fahmai_cs,pending
WC-202506-14017766,2025-06-14,2025-06-14,,2026-01-15,CUST-L3-017766,SKU-MASS-055,TXN-202506-14017766,defect,,fahmai_cs,pending
WC-202506-14018551,2025-06-14,2025-06-14,,2026-01-15,CUST-L3-018551,SKU-MASS-020,TXN-202506-14018551,defect,,fahmai_cs,pending
WC-202506-15001513,2025-06-15,2025-06-15,,2026-01-15,CUST-L3-001513,SKU-MASS-033,TXN-202506-15001513,defect,,fahmai_cs,pending
WC-202506-15005231,2025-06-15,2025-06-15,,2026-01-15,CUST-L3-005231,SKU-MASS-072,TXN-202506-15005231,defect,,fahmai_cs,pending
WC-202506-15007664,2025-06-15,2025-06-15,,2026-01-15,CUST-L3-007664,SKU-MASS-014,TXN-202506-15007664,defect,,fahmai_cs,pending
WC-202506-15008366,2025-06-15,2025-06-15,,2026-01-15,CUST-L3-008366,SKU-MASS-041,TXN-202506-15008366,defect,,fahmai_cs,pending
WC-202506-15009412,2025-06-15,2025-06-15,,2026-01-15,CUST-L3-009412,SKU-MASS-031,TXN-202506-15009412,defect,,fahmai_cs,pending
WC-202506-15016096,2025-06-15,2025-06-15,,2026-01-15,CUST-L3-016096,SKU-MASS-063,TXN-202506-15016096,defect,,fahmai_cs,pending
WC-202506-15019705,2025-06-15,2025-06-15,,2026-01-15,CUST-L3-019705,SKU-MASS-030,TXN-202506-15019705,defect,,fahmai_cs,pending
WC-202506-15021275,2025-06-15,2025-06-15,,2026-01-15,CUST-L3-021275,SKU-MASS-017,TXN-202506-15021275,defect,,fahmai_cs,pending
WC-202506-15029755,2025-06-15,2025-06-15,,2026-01-15,CUST-L3-029755,SKU-MASS-054,TXN-202506-15029755,defect,,fahmai_cs,pending
WC-202506-16006032,2025-06-16,2025-06-16,,2026-01-15,CUST-L3-006032,SKU-MASS-059,TXN-202506-16006032,defect,,fahmai_cs,pending
WC-202506-16015916,2025-06-16,2025-06-16,,2026-01-15,CUST-L3-015916,SKU-MASS-025,TXN-202506-16015916,defect,,fahmai_cs,pending
WC-202506-16022992,2025-06-16,2025-06-16,,2026-01-15,CUST-L3-022992,SKU-MASS-110,TXN-202506-16022992,defect,,fahmai_cs,pending
WC-202506-16023933,2025-06-16,2025-06-16,,2026-01-15,CUST-L3-023933,SKU-MASS-043,TXN-202506-16023933,defect,,fahmai_cs,pending
WC-202506-17000609,2025-06-17,2025-06-17,,2026-01-15,CUST-L3-000609,SKU-MASS-048,TXN-202506-17000609,defect,,fahmai_cs,pending
WC-202506-17007203,2025-06-17,2025-06-17,,2026-01-15,CUST-L3-007203,SKU-MASS-095,TXN-202506-17007203,defect,,fahmai_cs,pending
WC-202506-17017490,2025-06-17,2025-06-17,,2026-01-15,CUST-L3-017490,SKU-MASS-100,TXN-202506-17017490,defect,,fahmai_cs,pending
WC-202506-17026687,2025-06-17,2025-06-17,,2026-01-15,CUST-L3-026687,SKU-MASS-086,TXN-202506-17026687,defect,,fahmai_cs,pending
WC-202506-17029250,2025-06-17,2025-06-17,,2026-01-15,CUST-L3-029250,SKU-MASS-017,TXN-202506-17029250,defect,,fahmai_cs,pending
WC-202506-18001536,2025-06-18,2025-06-18,,2026-01-15,CUST-L3-001536,SKU-MASS-036,TXN-202506-18001536,defect,,fahmai_cs,pending
WC-202506-18001971,2025-06-18,2025-06-18,,2026-01-15,CUST-L3-001971,SKU-MASS-044,TXN-202506-18001971,defect,,fahmai_cs,pending
WC-202506-18002802,2025-06-18,2025-06-18,,2026-01-15,CUST-L3-002802,SKU-MASS-104,TXN-202506-18002802,defect,,fahmai_cs,pending
WC-202506-18006850,2025-06-18,2025-06-18,,2026-01-15,CUST-L3-006850,SKU-MASS-034,TXN-202506-18006850,defect,,fahmai_cs,pending
WC-202506-18007593,2025-06-18,2025-06-18,,2026-01-15,CUST-L3-007593,SKU-MASS-104,TXN-202506-18007593,defect,,fahmai_cs,pending
WC-202506-18008375,2025-06-18,2025-06-18,,2026-01-15,CUST-L3-008375,SKU-STD-001,TXN-202506-18008375,defect,,fahmai_cs,pending
WC-202506-18011517,2025-06-18,2025-06-18,,2026-01-15,CUST-L3-011517,SKU-MASS-039,TXN-202506-18011517,defect,,fahmai_cs,pending
WC-202506-18013002,2025-06-18,2025-06-18,,2026-01-15,CUST-L3-013002,SKU-MASS-059,TXN-202506-18013002,defect,,fahmai_cs,pending
WC-202506-18013454,2025-06-18,2025-06-18,,2026-01-15,CUST-L3-013454,SKU-MASS-084,TXN-202506-18013454,defect,,fahmai_cs,pending
WC-202506-18020003,2025-06-18,2025-06-18,,2026-01-15,CUST-L3-020003,SKU-MASS-064,TXN-202506-18020003,defect,,fahmai_cs,pending
WC-202506-18028413,2025-06-18,2025-06-18,,2026-01-15,CUST-L3-028413,SKU-MASS-028,TXN-202506-18028413,defect,,fahmai_cs,pending
WC-202506-19002271,2025-06-19,2025-06-19,,2026-01-15,CUST-L3-002271,SKU-MASS-057,TXN-202506-19002271,defect,,fahmai_cs,pending
WC-202506-19014184,2025-06-19,2025-06-19,,2026-01-15,CUST-L3-014184,SKU-MASS-067,TXN-202506-19014184,defect,,fahmai_cs,pending
WC-202506-19020813,2025-06-19,2025-06-19,,2026-01-15,CUST-L3-020813,SKU-MASS-054,TXN-202506-19020813,defect,,fahmai_cs,pending
WC-202506-19021270,2025-06-19,2025-06-19,,2026-01-15,CUST-L3-021270,SKU-MASS-084,TXN-202506-19021270,defect,,fahmai_cs,pending
WC-202506-19022075,2025-06-19,2025-06-19,,2026-01-15,CUST-L3-022075,SKU-MASS-017,TXN-202506-19022075,defect,,fahmai_cs,pending
WC-202506-20002399,2025-06-20,2025-06-20,,2026-01-15,CUST-L3-002399,SKU-MASS-046,TXN-202506-20002399,defect,,fahmai_cs,pending
WC-202506-20009427,2025-06-20,2025-06-20,,2026-01-15,CUST-L3-009427,SKU-MASS-025,TXN-202506-20009427,defect,,fahmai_cs,pending
WC-202506-20013134,2025-06-20,2025-06-20,,2026-01-15,CUST-L3-013134,SKU-MASS-036,TXN-202506-20013134,defect,,fahmai_cs,pending
WC-202506-20025810,2025-06-20,2025-06-20,,2026-01-15,CUST-L3-025810,SKU-STD-001,TXN-202506-20025810,defect,,fahmai_cs,pending
WC-202506-20026438,2025-06-20,2025-06-20,,2026-01-15,CUST-L3-026438,SKU-MASS-099,TXN-202506-20026438,defect,,fahmai_cs,pending
WC-202506-20027757,2025-06-20,2025-06-20,,2026-01-15,CUST-L3-027757,SKU-MASS-031,TXN-202506-20027757,defect,,fahmai_cs,pending
WC-202506-21000504,2025-06-21,2025-06-21,,2026-01-15,CUST-L3-000504,SKU-MASS-018,TXN-202506-21000504,defect,,fahmai_cs,pending
WC-202506-21003745,2025-06-21,2025-06-21,,2026-01-15,CUST-L3-003745,SKU-MASS-065,TXN-202506-21003745,defect,,fahmai_cs,pending
WC-202506-21007587,2025-06-21,2025-06-21,,2026-01-15,CUST-L3-007587,SKU-STD-001,TXN-202506-21007587,defect,,fahmai_cs,pending
WC-202506-21012013,2025-06-21,2025-06-21,,2026-01-15,CUST-L3-012013,SKU-MASS-091,TXN-202506-21012013,defect,,fahmai_cs,pending
WC-202506-21015954,2025-06-21,2025-06-21,,2026-01-15,CUST-L3-015954,SKU-MASS-030,TXN-202506-21015954,defect,,fahmai_cs,pending
WC-202506-21017179,2025-06-21,2025-06-21,,2026-01-15,CUST-L3-017179,SKU-MASS-065,TXN-202506-21017179,defect,,fahmai_cs,pending
WC-202506-21018421,2025-06-21,2025-06-21,,2026-01-15,CUST-L3-018421,SKU-MASS-105,TXN-202506-21018421,defect,,fahmai_cs,pending
WC-202506-21020873,2025-06-21,2025-06-21,,2026-01-15,CUST-L3-020873,SKU-MASS-058,TXN-202506-21020873,defect,,fahmai_cs,pending
WC-202506-21029598,2025-06-21,2025-06-21,,2026-01-15,CUST-L3-029598,SKU-MASS-073,TXN-202506-21029598,defect,,fahmai_cs,pending
WC-202506-22003458,2025-06-22,2025-06-22,,2026-01-15,CUST-L3-003458,SKU-MASS-073,TXN-202506-22003458,defect,,fahmai_cs,pending
WC-202506-22016933,2025-06-22,2025-06-22,,2026-01-15,CUST-L3-016933,SKU-MASS-030,TXN-202506-22016933,defect,,fahmai_cs,pending
WC-202506-22024238,2025-06-22,2025-06-22,,2026-01-15,CUST-L3-024238,SKU-MASS-043,TXN-202506-22024238,defect,,fahmai_cs,pending
WC-202506-23000118,2025-06-23,2025-06-23,,2026-01-15,CUST-L3-000118,SKU-MASS-028,TXN-202506-23000118,defect,,fahmai_cs,pending
WC-202506-23009261,2025-06-23,2025-06-23,,2026-01-15,CUST-L3-009261,SKU-MASS-024,TXN-202506-23009261,defect,,fahmai_cs,pending
WC-202506-23016772,2025-06-23,2025-06-23,,2026-01-15,CUST-L3-016772,SKU-MASS-074,TXN-202506-23016772,defect,,fahmai_cs,pending
WC-202506-23027140,2025-06-23,2025-06-23,,2026-01-15,CUST-L3-027140,SKU-MASS-074,TXN-202506-23027140,defect,,fahmai_cs,pending
WC-202506-24015965,2025-06-24,2025-06-24,,2026-01-15,CUST-L3-015965,SKU-MASS-064,TXN-202506-24015965,defect,,fahmai_cs,pending
WC-202506-24020352,2025-06-24,2025-06-24,,2026-01-15,CUST-L3-020352,SKU-MASS-089,TXN-202506-24020352,defect,,fahmai_cs,pending
WC-202506-24027828,2025-06-24,2025-06-24,,2026-01-15,CUST-L3-027828,SKU-MASS-101,TXN-202506-24027828,defect,,fahmai_cs,pending
WC-202506-25002559,2025-06-25,2025-06-25,,2026-01-15,CUST-L3-002559,SKU-MASS-007,TXN-202506-25002559,defect,,fahmai_cs,pending
WC-202506-25006786,2025-06-25,2025-06-25,,2026-01-15,CUST-L3-006786,SKU-MASS-074,TXN-202506-25006786,defect,,fahmai_cs,pending
WC-202506-25013491,2025-06-25,2025-06-25,,2026-01-15,CUST-L3-013491,SKU-MASS-039,TXN-202506-25013491,defect,,fahmai_cs,pending
WC-202506-25018639,2025-06-25,2025-06-25,,2026-01-15,CUST-L3-018639,SKU-MASS-030,TXN-202506-25018639,defect,,fahmai_cs,pending
WC-202506-25023582,2025-06-25,2025-06-25,,2026-01-15,CUST-L3-023582,SKU-MASS-016,TXN-202506-25023582,defect,,fahmai_cs,pending
WC-202506-26006047,2025-06-26,2025-06-26,,2026-01-15,CUST-L3-006047,SKU-MASS-106,TXN-202506-26006047,defect,,fahmai_cs,pending
WC-202506-26009724,2025-06-26,2025-06-26,,2026-01-15,CUST-L3-009724,SKU-MASS-080,TXN-202506-26009724,defect,,fahmai_cs,pending
WC-202506-26012593,2025-06-26,2025-06-26,,2026-01-15,CUST-L3-012593,SKU-MASS-079,TXN-202506-26012593,defect,,fahmai_cs,pending
WC-202506-26027997,2025-06-26,2025-06-26,,2026-01-15,CUST-L3-027997,SKU-MASS-096,TXN-202506-26027997,defect,,fahmai_cs,pending
WC-202506-26029478,2025-06-26,2025-06-26,,2026-01-15,CUST-L3-029478,SKU-MASS-045,TXN-202506-26029478,defect,,fahmai_cs,pending
WC-202506-27007388,2025-06-27,2025-06-27,,2026-01-15,CUST-L3-007388,SKU-MASS-102,TXN-202506-27007388,defect,,fahmai_cs,pending
WC-202506-27008282,2025-06-27,2025-06-27,,2026-01-15,CUST-L3-008282,SKU-MASS-085,TXN-202506-27008282,defect,,fahmai_cs,pending
WC-202506-27011521,2025-06-27,2025-06-27,,2026-01-15,CUST-L3-011521,SKU-MASS-102,TXN-202506-27011521,defect,,fahmai_cs,pending
WC-202506-27024921,2025-06-27,2025-06-27,,2026-01-15,CUST-L3-024921,SKU-MASS-054,TXN-202506-27024921,defect,,fahmai_cs,pending
WC-202506-27029775,2025-06-27,2025-06-27,,2026-01-15,CUST-L3-029775,SKU-MASS-067,TXN-202506-27029775,defect,,fahmai_cs,pending
WC-202506-28000530,2025-06-28,2025-06-28,,2026-01-15,CUST-L3-000530,SKU-MASS-078,TXN-202506-28000530,defect,,fahmai_cs,pending
WC-202506-28006650,2025-06-28,2025-06-28,,2026-01-15,CUST-L3-006650,SKU-MASS-073,TXN-202506-28006650,defect,,fahmai_cs,pending
WC-202506-28010597,2025-06-28,2025-06-28,,2026-01-15,CUST-L3-010597,SKU-MASS-099,TXN-202506-28010597,defect,,fahmai_cs,pending
WC-202506-28019388,2025-06-28,2025-06-28,,2026-01-15,CUST-L3-019388,SKU-MASS-086,TXN-202506-28019388,defect,,fahmai_cs,pending
WC-202506-28021891,2025-06-28,2025-06-28,,2026-01-15,CUST-L3-021891,SKU-MASS-090,TXN-202506-28021891,defect,,fahmai_cs,pending
WC-202506-29008754,2025-06-29,2025-06-29,,2026-01-15,CUST-L3-008754,SKU-MASS-092,TXN-202506-29008754,defect,,fahmai_cs,pending
WC-202506-29024869,2025-06-29,2025-06-29,,2026-01-15,CUST-L3-024869,SKU-MASS-077,TXN-202506-29024869,defect,,fahmai_cs,pending
WC-202506-29027921,2025-06-29,2025-06-29,,2026-01-15,CUST-L3-027921,SKU-MASS-011,TXN-202506-29027921,defect,,fahmai_cs,pending
WC-202506-30003809,2025-06-30,2025-06-30,,2026-01-15,CUST-L3-003809,SKU-MASS-025,TXN-202506-30003809,defect,,fahmai_cs,pending
WC-202506-30005222,2025-06-30,2025-06-30,,2026-01-15,CUST-L3-005222,SKU-MASS-081,TXN-202506-30005222,defect,,fahmai_cs,pending
WC-202506-30007017,2025-06-30,2025-06-30,,2026-01-15,CUST-L3-007017,SKU-MASS-048,TXN-202506-30007017,defect,,fahmai_cs,pending
WC-202506-30007046,2025-06-30,2025-06-30,,2026-01-15,CUST-L3-007046,SKU-MASS-051,TXN-202506-30007046,defect,,fahmai_cs,pending
WC-202506-30007534,2025-06-30,2025-06-30,,2026-01-15,CUST-L3-007534,SKU-MASS-037,TXN-202506-30007534,defect,,fahmai_cs,pending
WC-202506-30018974,2025-06-30,2025-06-30,,2026-01-15,CUST-L3-018974,SKU-MASS-106,TXN-202506-30018974,defect,,fahmai_cs,pending
WC-202506-30024307,2025-06-30,2025-06-30,,2026-01-15,CUST-L3-024307,SKU-MASS-080,TXN-202506-30024307,defect,,fahmai_cs,pending
WC-202506-30026834,2025-06-30,2025-06-30,,2026-01-15,CUST-L3-026834,SKU-MASS-058,TXN-202506-30026834,defect,,fahmai_cs,pending
WC-202506-30027448,2025-06-30,2025-06-30,,2026-01-15,CUST-L3-027448,SKU-MASS-076,TXN-202506-30027448,defect,,fahmai_cs,pending
WC-202506-30029441,2025-06-30,2025-06-30,,2026-01-15,CUST-L3-029441,SKU-MASS-087,TXN-202506-30029441,defect,,fahmai_cs,pending
WC-202507-01007735,2025-07-01,2025-07-01,,2026-01-15,CUST-L3-007735,SKU-MASS-085,TXN-202507-01007735,defect,,fahmai_cs,pending
WC-202507-01010428,2025-07-01,2025-07-01,,2026-01-15,CUST-L3-010428,SKU-MASS-047,TXN-202507-01010428,defect,,fahmai_cs,pending
WC-202507-01023363,2025-07-01,2025-07-01,,2026-01-15,CUST-L3-023363,SKU-MASS-039,TXN-202507-01023363,defect,,fahmai_cs,pending
WC-202507-02004860,2025-07-02,2025-07-02,,2026-01-15,CUST-L3-004860,SKU-MASS-076,TXN-202507-02004860,defect,,fahmai_cs,pending
WC-202507-02006714,2025-07-02,2025-07-02,,2026-01-15,CUST-L3-006714,SKU-MASS-082,TXN-202507-02006714,defect,,fahmai_cs,pending
WC-202507-02028305,2025-07-02,2025-07-02,,2026-01-15,CUST-L3-028305,SKU-MASS-101,TXN-202507-02028305,defect,,fahmai_cs,pending
WC-202507-03004664,2025-07-03,2025-07-03,,2026-01-15,CUST-L3-004664,SKU-MASS-091,TXN-202507-03004664,defect,,fahmai_cs,pending
WC-202507-03006848,2025-07-03,2025-07-03,,2026-01-15,CUST-L3-006848,SKU-MASS-105,TXN-202507-03006848,defect,,fahmai_cs,pending
WC-202507-03016132,2025-07-03,2025-07-03,,2026-01-15,CUST-L3-016132,SKU-MASS-066,TXN-202507-03016132,defect,,fahmai_cs,pending
WC-202507-03018641,2025-07-03,2025-07-03,,2026-01-15,CUST-L3-018641,SKU-MASS-107,TXN-202507-03018641,defect,,fahmai_cs,pending
WC-202507-03019102,2025-07-03,2025-07-03,,2026-01-15,CUST-L3-019102,SKU-MASS-089,TXN-202507-03019102,defect,,fahmai_cs,pending
WC-202507-03020582,2025-07-03,2025-07-03,,2026-01-15,CUST-L3-020582,SKU-MASS-024,TXN-202507-03020582,defect,,fahmai_cs,pending
WC-202507-03021368,2025-07-03,2025-07-03,,2026-01-15,CUST-L3-021368,SKU-MASS-021,TXN-202507-03021368,defect,,fahmai_cs,pending
WC-202507-03024898,2025-07-03,2025-07-03,,2026-01-15,CUST-L3-024898,SKU-MASS-010,TXN-202507-03024898,defect,,fahmai_cs,pending
WC-202507-03025107,2025-07-03,2025-07-03,,2026-01-15,CUST-L3-025107,SKU-MASS-014,TXN-202507-03025107,defect,,fahmai_cs,pending
WC-202507-03026156,2025-07-03,2025-07-03,,2026-01-15,CUST-L3-026156,SKU-MASS-009,TXN-202507-03026156,defect,,fahmai_cs,pending
WC-202507-04006299,2025-07-04,2025-07-04,,2026-01-15,CUST-L3-006299,SKU-MASS-028,TXN-202507-04006299,defect,,fahmai_cs,pending
WC-202507-04013008,2025-07-04,2025-07-04,,2026-01-15,CUST-L3-013008,SKU-MASS-040,TXN-202507-04013008,defect,,fahmai_cs,pending
WC-202507-04017207,2025-07-04,2025-07-04,,2026-01-15,CUST-L3-017207,SKU-MASS-084,TXN-202507-04017207,defect,,fahmai_cs,pending
WC-202507-04023404,2025-07-04,2025-07-04,,2026-01-15,CUST-L3-023404,SKU-MASS-096,TXN-202507-04023404,defect,,fahmai_cs,pending
WC-202507-05012446,2025-07-05,2025-07-05,,2026-01-15,CUST-L3-012446,SKU-MASS-068,TXN-202507-05012446,defect,,fahmai_cs,pending
WC-202507-05012855,2025-07-05,2025-07-05,,2026-01-15,CUST-L3-012855,SKU-MASS-077,TXN-202507-05012855,defect,,fahmai_cs,pending
WC-202507-05020261,2025-07-05,2025-07-05,,2026-01-15,CUST-L3-020261,SKU-MASS-080,TXN-202507-05020261,defect,,fahmai_cs,pending
WC-202507-05023326,2025-07-05,2025-07-05,,2026-01-15,CUST-L3-023326,SKU-MASS-069,TXN-202507-05023326,defect,,fahmai_cs,pending
WC-202507-06001668,2025-07-06,2025-07-06,,2026-01-15,CUST-L3-001668,SKU-MASS-094,TXN-202507-06001668,defect,,fahmai_cs,pending
WC-202507-06006059,2025-07-06,2025-07-06,,2026-01-15,CUST-L3-006059,SKU-MASS-018,TXN-202507-06006059,defect,,fahmai_cs,pending
WC-202507-06007961,2025-07-06,2025-07-06,,2026-01-15,CUST-L3-007961,SKU-MASS-097,TXN-202507-06007961,defect,,fahmai_cs,pending
WC-202507-06008970,2025-07-06,2025-07-06,,2026-01-15,CUST-L3-008970,SKU-MASS-054,TXN-202507-06008970,defect,,fahmai_cs,pending
WC-202507-06012778,2025-07-06,2025-07-06,,2026-01-15,CUST-L3-012778,SKU-MASS-108,TXN-202507-06012778,defect,,fahmai_cs,pending
WC-202507-06023138,2025-07-06,2025-07-06,,2026-01-15,CUST-L3-023138,SKU-MASS-074,TXN-202507-06023138,defect,,fahmai_cs,pending
WC-202507-06024214,2025-07-06,2025-07-06,,2026-01-15,CUST-L3-024214,SKU-MASS-055,TXN-202507-06024214,defect,,fahmai_cs,pending
WC-202507-06024795,2025-07-06,2025-07-06,,2026-01-15,CUST-L3-024795,SKU-MASS-077,TXN-202507-06024795,defect,,fahmai_cs,pending
WC-202507-07011543,2025-07-07,2025-07-07,,2026-01-15,CUST-L3-011543,SKU-MASS-082,TXN-202507-07011543,defect,,fahmai_cs,pending
WC-202507-07014241,2025-07-07,2025-07-07,,2026-01-15,CUST-L3-014241,SKU-STD-001,TXN-202507-07014241,defect,,fahmai_cs,pending
WC-202507-07028755,2025-07-07,2025-07-07,,2026-01-15,CUST-L3-028755,SKU-MASS-015,TXN-202507-07028755,defect,,fahmai_cs,pending
WC-202507-08007033,2025-07-08,2025-07-08,,2026-01-15,CUST-L3-007033,SKU-MASS-104,TXN-202507-08007033,defect,,fahmai_cs,pending
WC-202507-08013842,2025-07-08,2025-07-08,,2026-01-15,CUST-L3-013842,SKU-MASS-067,TXN-202507-08013842,defect,,fahmai_cs,pending
WC-202507-08017563,2025-07-08,2025-07-08,,2026-01-15,CUST-L3-017563,SKU-MASS-043,TXN-202507-08017563,defect,,fahmai_cs,pending
WC-202507-08021215,2025-07-08,2025-07-08,,2026-01-15,CUST-L3-021215,SKU-MASS-072,TXN-202507-08021215,defect,,fahmai_cs,pending
WC-202507-08026773,2025-07-08,2025-07-08,,2026-01-15,CUST-L3-026773,SKU-MASS-044,TXN-202507-08026773,defect,,fahmai_cs,pending
WCL-CL-E9_PRE-20098426,2025-07-08,2025-07-08,,2026-01-15,CUST-L3-000048,NT-LT-001,,battery swelling concern — NT-LT-001 (pre-recall signal),,novatech_service,pending
WC-202507-09000416,2025-07-09,2025-07-09,,2026-01-15,CUST-L3-000416,SKU-MASS-048,TXN-202507-09000416,defect,,fahmai_cs,pending
WC-202507-09003117,2025-07-09,2025-07-09,,2026-01-15,CUST-L3-003117,SKU-MASS-045,TXN-202507-09003117,defect,,fahmai_cs,pending
WC-202507-09004819,2025-07-09,2025-07-09,,2026-01-15,CUST-L3-004819,SKU-MASS-079,TXN-202507-09004819,defect,,fahmai_cs,pending
WC-202507-09006474,2025-07-09,2025-07-09,,2026-01-15,CUST-L3-006474,SKU-MASS-073,TXN-202507-09006474,defect,,fahmai_cs,pending
WC-202507-09007508,2025-07-09,2025-07-09,,2026-01-15,CUST-L3-007508,SKU-MASS-075,TXN-202507-09007508,defect,,fahmai_cs,pending
WC-202507-09007535,2025-07-09,2025-07-09,,2026-01-15,CUST-L3-007535,SKU-MASS-046,TXN-202507-09007535,defect,,fahmai_cs,pending
WC-202507-09012427,2025-07-09,2025-07-09,,2026-01-15,CUST-L3-012427,SKU-MASS-010,TXN-202507-09012427,defect,,fahmai_cs,pending
WC-202507-09027974,2025-07-09,2025-07-09,,2026-01-15,CUST-L3-027974,SKU-MASS-011,TXN-202507-09027974,defect,,fahmai_cs,pending
WC-202507-09028903,2025-07-09,2025-07-09,,2026-01-15,CUST-L3-028903,SKU-MASS-071,TXN-202507-09028903,defect,,fahmai_cs,pending
WC-202507-09029056,2025-07-09,2025-07-09,,2026-01-15,CUST-L3-029056,SKU-MASS-065,TXN-202507-09029056,defect,,fahmai_cs,pending
WC-202507-10007126,2025-07-10,2025-07-10,,2026-01-15,CUST-L3-007126,SKU-MASS-061,TXN-202507-10007126,defect,,fahmai_cs,pending
WC-202507-10008398,2025-07-10,2025-07-10,,2026-01-15,CUST-L3-008398,SKU-MASS-022,TXN-202507-10008398,defect,,fahmai_cs,pending
WC-202507-10008427,2025-07-10,2025-07-10,,2026-01-15,CUST-L3-008427,SKU-MASS-052,TXN-202507-10008427,defect,,fahmai_cs,pending
WC-202507-10011607,2025-07-10,2025-07-10,,2026-01-15,CUST-L3-011607,SKU-MASS-009,TXN-202507-10011607,defect,,fahmai_cs,pending
WC-202507-10016195,2025-07-10,2025-07-10,,2026-01-15,CUST-L3-016195,SKU-MASS-020,TXN-202507-10016195,defect,,fahmai_cs,pending
WC-202507-10024543,2025-07-10,2025-07-10,,2026-01-15,CUST-L3-024543,SKU-MASS-055,TXN-202507-10024543,defect,,fahmai_cs,pending
WC-202507-10025786,2025-07-10,2025-07-10,,2026-01-15,CUST-L3-025786,SKU-MASS-088,TXN-202507-10025786,defect,,fahmai_cs,pending
WC-202507-11001209,2025-07-11,2025-07-11,,2026-01-15,CUST-L3-001209,SKU-MASS-008,TXN-202507-11001209,defect,,fahmai_cs,pending
WC-202507-11002823,2025-07-11,2025-07-11,,2026-01-15,CUST-L3-002823,SKU-MASS-008,TXN-202507-11002823,defect,,fahmai_cs,pending
WC-202507-11004226,2025-07-11,2025-07-11,,2026-01-15,CUST-L3-004226,SKU-MASS-029,TXN-202507-11004226,defect,,fahmai_cs,pending
WC-202507-11006099,2025-07-11,2025-07-11,,2026-01-15,CUST-L3-006099,SKU-MASS-010,TXN-202507-11006099,defect,,fahmai_cs,pending
WC-202507-11014873,2025-07-11,2025-07-11,,2026-01-15,CUST-L3-014873,SKU-MASS-009,TXN-202507-11014873,defect,,fahmai_cs,pending
WC-202507-11022092,2025-07-11,2025-07-11,,2026-01-15,CUST-L3-022092,SKU-MASS-108,TXN-202507-11022092,defect,,fahmai_cs,pending
WC-202507-11025240,2025-07-11,2025-07-11,,2026-01-15,CUST-L3-025240,SKU-MASS-013,TXN-202507-11025240,defect,,fahmai_cs,pending
WCL-CL-E9_PRE-186711011,2025-07-11,2025-07-11,,2026-01-15,CUST-L3-000184,NT-LT-001,,battery swelling concern — NT-LT-001 (pre-recall signal),,novatech_service,pending
WC-202507-12002489,2025-07-12,2025-07-12,,2026-01-15,CUST-L3-002489,SKU-MASS-089,TXN-202507-12002489,defect,,fahmai_cs,pending
WC-202507-12015030,2025-07-12,2025-07-12,,2026-01-15,CUST-L3-015030,SKU-MASS-091,TXN-202507-12015030,defect,,fahmai_cs,pending
WC-202507-12022062,2025-07-12,2025-07-12,,2026-01-15,CUST-L3-022062,SKU-MASS-100,TXN-202507-12022062,defect,,fahmai_cs,pending
WC-202507-12024362,2025-07-12,2025-07-12,,2026-01-15,CUST-L3-024362,SKU-MASS-012,TXN-202507-12024362,defect,,fahmai_cs,pending
WC-202507-12024534,2025-07-12,2025-07-12,,2026-01-15,CUST-L3-024534,SKU-MASS-033,TXN-202507-12024534,defect,,fahmai_cs,pending
WC-202507-12025517,2025-07-12,2025-07-12,,2026-01-15,CUST-L3-025517,SKU-MASS-007,TXN-202507-12025517,defect,,fahmai_cs,pending
WC-202507-13003089,2025-07-13,2025-07-13,,2026-01-15,CUST-L3-003089,SKU-MASS-046,TXN-202507-13003089,defect,,fahmai_cs,pending
WC-202507-13012383,2025-07-13,2025-07-13,,2026-01-15,CUST-L3-012383,SKU-MASS-051,TXN-202507-13012383,defect,,fahmai_cs,pending
WC-202507-13013785,2025-07-13,2025-07-13,,2026-01-15,CUST-L3-013785,SKU-MASS-023,TXN-202507-13013785,defect,,fahmai_cs,pending
WC-202507-13018469,2025-07-13,2025-07-13,,2026-01-15,CUST-L3-018469,SKU-MASS-023,TXN-202507-13018469,defect,,fahmai_cs,pending
WC-202507-13027728,2025-07-13,2025-07-13,,2026-01-15,CUST-L3-027728,SKU-MASS-058,TXN-202507-13027728,defect,,fahmai_cs,pending
WCL-CL-E9_PRE-84921525,2025-07-13,2025-07-13,,2026-01-15,CUST-L3-000150,NT-LT-001,,battery swelling concern — NT-LT-001 (pre-recall signal),,novatech_service,pending
WC-202507-14000087,2025-07-14,2025-07-14,,2026-01-15,CUST-L3-000087,SKU-MASS-089,TXN-202507-14000087,defect,,fahmai_cs,pending
WC-202507-14006348,2025-07-14,2025-07-14,,2026-01-15,CUST-L3-006348,SKU-MASS-077,TXN-202507-14006348,defect,,fahmai_cs,pending
WC-202507-14006999,2025-07-14,2025-07-14,,2026-01-15,CUST-L3-006999,SKU-MASS-102,TXN-202507-14006999,defect,,fahmai_cs,pending
WC-202507-14012348,2025-07-14,2025-07-14,,2026-01-15,CUST-L3-012348,SKU-MASS-067,TXN-202507-14012348,defect,,fahmai_cs,pending
WC-202507-14012480,2025-07-14,2025-07-14,,2026-01-15,CUST-L3-012480,SKU-MASS-019,TXN-202507-14012480,defect,,fahmai_cs,pending
WC-202507-14014958,2025-07-14,2025-07-14,,2026-01-15,CUST-L3-014958,SKU-MASS-077,TXN-202507-14014958,defect,,fahmai_cs,pending
WC-202507-14026970,2025-07-14,2025-07-14,,2026-01-15,CUST-L3-026970,SKU-MASS-101,TXN-202507-14026970,defect,,fahmai_cs,pending
WC-202507-14028220,2025-07-14,2025-07-14,,2026-01-15,CUST-L3-028220,DN-LT-010,TXN-202507-14028220,defect,,fahmai_cs,pending
WC-202507-15010929,2025-07-15,2025-07-15,,2026-01-15,CUST-L3-010929,SKU-MASS-094,TXN-202507-15010929,defect,,fahmai_cs,pending
WC-202507-15013074,2025-07-15,2025-07-15,,2026-01-15,CUST-L3-013074,SKU-MASS-097,TXN-202507-15013074,defect,,fahmai_cs,pending
WC-202507-15016391,2025-07-15,2025-07-15,,2026-01-15,CUST-L3-016391,SKU-MASS-093,TXN-202507-15016391,defect,,fahmai_cs,pending
WC-202507-15018287,2025-07-15,2025-07-15,,2026-01-15,CUST-L3-018287,SKU-MASS-069,TXN-202507-15018287,defect,,fahmai_cs,pending
WC-202507-15028822,2025-07-15,2025-07-15,,2026-01-15,CUST-L3-028822,SKU-MASS-097,TXN-202507-15028822,defect,,fahmai_cs,pending
WC-202507-16009937,2025-07-16,2025-07-16,,2026-01-15,CUST-L3-009937,SKU-MASS-028,TXN-202507-16009937,defect,,fahmai_cs,pending
WC-202507-16010875,2025-07-16,2025-07-16,,2026-01-15,CUST-L3-010875,WK-SW-004,TXN-202507-16010875,defect,,fahmai_cs,pending
WC-202507-16016143,2025-07-16,2025-07-16,,2026-01-15,CUST-L3-016143,SKU-MASS-033,TXN-202507-16016143,defect,,fahmai_cs,pending
WC-202507-16026189,2025-07-16,2025-07-16,,2026-01-15,CUST-L3-026189,SKU-MASS-031,TXN-202507-16026189,defect,,fahmai_cs,pending
WC-202507-16027005,2025-07-16,2025-07-16,,2026-01-15,CUST-L3-027005,SKU-MASS-022,TXN-202507-16027005,defect,,fahmai_cs,pending
WCL-CL-E9_PRE-55200826,2025-07-16,2025-07-16,,2026-01-15,CUST-L3-000138,NT-LT-001,,battery swelling concern — NT-LT-001 (pre-recall signal),,novatech_service,pending
WC-202507-17014901,2025-07-17,2025-07-17,,2026-01-15,CUST-L3-014901,SKU-MASS-079,TXN-202507-17014901,defect,,fahmai_cs,pending
WC-202507-17015659,2025-07-17,2025-07-17,,2026-01-15,CUST-L3-015659,SKU-MASS-020,TXN-202507-17015659,defect,,fahmai_cs,pending
WC-202507-17018624,2025-07-17,2025-07-17,,2026-01-15,CUST-L3-018624,SKU-MASS-100,TXN-202507-17018624,defect,,fahmai_cs,pending
WC-202507-17021175,2025-07-17,2025-07-17,,2026-01-15,CUST-L3-021175,SKU-MASS-024,TXN-202507-17021175,defect,,fahmai_cs,pending
WC-202507-17027635,2025-07-17,2025-07-17,,2026-01-15,CUST-L3-027635,SKU-MASS-104,TXN-202507-17027635,defect,,fahmai_cs,pending
WC-202507-18013962,2025-07-18,2025-07-18,,2026-01-15,CUST-L3-013962,SKU-MASS-038,TXN-202507-18013962,defect,,fahmai_cs,pending
WC-202507-18015215,2025-07-18,2025-07-18,,2026-01-15,CUST-L3-015215,SKU-MASS-037,TXN-202507-18015215,defect,,fahmai_cs,pending
WC-202507-18017006,2025-07-18,2025-07-18,,2026-01-15,CUST-L3-017006,SKU-MASS-049,TXN-202507-18017006,defect,,fahmai_cs,pending
WC-202507-18017205,2025-07-18,2025-07-18,,2026-01-15,CUST-L3-017205,SKU-MASS-007,TXN-202507-18017205,defect,,fahmai_cs,pending
WC-202507-18020283,2025-07-18,2025-07-18,,2026-01-15,CUST-L3-020283,SKU-MASS-027,TXN-202507-18020283,defect,,fahmai_cs,pending
WC-202507-18025190,2025-07-18,2025-07-18,,2026-01-15,CUST-L3-025190,SKU-MASS-043,TXN-202507-18025190,defect,,fahmai_cs,pending
WC-202507-18025526,2025-07-18,2025-07-18,,2026-01-15,CUST-L3-025526,SKU-MASS-053,TXN-202507-18025526,defect,,fahmai_cs,pending
WCL-CL-E9_PRE-6768921,2025-07-18,2025-07-18,,2026-01-15,CUST-L3-000040,NT-LT-001,,battery swelling concern — NT-LT-001 (pre-recall signal),,novatech_service,pending
WC-202507-19005662,2025-07-19,2025-07-19,,2026-01-15,CUST-L3-005662,SKU-MASS-076,TXN-202507-19005662,defect,,fahmai_cs,pending
WC-202507-19008371,2025-07-19,2025-07-19,,2026-01-15,CUST-L3-008371,SKU-MASS-063,TXN-202507-19008371,defect,,fahmai_cs,pending
WC-202507-19008746,2025-07-19,2025-07-19,,2026-01-15,CUST-L3-008746,SKU-MASS-033,TXN-202507-19008746,defect,,fahmai_cs,pending
WC-202507-19015615,2025-07-19,2025-07-19,,2026-01-15,CUST-L3-015615,SKU-MASS-018,TXN-202507-19015615,defect,,fahmai_cs,pending
WC-202507-19025415,2025-07-19,2025-07-19,,2026-01-15,CUST-L3-025415,SKU-MASS-078,TXN-202507-19025415,defect,,fahmai_cs,pending
WC-202507-19027193,2025-07-19,2025-07-19,,2026-01-15,CUST-L3-027193,SKU-MASS-011,TXN-202507-19027193,defect,,fahmai_cs,pending
WC-202507-19028949,2025-07-19,2025-07-19,,2026-01-15,CUST-L3-028949,SKU-MASS-103,TXN-202507-19028949,defect,,fahmai_cs,pending
WC-202507-20001712,2025-07-20,2025-07-20,,2026-01-15,CUST-L3-001712,SKU-MASS-053,TXN-202507-20001712,defect,,fahmai_cs,pending
WC-202507-20002711,2025-07-20,2025-07-20,,2026-01-15,CUST-L3-002711,SKU-MASS-069,TXN-202507-20002711,defect,,fahmai_cs,pending
WC-202507-20003473,2025-07-20,2025-07-20,,2026-01-15,CUST-L3-003473,SKU-MASS-103,TXN-202507-20003473,defect,,fahmai_cs,pending
WC-202507-20010910,2025-07-20,2025-07-20,,2026-01-15,CUST-L3-010910,SKU-MASS-098,TXN-202507-20010910,defect,,fahmai_cs,pending
WC-202507-20015297,2025-07-20,2025-07-20,,2026-01-15,CUST-L3-015297,SKU-MASS-083,TXN-202507-20015297,defect,,fahmai_cs,pending
WC-202507-21009580,2025-07-21,2025-07-21,,2026-01-15,CUST-L3-009580,SKU-MASS-065,TXN-202507-21009580,defect,,fahmai_cs,pending
WC-202507-21013777,2025-07-21,2025-07-21,,2026-01-15,CUST-L3-013777,SKU-MASS-078,TXN-202507-21013777,defect,,fahmai_cs,pending
WC-202507-21020116,2025-07-21,2025-07-21,,2026-01-15,CUST-L3-020116,SKU-MASS-048,TXN-202507-21020116,defect,,fahmai_cs,pending
WC-202507-21026090,2025-07-21,2025-07-21,,2026-01-15,CUST-L3-026090,SKU-MASS-103,TXN-202507-21026090,defect,,fahmai_cs,pending
WCL-CL-E9_PRE-213041178,2025-07-21,2025-07-21,,2026-01-15,CUST-L3-000022,NT-LT-001,,battery swelling concern — NT-LT-001 (pre-recall signal),,novatech_service,pending
WC-202507-22000078,2025-07-22,2025-07-22,,2026-01-15,CUST-L3-000078,SKU-MASS-065,TXN-202507-22000078,defect,,fahmai_cs,pending
WC-202507-22000990,2025-07-22,2025-07-22,,2026-01-15,CUST-L3-000990,SKU-MASS-059,TXN-202507-22000990,defect,,fahmai_cs,pending
WC-202507-22005875,2025-07-22,2025-07-22,,2026-01-15,CUST-L3-005875,SKU-MASS-080,TXN-202507-22005875,defect,,fahmai_cs,pending
WC-202507-22014584,2025-07-22,2025-07-22,,2026-01-15,CUST-L3-014584,SKU-MASS-028,TXN-202507-22014584,defect,,fahmai_cs,pending
WC-202507-22018349,2025-07-22,2025-07-22,,2026-01-15,CUST-L3-018349,SKU-MASS-020,TXN-202507-22018349,defect,,fahmai_cs,pending
WC-202507-22023376,2025-07-22,2025-07-22,,2026-01-15,CUST-L3-023376,SKU-MASS-089,TXN-202507-22023376,defect,,fahmai_cs,pending
WC-202507-22029198,2025-07-22,2025-07-22,,2026-01-15,CUST-L3-029198,SKU-MASS-074,TXN-202507-22029198,defect,,fahmai_cs,pending
WC-202507-22029964,2025-07-22,2025-07-22,,2026-01-15,CUST-L3-029964,AW-MN-001,TXN-202507-22029964,defect,,fahmai_cs,pending
WC-202507-23005094,2025-07-23,2025-07-23,,2026-01-15,CUST-L3-005094,SKU-MASS-087,TXN-202507-23005094,defect,,fahmai_cs,pending
WC-202507-23008668,2025-07-23,2025-07-23,,2026-01-15,CUST-L3-008668,SKU-MASS-069,TXN-202507-23008668,defect,,fahmai_cs,pending
WC-202507-23011120,2025-07-23,2025-07-23,,2026-01-15,CUST-L3-011120,SKU-MASS-099,TXN-202507-23011120,defect,,fahmai_cs,pending
WC-202507-23015074,2025-07-23,2025-07-23,,2026-01-15,CUST-L3-015074,SKU-MASS-065,TXN-202507-23015074,defect,,fahmai_cs,pending
WC-202507-23020350,2025-07-23,2025-07-23,,2026-01-15,CUST-L3-020350,SKU-MASS-051,TXN-202507-23020350,defect,,fahmai_cs,pending
WC-202507-23025844,2025-07-23,2025-07-23,,2026-01-15,CUST-L3-025844,SKU-MASS-103,TXN-202507-23025844,defect,,fahmai_cs,pending
WC-202507-24008731,2025-07-24,2025-07-24,,2026-01-15,CUST-L3-008731,WK-SW-004,TXN-202507-24008731,defect,,fahmai_cs,pending
WC-202507-24011003,2025-07-24,2025-07-24,,2026-01-15,CUST-L3-011003,SKU-MASS-057,TXN-202507-24011003,defect,,fahmai_cs,pending
WC-202507-24014589,2025-07-24,2025-07-24,,2026-01-15,CUST-L3-014589,SKU-MASS-072,TXN-202507-24014589,defect,,fahmai_cs,pending
WC-202507-24026940,2025-07-24,2025-07-24,,2026-01-15,CUST-L3-026940,SKU-MASS-028,TXN-202507-24026940,defect,,fahmai_cs,pending
WC-202507-24027933,2025-07-24,2025-07-24,,2026-01-15,CUST-L3-027933,AW-MN-001,TXN-202507-24027933,defect,,fahmai_cs,pending
WCL-CL-E9_PRE-218657503,2025-07-24,2025-07-24,,2026-01-15,CUST-L3-000133,NT-LT-001,,battery swelling concern — NT-LT-001 (pre-recall signal),,novatech_service,pending
WC-202507-25001018,2025-07-25,2025-07-25,,2026-01-15,CUST-L3-001018,SKU-MASS-031,TXN-202507-25001018,defect,,fahmai_cs,pending
WC-202507-25009078,2025-07-25,2025-07-25,,2026-01-15,CUST-L3-009078,SKU-MASS-030,TXN-202507-25009078,defect,,fahmai_cs,pending
WC-202507-25013255,2025-07-25,2025-07-25,,2026-01-15,CUST-L3-013255,SKU-MASS-077,TXN-202507-25013255,defect,,fahmai_cs,pending
WC-202507-25023813,2025-07-25,2025-07-25,,2026-01-15,CUST-L3-023813,SKU-MASS-017,TXN-202507-25023813,defect,,fahmai_cs,pending
WC-202507-26000991,2025-07-26,2025-07-26,,2026-01-15,CUST-L3-000991,AW-MN-001,TXN-202507-26000991,defect,,fahmai_cs,pending
WC-202507-26001858,2025-07-26,2025-07-26,,2026-01-15,CUST-L3-001858,SKU-MASS-090,TXN-202507-26001858,defect,,fahmai_cs,pending
WC-202507-26009994,2025-07-26,2025-07-26,,2026-01-15,CUST-L3-009994,SKU-MASS-096,TXN-202507-26009994,defect,,fahmai_cs,pending
WC-202507-26011859,2025-07-26,2025-07-26,,2026-01-15,CUST-L3-011859,SKU-MASS-055,TXN-202507-26011859,defect,,fahmai_cs,pending
WC-202507-26013353,2025-07-26,2025-07-26,,2026-01-15,CUST-L3-013353,SKU-MASS-107,TXN-202507-26013353,defect,,fahmai_cs,pending
WC-202507-26021202,2025-07-26,2025-07-26,,2026-01-15,CUST-L3-021202,SKU-MASS-055,TXN-202507-26021202,defect,,fahmai_cs,pending
WCL-CL-E9_PRE-3122036,2025-07-26,2025-07-26,,2026-01-15,CUST-L3-000138,NT-LT-001,,battery swelling concern — NT-LT-001 (pre-recall signal),,novatech_service,pending
WC-202507-27003067,2025-07-27,2025-07-27,,2026-01-15,CUST-L3-003067,SKU-MASS-066,TXN-202507-27003067,defect,,fahmai_cs,pending
WC-202507-27003879,2025-07-27,2025-07-27,,2026-01-15,CUST-L3-003879,SKU-MASS-065,TXN-202507-27003879,defect,,fahmai_cs,pending
WC-202507-27006301,2025-07-27,2025-07-27,,2026-01-15,CUST-L3-006301,SKU-MASS-099,TXN-202507-27006301,defect,,fahmai_cs,pending
WC-202507-27009111,2025-07-27,2025-07-27,,2026-01-15,CUST-L3-009111,SKU-MASS-059,TXN-202507-27009111,defect,,fahmai_cs,pending
WC-202507-27009833,2025-07-27,2025-07-27,,2026-01-15,CUST-L3-009833,SKU-MASS-086,TXN-202507-27009833,defect,,fahmai_cs,pending
WC-202507-28001203,2025-07-28,2025-07-28,,2026-01-15,CUST-L3-001203,SKU-MASS-095,TXN-202507-28001203,defect,,fahmai_cs,pending
WC-202507-28004433,2025-07-28,2025-07-28,,2026-01-15,CUST-L3-004433,SKU-MASS-105,TXN-202507-28004433,defect,,fahmai_cs,pending
WC-202507-28008606,2025-07-28,2025-07-28,,2026-01-15,CUST-L3-008606,SKU-MASS-047,TXN-202507-28008606,defect,,fahmai_cs,pending
WC-202507-28008898,2025-07-28,2025-07-28,,2026-01-15,CUST-L3-008898,SKU-MASS-069,TXN-202507-28008898,defect,,fahmai_cs,pending
WC-202507-28011051,2025-07-28,2025-07-28,,2026-01-15,CUST-L3-011051,SKU-MASS-042,TXN-202507-28011051,defect,,fahmai_cs,pending
WC-202507-29002730,2025-07-29,2025-07-29,,2026-01-15,CUST-L3-002730,SKU-MASS-013,TXN-202507-29002730,defect,,fahmai_cs,pending
WC-202507-29003773,2025-07-29,2025-07-29,,2026-01-15,CUST-L3-003773,SKU-MASS-090,TXN-202507-29003773,defect,,fahmai_cs,pending
WC-202507-29009314,2025-07-29,2025-07-29,,2026-01-15,CUST-L3-009314,SKU-MASS-066,TXN-202507-29009314,defect,,fahmai_cs,pending
WC-202507-29024335,2025-07-29,2025-07-29,,2026-01-15,CUST-L3-024335,SKU-MASS-101,TXN-202507-29024335,defect,,fahmai_cs,pending
WC-202507-29029448,2025-07-29,2025-07-29,,2026-01-15,CUST-L3-029448,SKU-MASS-034,TXN-202507-29029448,defect,,fahmai_cs,pending
WCL-CL-E9_PRE-52703138,2025-07-29,2025-07-29,,2026-01-15,CUST-L3-000131,NT-LT-001,,battery swelling concern — NT-LT-001 (pre-recall signal),,novatech_service,pending
WC-202507-30023718,2025-07-30,2025-07-30,,2026-01-15,CUST-L3-023718,SKU-MASS-024,TXN-202507-30023718,defect,,fahmai_cs,pending
WC-202507-31000084,2025-07-31,2025-07-31,,2026-01-15,CUST-L3-000084,SKU-MASS-017,TXN-202507-31000084,defect,,fahmai_cs,pending
WC-202507-31000352,2025-07-31,2025-07-31,,2026-01-15,CUST-L3-000352,SKU-MASS-024,TXN-202507-31000352,defect,,fahmai_cs,pending
WC-202507-31002323,2025-07-31,2025-07-31,,2026-01-15,CUST-L3-002323,SKU-MASS-080,TXN-202507-31002323,defect,,fahmai_cs,pending
WC-202507-31006903,2025-07-31,2025-07-31,,2026-01-15,CUST-L3-006903,SKU-MASS-077,TXN-202507-31006903,defect,,fahmai_cs,pending
WC-202507-31007332,2025-07-31,2025-07-31,,2026-01-15,CUST-L3-007332,AW-MN-001,TXN-202507-31007332,defect,,fahmai_cs,pending
WC-202507-31014046,2025-07-31,2025-07-31,,2026-01-15,CUST-L3-014046,SKU-MASS-026,TXN-202507-31014046,defect,,fahmai_cs,pending
WC-202507-31018697,2025-07-31,2025-07-31,,2026-01-15,CUST-L3-018697,SKU-MASS-072,TXN-202507-31018697,defect,,fahmai_cs,pending
WC-202507-31023339,2025-07-31,2025-07-31,,2026-01-15,CUST-L3-023339,SKU-MASS-041,TXN-202507-31023339,defect,,fahmai_cs,pending
WC-202508-01005183,2025-08-01,2025-08-01,,2026-01-15,CUST-L3-005183,SKU-MASS-079,TXN-202508-01005183,defect,,fahmai_cs,pending
WC-202508-01013268,2025-08-01,2025-08-01,,2026-01-15,CUST-L3-013268,SKU-MASS-104,TXN-202508-01013268,defect,,fahmai_cs,pending
WC-202508-01015535,2025-08-01,2025-08-01,,2026-01-15,CUST-L3-015535,SKU-MASS-016,TXN-202508-01015535,defect,,fahmai_cs,pending
WC-202508-01024751,2025-08-01,2025-08-01,,2026-01-15,CUST-L3-024751,SKU-MASS-018,TXN-202508-01024751,defect,,fahmai_cs,pending
WCL-CL-E9_PRE-228559698,2025-08-01,2025-08-01,,2026-01-15,CUST-L3-000020,NT-LT-001,,battery swelling concern — NT-LT-001 (pre-recall signal),,novatech_service,pending
WC-202508-02001614,2025-08-02,2025-08-02,,2026-01-15,CUST-L3-001614,SKU-MASS-077,TXN-202508-02001614,defect,,fahmai_cs,pending
WC-202508-02009056,2025-08-02,2025-08-02,,2026-01-15,CUST-L3-009056,SKU-MASS-075,TXN-202508-02009056,defect,,fahmai_cs,pending
WC-202508-02013858,2025-08-02,2025-08-02,,2026-01-15,CUST-L3-013858,SKU-MASS-026,TXN-202508-02013858,defect,,fahmai_cs,pending
WC-202508-02018458,2025-08-02,2025-08-02,,2026-01-15,CUST-L3-018458,SKU-MASS-036,TXN-202508-02018458,defect,,fahmai_cs,pending
WC-202508-02018469,2025-08-02,2025-08-02,,2026-01-15,CUST-L3-018469,SKU-MASS-094,TXN-202508-02018469,defect,,fahmai_cs,pending
WC-202508-03007244,2025-08-03,2025-08-03,,2026-01-15,CUST-L3-007244,SKU-MASS-070,TXN-202508-03007244,defect,,fahmai_cs,pending
WC-202508-03016258,2025-08-03,2025-08-03,,2026-01-15,CUST-L3-016258,SKU-MASS-110,TXN-202508-03016258,defect,,fahmai_cs,pending
WC-202508-03016696,2025-08-03,2025-08-03,,2026-01-15,CUST-L3-016696,SKU-MASS-090,TXN-202508-03016696,defect,,fahmai_cs,pending
WC-202508-03025357,2025-08-03,2025-08-03,,2026-01-15,CUST-L3-025357,SKU-MASS-041,TXN-202508-03025357,defect,,fahmai_cs,pending
WC-202508-03028707,2025-08-03,2025-08-03,,2026-01-15,CUST-L3-028707,SKU-MASS-068,TXN-202508-03028707,defect,,fahmai_cs,pending
WCL-CL-E9_PRE-42388156,2025-08-03,2025-08-03,,2026-01-15,CUST-L3-000023,NT-LT-001,,battery swelling concern — NT-LT-001 (pre-recall signal),,novatech_service,pending
WC-202508-04005133,2025-08-04,2025-08-04,,2026-01-15,CUST-L3-005133,SKU-MASS-031,TXN-202508-04005133,defect,,fahmai_cs,pending
WC-202508-04007134,2025-08-04,2025-08-04,,2026-01-15,CUST-L3-007134,AW-MN-001,TXN-202508-04007134,defect,,fahmai_cs,pending
WC-202508-04008940,2025-08-04,2025-08-04,,2026-01-15,CUST-L3-008940,SKU-MASS-089,TXN-202508-04008940,defect,,fahmai_cs,pending
WC-202508-04012339,2025-08-04,2025-08-04,,2026-01-15,CUST-L3-012339,SKU-MASS-092,TXN-202508-04012339,defect,,fahmai_cs,pending
WC-202508-04017241,2025-08-04,2025-08-04,,2026-01-15,CUST-L3-017241,SKU-MASS-108,TXN-202508-04017241,defect,,fahmai_cs,pending
WC-202508-04024267,2025-08-04,2025-08-04,,2026-01-15,CUST-L3-024267,SKU-MASS-014,TXN-202508-04024267,defect,,fahmai_cs,pending
WC-202508-04024769,2025-08-04,2025-08-04,,2026-01-15,CUST-L3-024769,AW-MN-001,TXN-202508-04024769,defect,,fahmai_cs,pending
WC-202508-04027189,2025-08-04,2025-08-04,,2026-01-15,CUST-L3-027189,SKU-MASS-053,TXN-202508-04027189,defect,,fahmai_cs,pending
WC-202508-05009301,2025-08-05,2025-08-05,,2026-01-15,CUST-L3-009301,SKU-MASS-062,TXN-202508-05009301,defect,,fahmai_cs,pending
WC-202508-05016146,2025-08-05,2025-08-05,,2026-01-15,CUST-L3-016146,SKU-MASS-018,TXN-202508-05016146,defect,,fahmai_cs,pending
WC-202508-05019888,2025-08-05,2025-08-05,,2026-01-15,CUST-L3-019888,SKU-MASS-071,TXN-202508-05019888,defect,,fahmai_cs,pending
WC-202508-05026151,2025-08-05,2025-08-05,,2026-01-15,CUST-L3-026151,SKU-MASS-018,TXN-202508-05026151,defect,,fahmai_cs,pending
WC-202508-05028189,2025-08-05,2025-08-05,,2026-01-15,CUST-L3-028189,SKU-MASS-097,TXN-202508-05028189,defect,,fahmai_cs,pending
WC-202508-05028802,2025-08-05,2025-08-05,,2026-01-15,CUST-L3-028802,SKU-MASS-014,TXN-202508-05028802,defect,,fahmai_cs,pending
WC-202508-06003362,2025-08-06,2025-08-06,,2026-01-15,CUST-L3-003362,SKU-MASS-041,TXN-202508-06003362,defect,,fahmai_cs,pending
WC-202508-06016204,2025-08-06,2025-08-06,,2026-01-15,CUST-L3-016204,SKU-MASS-102,TXN-202508-06016204,defect,,fahmai_cs,pending
WC-202508-06025162,2025-08-06,2025-08-06,,2026-01-15,CUST-L3-025162,SKU-MASS-033,TXN-202508-06025162,defect,,fahmai_cs,pending
WC-202508-06028297,2025-08-06,2025-08-06,,2026-01-15,CUST-L3-028297,SKU-MASS-075,TXN-202508-06028297,defect,,fahmai_cs,pending
WCL-CL-E9_PRE-228623632,2025-08-06,2025-08-06,,2026-01-15,CUST-L3-000013,NT-LT-001,,battery swelling concern — NT-LT-001 (pre-recall signal),,novatech_service,pending
WC-202508-07000049,2025-08-07,2025-08-07,,2026-01-15,CUST-L3-000049,WK-SW-004,TXN-202508-07000049,defect,,fahmai_cs,pending
WC-202508-07004021,2025-08-07,2025-08-07,,2026-01-15,CUST-L3-004021,SKU-MASS-074,TXN-202508-07004021,defect,,fahmai_cs,pending
WC-202508-08013331,2025-08-08,2025-08-08,,2026-01-15,CUST-L3-013331,SKU-MASS-082,TXN-202508-08013331,defect,,fahmai_cs,pending
WC-202508-08018988,2025-08-08,2025-08-08,,2026-01-15,CUST-L3-018988,SKU-MASS-046,TXN-202508-08018988,defect,,fahmai_cs,pending
WC-202508-09011846,2025-08-09,2025-08-09,,2026-01-15,CUST-L3-011846,SKU-MASS-037,TXN-202508-09011846,defect,,fahmai_cs,pending
WC-202508-09012402,2025-08-09,2025-08-09,,2026-01-15,CUST-L3-012402,SKU-MASS-056,TXN-202508-09012402,defect,,fahmai_cs,pending
WC-202508-09012622,2025-08-09,2025-08-09,,2026-01-15,CUST-L3-012622,SKU-MASS-083,TXN-202508-09012622,defect,,fahmai_cs,pending
WC-202508-09018585,2025-08-09,2025-08-09,,2026-01-15,CUST-L3-018585,SKU-MASS-086,TXN-202508-09018585,defect,,fahmai_cs,pending
WC-202508-09021703,2025-08-09,2025-08-09,,2026-01-15,CUST-L3-021703,SKU-MASS-048,TXN-202508-09021703,defect,,fahmai_cs,pending
WC-202508-09023950,2025-08-09,2025-08-09,,2026-01-15,CUST-L3-023950,SKU-MASS-047,TXN-202508-09023950,defect,,fahmai_cs,pending
WC-202508-09026244,2025-08-09,2025-08-09,,2026-01-15,CUST-L3-026244,SKU-MASS-047,TXN-202508-09026244,defect,,fahmai_cs,pending
WCL-CL-E9_PRE-191627017,2025-08-09,2025-08-09,,2026-01-15,CUST-L3-000111,NT-LT-001,,battery swelling concern — NT-LT-001 (pre-recall signal),,novatech_service,pending
WC-202508-10018368,2025-08-10,2025-08-10,,2026-01-15,CUST-L3-018368,NT-LT-001,TXN-202508-10018368,defect,,fahmai_cs,pending
WC-202508-10020290,2025-08-10,2025-08-10,,2026-01-15,CUST-L3-020290,SKU-MASS-018,TXN-202508-10020290,defect,,fahmai_cs,pending
WC-202508-10025986,2025-08-10,2025-08-10,,2026-01-15,CUST-L3-025986,SKU-MASS-081,TXN-202508-10025986,defect,,fahmai_cs,pending
WC-202508-11004407,2025-08-11,2025-08-11,,2026-01-15,CUST-L3-004407,SKU-MASS-035,TXN-202508-11004407,defect,,fahmai_cs,pending
WC-202508-11004730,2025-08-11,2025-08-11,,2026-01-15,CUST-L3-004730,SKU-MASS-104,TXN-202508-11004730,defect,,fahmai_cs,pending
WC-202508-11006315,2025-08-11,2025-08-11,,2026-01-15,CUST-L3-006315,SKU-MASS-022,TXN-202508-11006315,defect,,fahmai_cs,pending
WC-202508-11009059,2025-08-11,2025-08-11,,2026-01-15,CUST-L3-009059,WK-SW-004,TXN-202508-11009059,defect,,fahmai_cs,pending
WC-202508-11011832,2025-08-11,2025-08-11,,2026-01-15,CUST-L3-011832,SKU-MASS-106,TXN-202508-11011832,defect,,fahmai_cs,pending
WC-202508-11011891,2025-08-11,2025-08-11,,2026-01-15,CUST-L3-011891,SKU-MASS-054,TXN-202508-11011891,defect,,fahmai_cs,pending
WC-202508-11023084,2025-08-11,2025-08-11,,2026-01-15,CUST-L3-023084,SKU-MASS-077,TXN-202508-11023084,defect,,fahmai_cs,pending
WCL-CL-E9_PRE-155370059,2025-08-11,2025-08-11,,2026-01-15,CUST-L3-000149,NT-LT-001,,battery swelling concern — NT-LT-001 (pre-recall signal),,novatech_service,pending
WC-202508-12009401,2025-08-12,2025-08-12,,2026-01-15,CUST-L3-009401,SKU-MASS-045,TXN-202508-12009401,defect,,fahmai_cs,pending
WC-202508-12011985,2025-08-12,2025-08-12,,2026-01-15,CUST-L3-011985,SKU-MASS-108,TXN-202508-12011985,defect,,fahmai_cs,pending
WC-202508-12018015,2025-08-12,2025-08-12,,2026-01-15,CUST-L3-018015,SKU-MASS-078,TXN-202508-12018015,defect,,fahmai_cs,pending
WC-202508-13003687,2025-08-13,2025-08-13,,2026-01-15,CUST-L3-003687,SKU-MASS-108,TXN-202508-13003687,defect,,fahmai_cs,pending
WC-202508-14008925,2025-08-14,2025-08-14,,2026-01-15,CUST-L3-008925,SKU-MASS-051,TXN-202508-14008925,defect,,fahmai_cs,pending
WC-202508-14009782,2025-08-14,2025-08-14,,2026-01-15,CUST-L3-009782,SKU-MASS-050,TXN-202508-14009782,defect,,fahmai_cs,pending
WC-202508-14020068,2025-08-14,2025-08-14,,2026-01-15,CUST-L3-020068,SKU-MASS-068,TXN-202508-14020068,defect,,fahmai_cs,pending
WC-202508-14024216,2025-08-14,2025-08-14,,2026-01-15,CUST-L3-024216,SKU-MASS-092,TXN-202508-14024216,defect,,fahmai_cs,pending
WC-202508-14025624,2025-08-14,2025-08-14,,2026-01-15,CUST-L3-025624,SKU-MASS-030,TXN-202508-14025624,defect,,fahmai_cs,pending
WC-202508-14029642,2025-08-14,2025-08-14,,2026-01-15,CUST-L3-029642,SKU-MASS-092,TXN-202508-14029642,defect,,fahmai_cs,pending
WCL-CL-E9_PRE-90716815,2025-08-14,2025-08-14,,2026-01-15,CUST-L3-000037,NT-LT-001,,battery swelling concern — NT-LT-001 (pre-recall signal),,novatech_service,pending
WC-202508-15011386,2025-08-15,2025-08-15,,2026-01-15,CUST-L3-011386,SKU-MASS-104,TXN-202508-15011386,defect,,fahmai_cs,pending
WC-202508-15015503,2025-08-15,2025-08-15,,2026-01-15,CUST-L3-015503,SKU-MASS-095,TXN-202508-15015503,defect,,fahmai_cs,pending
WC-202508-15015887,2025-08-15,2025-08-15,,2026-01-15,CUST-L3-015887,SKU-MASS-038,TXN-202508-15015887,defect,,fahmai_cs,pending
WC-202508-16015857,2025-08-16,2025-08-16,,2026-01-15,CUST-L3-015857,SKU-MASS-090,TXN-202508-16015857,defect,,fahmai_cs,pending
WCL-CL-E9_PRE-140558945,2025-08-16,2025-08-16,,2026-01-15,CUST-L3-000164,NT-LT-001,,battery swelling concern — NT-LT-001 (pre-recall signal),,novatech_service,pending
WC-202508-17011042,2025-08-17,2025-08-17,,2026-01-15,CUST-L3-011042,SKU-MASS-008,TXN-202508-17011042,defect,,fahmai_cs,pending
WC-202508-17012710,2025-08-17,2025-08-17,,2026-01-15,CUST-L3-012710,SKU-MASS-064,TXN-202508-17012710,defect,,fahmai_cs,pending
WC-202508-17014090,2025-08-17,2025-08-17,,2026-01-15,CUST-L3-014090,SKU-MASS-089,TXN-202508-17014090,defect,,fahmai_cs,pending
WC-202508-17019472,2025-08-17,2025-08-17,,2026-01-15,CUST-L3-019472,SKU-MASS-023,TXN-202508-17019472,defect,,fahmai_cs,pending
WC-202508-17024756,2025-08-17,2025-08-17,,2026-01-15,CUST-L3-024756,SKU-MASS-059,TXN-202508-17024756,defect,,fahmai_cs,pending
WC-202508-17025619,2025-08-17,2025-08-17,,2026-01-15,CUST-L3-025619,SKU-MASS-065,TXN-202508-17025619,defect,,fahmai_cs,pending
WC-202508-18000108,2025-08-18,2025-08-18,,2026-01-15,CUST-L3-000108,SKU-MASS-087,TXN-202508-18000108,defect,,fahmai_cs,pending
WC-202508-18002351,2025-08-18,2025-08-18,,2026-01-15,CUST-L3-002351,SKU-MASS-027,TXN-202508-18002351,defect,,fahmai_cs,pending
WC-202508-18012553,2025-08-18,2025-08-18,,2026-01-15,CUST-L3-012553,SKU-MASS-075,TXN-202508-18012553,defect,,fahmai_cs,pending
WC-202508-18018979,2025-08-18,2025-08-18,,2026-01-15,CUST-L3-018979,SKU-MASS-039,TXN-202508-18018979,defect,,fahmai_cs,pending
WC-202508-18020754,2025-08-18,2025-08-18,,2026-01-15,CUST-L3-020754,SKU-MASS-045,TXN-202508-18020754,defect,,fahmai_cs,pending
WC-202508-18024191,2025-08-18,2025-08-18,,2026-01-15,CUST-L3-024191,SKU-MASS-062,TXN-202508-18024191,defect,,fahmai_cs,pending
WC-202508-18028419,2025-08-18,2025-08-18,,2026-01-15,CUST-L3-028419,SKU-MASS-062,TXN-202508-18028419,defect,,fahmai_cs,pending
WC-202508-19002571,2025-08-19,2025-08-19,,2026-01-15,CUST-L3-002571,SKU-MASS-045,TXN-202508-19002571,defect,,fahmai_cs,pending
WC-202508-19016120,2025-08-19,2025-08-19,,2026-01-15,CUST-L3-016120,SKU-MASS-077,TXN-202508-19016120,defect,,fahmai_cs,pending
WC-202508-19019682,2025-08-19,2025-08-19,,2026-01-15,CUST-L3-019682,SKU-MASS-110,TXN-202508-19019682,defect,,fahmai_cs,pending
WC-202508-19023969,2025-08-19,2025-08-19,,2026-01-15,CUST-L3-023969,SKU-MASS-092,TXN-202508-19023969,defect,,fahmai_cs,pending
WC-202508-19028061,2025-08-19,2025-08-19,,2026-01-15,CUST-L3-028061,SKU-MASS-017,TXN-202508-19028061,defect,,fahmai_cs,pending
WCL-CL-E9_PRE-267188109,2025-08-19,2025-08-19,,2026-01-15,CUST-L3-000107,NT-LT-001,,battery swelling concern — NT-LT-001 (pre-recall signal),,novatech_service,pending
WC-202508-20008102,2025-08-20,2025-08-20,,2026-01-15,CUST-L3-008102,SKU-MASS-027,TXN-202508-20008102,defect,,fahmai_cs,pending
WC-202508-20014491,2025-08-20,2025-08-20,,2026-01-15,CUST-L3-014491,SKU-MASS-088,TXN-202508-20014491,defect,,fahmai_cs,pending
WC-202508-20026493,2025-08-20,2025-08-20,,2026-01-15,CUST-L3-026493,SKU-MASS-052,TXN-202508-20026493,defect,,fahmai_cs,pending
WC-202508-20029133,2025-08-20,2025-08-20,,2026-01-15,CUST-L3-029133,SKU-MASS-013,TXN-202508-20029133,defect,,fahmai_cs,pending
WC-202508-21007544,2025-08-21,2025-08-21,,2026-01-15,CUST-L3-007544,SKU-MASS-075,TXN-202508-21007544,defect,,fahmai_cs,pending
WC-202508-21012649,2025-08-21,2025-08-21,,2026-01-15,CUST-L3-012649,SKU-MASS-037,TXN-202508-21012649,defect,,fahmai_cs,pending
WC-202508-21017882,2025-08-21,2025-08-21,,2026-01-15,CUST-L3-017882,SKU-MASS-047,TXN-202508-21017882,defect,,fahmai_cs,pending
WC-202508-22002029,2025-08-22,2025-08-22,,2026-01-15,CUST-L3-002029,AW-MN-001,TXN-202508-22002029,defect,,fahmai_cs,pending
WC-202508-22007757,2025-08-22,2025-08-22,,2026-01-15,CUST-L3-007757,SKU-MASS-089,TXN-202508-22007757,defect,,fahmai_cs,pending
WC-202508-22013673,2025-08-22,2025-08-22,,2026-01-15,CUST-L3-013673,SKU-MASS-021,TXN-202508-22013673,defect,,fahmai_cs,pending
WC-202508-22016767,2025-08-22,2025-08-22,,2026-01-15,CUST-L3-016767,SKU-MASS-045,TXN-202508-22016767,defect,,fahmai_cs,pending
WC-202508-22020487,2025-08-22,2025-08-22,,2026-01-15,CUST-L3-020487,SKU-MASS-046,TXN-202508-22020487,defect,,fahmai_cs,pending
WC-202508-22020654,2025-08-22,2025-08-22,,2026-01-15,CUST-L3-020654,SKU-MASS-102,TXN-202508-22020654,defect,,fahmai_cs,pending
WC-202508-22021248,2025-08-22,2025-08-22,,2026-01-15,CUST-L3-021248,SKU-MASS-023,TXN-202508-22021248,defect,,fahmai_cs,pending
WC-202508-22024920,2025-08-22,2025-08-22,,2026-01-15,CUST-L3-024920,SKU-MASS-084,TXN-202508-22024920,defect,,fahmai_cs,pending
WC-202508-22025341,2025-08-22,2025-08-22,,2026-01-15,CUST-L3-025341,SKU-MASS-008,TXN-202508-22025341,defect,,fahmai_cs,pending
WC-202508-22026775,2025-08-22,2025-08-22,,2026-01-15,CUST-L3-026775,SKU-MASS-019,TXN-202508-22026775,defect,,fahmai_cs,pending
WCL-CL-E9_PRE-19715964,2025-08-22,2025-08-22,,2026-01-15,CUST-L3-000071,NT-LT-001,,battery swelling concern — NT-LT-001 (pre-recall signal),,novatech_service,pending
WC-202508-23012108,2025-08-23,2025-08-23,,2026-01-15,CUST-L3-012108,SKU-MASS-016,TXN-202508-23012108,defect,,fahmai_cs,pending
WC-202508-23013561,2025-08-23,2025-08-23,,2026-01-15,CUST-L3-013561,SKU-MASS-039,TXN-202508-23013561,defect,,fahmai_cs,pending
WC-202508-23014652,2025-08-23,2025-08-23,,2026-01-15,CUST-L3-014652,SKU-MASS-081,TXN-202508-23014652,defect,,fahmai_cs,pending
WC-202508-23015378,2025-08-23,2025-08-23,,2026-01-15,CUST-L3-015378,SKU-MASS-091,TXN-202508-23015378,defect,,fahmai_cs,pending
WC-202508-23015465,2025-08-23,2025-08-23,,2026-01-15,CUST-L3-015465,SKU-MASS-041,TXN-202508-23015465,defect,,fahmai_cs,pending
WC-202508-23015781,2025-08-23,2025-08-23,,2026-01-15,CUST-L3-015781,SKU-MASS-078,TXN-202508-23015781,defect,,fahmai_cs,pending
WC-202508-24002044,2025-08-24,2025-08-24,,2026-01-15,CUST-L3-002044,NT-LT-001,TXN-202508-24002044,defect,,fahmai_cs,pending
WC-202508-24002422,2025-08-24,2025-08-24,,2026-01-15,CUST-L3-002422,SKU-MASS-109,TXN-202508-24002422,defect,,fahmai_cs,pending
WC-202508-24006760,2025-08-24,2025-08-24,,2026-01-15,CUST-L3-006760,SKU-MASS-011,TXN-202508-24006760,defect,,fahmai_cs,pending
WC-202508-24007959,2025-08-24,2025-08-24,,2026-01-15,CUST-L3-007959,SKU-MASS-035,TXN-202508-24007959,defect,,fahmai_cs,pending
WC-202508-24014842,2025-08-24,2025-08-24,,2026-01-15,CUST-L3-014842,SKU-MASS-024,TXN-202508-24014842,defect,,fahmai_cs,pending
WC-202508-24018022,2025-08-24,2025-08-24,,2026-01-15,CUST-L3-018022,SKU-MASS-048,TXN-202508-24018022,defect,,fahmai_cs,pending
WC-202508-24020571,2025-08-24,2025-08-24,,2026-01-15,CUST-L3-020571,SKU-MASS-058,TXN-202508-24020571,defect,,fahmai_cs,pending
WC-202508-24023191,2025-08-24,2025-08-24,,2026-01-15,CUST-L3-023191,SKU-MASS-066,TXN-202508-24023191,defect,,fahmai_cs,pending
WCL-CL-E9_PRE-120138965,2025-08-24,2025-08-24,,2026-01-15,CUST-L3-000082,NT-LT-001,,battery swelling concern — NT-LT-001 (pre-recall signal),,novatech_service,pending
WC-202508-25005040,2025-08-25,2025-08-25,,2026-01-15,CUST-L3-005040,SKU-MASS-080,TXN-202508-25005040,defect,,fahmai_cs,pending
WC-202508-25010694,2025-08-25,2025-08-25,,2026-01-15,CUST-L3-010694,SKU-MASS-082,TXN-202508-25010694,defect,,fahmai_cs,pending
WC-202508-25011158,2025-08-25,2025-08-25,,2026-01-15,CUST-L3-011158,SKU-MASS-050,TXN-202508-25011158,defect,,fahmai_cs,pending
WC-202508-25024756,2025-08-25,2025-08-25,,2026-01-15,CUST-L3-024756,SKU-MASS-084,TXN-202508-25024756,defect,,fahmai_cs,pending
WC-202508-26001216,2025-08-26,2025-08-26,,2026-01-15,CUST-L3-001216,SKU-MASS-075,TXN-202508-26001216,defect,,fahmai_cs,pending
WC-202508-26004624,2025-08-26,2025-08-26,,2026-01-15,CUST-L3-004624,SKU-MASS-105,TXN-202508-26004624,defect,,fahmai_cs,pending
WC-202508-26010449,2025-08-26,2025-08-26,,2026-01-15,CUST-L3-010449,SKU-MASS-053,TXN-202508-26010449,defect,,fahmai_cs,pending
WC-202508-26013354,2025-08-26,2025-08-26,,2026-01-15,CUST-L3-013354,SKU-MASS-103,TXN-202508-26013354,defect,,fahmai_cs,pending
WC-202508-26014003,2025-08-26,2025-08-26,,2026-01-15,CUST-L3-014003,SF-Galaxy-Pro-2568,TXN-202508-26014003,defect,,fahmai_cs,pending
WC-202508-26015161,2025-08-26,2025-08-26,,2026-01-15,CUST-L3-015161,SKU-MASS-082,TXN-202508-26015161,defect,,fahmai_cs,pending
WC-202508-26015310,2025-08-26,2025-08-26,,2026-01-15,CUST-L3-015310,SKU-MASS-045,TXN-202508-26015310,defect,,fahmai_cs,pending
WC-202508-26017035,2025-08-26,2025-08-26,,2026-01-15,CUST-L3-017035,SKU-MASS-032,TXN-202508-26017035,defect,,fahmai_cs,pending
WC-202508-26021269,2025-08-26,2025-08-26,,2026-01-15,CUST-L3-021269,SKU-MASS-010,TXN-202508-26021269,defect,,fahmai_cs,pending
WC-202508-26025072,2025-08-26,2025-08-26,,2026-01-15,CUST-L3-025072,SKU-MASS-056,TXN-202508-26025072,defect,,fahmai_cs,pending
WC-202508-27005470,2025-08-27,2025-08-27,,2026-01-15,CUST-L3-005470,SKU-MASS-056,TXN-202508-27005470,defect,,fahmai_cs,pending
WC-202508-27016950,2025-08-27,2025-08-27,,2026-01-15,CUST-L3-016950,SKU-MASS-106,TXN-202508-27016950,defect,,fahmai_cs,pending
WC-202508-27020910,2025-08-27,2025-08-27,,2026-01-15,CUST-L3-020910,SKU-MASS-039,TXN-202508-27020910,defect,,fahmai_cs,pending
WCL-CL-E9_PRE-88165205,2025-08-27,2025-08-27,,2026-01-15,CUST-L3-000077,NT-LT-001,,battery swelling concern — NT-LT-001 (pre-recall signal),,novatech_service,pending
WC-202508-28009460,2025-08-28,2025-08-28,,2026-01-15,CUST-L3-009460,SKU-MASS-068,TXN-202508-28009460,defect,,fahmai_cs,pending
WC-202508-28012691,2025-08-28,2025-08-28,,2026-01-15,CUST-L3-012691,SKU-MASS-029,TXN-202508-28012691,defect,,fahmai_cs,pending
WC-202508-28013439,2025-08-28,2025-08-28,,2026-01-15,CUST-L3-013439,SKU-MASS-087,TXN-202508-28013439,defect,,fahmai_cs,pending
WC-202508-28018099,2025-08-28,2025-08-28,,2026-01-15,CUST-L3-018099,SKU-MASS-014,TXN-202508-28018099,defect,,fahmai_cs,pending
WC-202508-29002413,2025-08-29,2025-08-29,,2026-01-15,CUST-L3-002413,SKU-MASS-027,TXN-202508-29002413,defect,,fahmai_cs,pending
WC-202508-29004653,2025-08-29,2025-08-29,,2026-01-15,CUST-L3-004653,SKU-MASS-099,TXN-202508-29004653,defect,,fahmai_cs,pending
WC-202508-29006650,2025-08-29,2025-08-29,,2026-01-15,CUST-L3-006650,SKU-MASS-054,TXN-202508-29006650,defect,,fahmai_cs,pending
WC-202508-29010630,2025-08-29,2025-08-29,,2026-01-15,CUST-L3-010630,SKU-MASS-036,TXN-202508-29010630,defect,,fahmai_cs,pending
WC-202508-29012652,2025-08-29,2025-08-29,,2026-01-15,CUST-L3-012652,SKU-MASS-085,TXN-202508-29012652,defect,,fahmai_cs,pending
WC-202508-29026833,2025-08-29,2025-08-29,,2026-01-15,CUST-L3-026833,SKU-MASS-041,TXN-202508-29026833,defect,,fahmai_cs,pending
WCL-CL-E9_PRE-161644825,2025-08-29,2025-08-29,,2026-01-15,CUST-L3-000085,NT-LT-001,,battery swelling concern — NT-LT-001 (pre-recall signal),,novatech_service,pending
WC-202508-30011186,2025-08-30,2025-08-30,,2026-01-15,CUST-L3-011186,SKU-MASS-025,TXN-202508-30011186,defect,,fahmai_cs,pending
WC-202508-30011404,2025-08-30,2025-08-30,,2026-01-15,CUST-L3-011404,SKU-MASS-082,TXN-202508-30011404,defect,,fahmai_cs,pending
WC-202508-30016040,2025-08-30,2025-08-30,,2026-01-15,CUST-L3-016040,SKU-MASS-086,TXN-202508-30016040,defect,,fahmai_cs,pending
WC-202508-30016455,2025-08-30,2025-08-30,,2026-01-15,CUST-L3-016455,SKU-MASS-071,TXN-202508-30016455,defect,,fahmai_cs,pending
WC-202508-30018212,2025-08-30,2025-08-30,,2026-01-15,CUST-L3-018212,SKU-MASS-009,TXN-202508-30018212,defect,,fahmai_cs,pending
WC-202508-30028399,2025-08-30,2025-08-30,,2026-01-15,CUST-L3-028399,SKU-MASS-039,TXN-202508-30028399,defect,,fahmai_cs,pending
WC-202508-30029337,2025-08-30,2025-08-30,,2026-01-15,CUST-L3-029337,SKU-MASS-079,TXN-202508-30029337,defect,,fahmai_cs,pending
WC-202508-31009339,2025-08-31,2025-08-31,,2026-01-15,CUST-L3-009339,SKU-MASS-019,TXN-202508-31009339,defect,,fahmai_cs,pending
WC-202508-31012190,2025-08-31,2025-08-31,,2026-01-15,CUST-L3-012190,SKU-MASS-030,TXN-202508-31012190,defect,,fahmai_cs,pending
WC-202508-31017806,2025-08-31,2025-08-31,,2026-01-15,CUST-L3-017806,SKU-MASS-024,TXN-202508-31017806,defect,,fahmai_cs,pending
WC-202508-31019468,2025-08-31,2025-08-31,,2026-01-15,CUST-L3-019468,SKU-MASS-075,TXN-202508-31019468,defect,,fahmai_cs,pending
WC-202508-31023063,2025-08-31,2025-08-31,,2026-01-15,CUST-L3-023063,SKU-MASS-066,TXN-202508-31023063,defect,,fahmai_cs,pending
WC-202508-31026818,2025-08-31,2025-08-31,,2026-01-15,CUST-L3-026818,SKU-MASS-063,TXN-202508-31026818,defect,,fahmai_cs,pending
WC-202509-01009893,2025-09-01,2025-09-01,,2026-01-15,CUST-L3-009893,SKU-MASS-102,TXN-202509-01009893,defect,,fahmai_cs,pending
WC-202509-01011173,2025-09-01,2025-09-01,,2026-01-15,CUST-L3-011173,SKU-MASS-072,TXN-202509-01011173,defect,,fahmai_cs,pending
WC-202509-01011510,2025-09-01,2025-09-01,,2026-01-15,CUST-L3-011510,SKU-MASS-028,TXN-202509-01011510,defect,,fahmai_cs,pending
WC-202509-01018831,2025-09-01,2025-09-01,,2026-01-15,CUST-L3-018831,SKU-MASS-044,TXN-202509-01018831,defect,,fahmai_cs,pending
WC-202509-01019623,2025-09-01,2025-09-01,,2026-01-15,CUST-L3-019623,WK-SW-004,TXN-202509-01019623,defect,,fahmai_cs,pending
WCL-CL-E9_PRE-120646964,2025-09-01,2025-09-01,,2026-01-15,CUST-L3-000047,NT-LT-001,,battery swelling concern — NT-LT-001 (pre-recall signal),,novatech_service,pending
WC-202509-02000929,2025-09-02,2025-09-02,,2026-01-15,CUST-L3-000929,SKU-MASS-061,TXN-202509-02000929,defect,,fahmai_cs,pending
WC-202509-02003938,2025-09-02,2025-09-02,,2026-01-15,CUST-L3-003938,SKU-MASS-085,TXN-202509-02003938,defect,,fahmai_cs,pending
WC-202509-02010126,2025-09-02,2025-09-02,,2026-01-15,CUST-L3-010126,SKU-MASS-014,TXN-202509-02010126,defect,,fahmai_cs,pending
WC-202509-02017069,2025-09-02,2025-09-02,,2026-01-15,CUST-L3-017069,SKU-MASS-033,TXN-202509-02017069,defect,,fahmai_cs,pending
WC-202509-02018963,2025-09-02,2025-09-02,,2026-01-15,CUST-L3-018963,SKU-MASS-103,TXN-202509-02018963,defect,,fahmai_cs,pending
WC-202509-02022003,2025-09-02,2025-09-02,,2026-01-15,CUST-L3-022003,SKU-MASS-070,TXN-202509-02022003,defect,,fahmai_cs,pending
WC-202509-02027277,2025-09-02,2025-09-02,,2026-01-15,CUST-L3-027277,SKU-MASS-033,TXN-202509-02027277,defect,,fahmai_cs,pending
WC-202509-03007032,2025-09-03,2025-09-03,,2026-01-15,CUST-L3-007032,SKU-MASS-053,TXN-202509-03007032,defect,,fahmai_cs,pending
WC-202509-03008772,2025-09-03,2025-09-03,,2026-01-15,CUST-L3-008772,SKU-MASS-109,TXN-202509-03008772,defect,,fahmai_cs,pending
WC-202509-03009929,2025-09-03,2025-09-03,,2026-01-15,CUST-L3-009929,SKU-MASS-041,TXN-202509-03009929,defect,,fahmai_cs,pending
WC-202509-03016361,2025-09-03,2025-09-03,,2026-01-15,CUST-L3-016361,SKU-MASS-100,TXN-202509-03016361,defect,,fahmai_cs,pending
WC-202509-03019334,2025-09-03,2025-09-03,,2026-01-15,CUST-L3-019334,SKU-MASS-029,TXN-202509-03019334,defect,,fahmai_cs,pending
WC-202509-03022643,2025-09-03,2025-09-03,,2026-01-15,CUST-L3-022643,SKU-MASS-040,TXN-202509-03022643,defect,,fahmai_cs,pending
WC-202509-03023967,2025-09-03,2025-09-03,,2026-01-15,CUST-L3-023967,SKU-MASS-010,TXN-202509-03023967,defect,,fahmai_cs,pending
WC-202509-03026846,2025-09-03,2025-09-03,,2026-01-15,CUST-L3-026846,SKU-MASS-032,TXN-202509-03026846,defect,,fahmai_cs,pending
WC-202509-04005539,2025-09-04,2025-09-04,,2026-01-15,CUST-L3-005539,SKU-MASS-074,TXN-202509-04005539,defect,,fahmai_cs,pending
WC-202509-04006722,2025-09-04,2025-09-04,,2026-01-15,CUST-L3-006722,SKU-MASS-007,TXN-202509-04006722,defect,,fahmai_cs,pending
WC-202509-04013587,2025-09-04,2025-09-04,,2026-01-15,CUST-L3-013587,WK-SW-004,TXN-202509-04013587,defect,,fahmai_cs,pending
WC-202509-04013873,2025-09-04,2025-09-04,,2026-01-15,CUST-L3-013873,SKU-MASS-107,TXN-202509-04013873,defect,,fahmai_cs,pending
WC-202509-04023852,2025-09-04,2025-09-04,,2026-01-15,CUST-L3-023852,SKU-MASS-055,TXN-202509-04023852,defect,,fahmai_cs,pending
WC-202509-04026843,2025-09-04,2025-09-04,,2026-01-15,CUST-L3-026843,SKU-MASS-110,TXN-202509-04026843,defect,,fahmai_cs,pending
WCL-CL-E9_PRE-29753604,2025-09-04,2025-09-04,,2026-01-15,CUST-L3-000022,NT-LT-001,,battery swelling concern — NT-LT-001 (pre-recall signal),,novatech_service,pending
WC-202509-05001692,2025-09-05,2025-09-05,,2026-01-15,CUST-L3-001692,SKU-MASS-074,TXN-202509-05001692,defect,,fahmai_cs,pending
WC-202509-05019335,2025-09-05,2025-09-05,,2026-01-15,CUST-L3-019335,SKU-MASS-069,TXN-202509-05019335,defect,,fahmai_cs,pending
WC-202509-05023564,2025-09-05,2025-09-05,,2026-01-15,CUST-L3-023564,SKU-MASS-056,TXN-202509-05023564,defect,,fahmai_cs,pending
WC-202509-06000244,2025-09-06,2025-09-06,,2026-01-15,CUST-L3-000244,SKU-MASS-078,TXN-202509-06000244,defect,,fahmai_cs,pending
WC-202509-06001321,2025-09-06,2025-09-06,,2026-01-15,CUST-L3-001321,SKU-MASS-093,TXN-202509-06001321,defect,,fahmai_cs,pending
WC-202509-06003921,2025-09-06,2025-09-06,,2026-01-15,CUST-L3-003921,SKU-MASS-064,TXN-202509-06003921,defect,,fahmai_cs,pending
WC-202509-06007087,2025-09-06,2025-09-06,,2026-01-15,CUST-L3-007087,SF-Galaxy-Pro-2568,TXN-202509-06007087,defect,,fahmai_cs,pending
WC-202509-06009165,2025-09-06,2025-09-06,,2026-01-15,CUST-L3-009165,SKU-MASS-025,TXN-202509-06009165,defect,,fahmai_cs,pending
WC-202509-06022780,2025-09-06,2025-09-06,,2026-01-15,CUST-L3-022780,SKU-MASS-052,TXN-202509-06022780,defect,,fahmai_cs,pending
WC-202509-06023691,2025-09-06,2025-09-06,,2026-01-15,CUST-L3-023691,SKU-MASS-046,TXN-202509-06023691,defect,,fahmai_cs,pending
WC-202509-06026074,2025-09-06,2025-09-06,,2026-01-15,CUST-L3-026074,SKU-MASS-043,TXN-202509-06026074,defect,,fahmai_cs,pending
WC-202509-06027275,2025-09-06,2025-09-06,,2026-01-15,CUST-L3-027275,SKU-MASS-028,TXN-202509-06027275,defect,,fahmai_cs,pending
WC-202509-06027927,2025-09-06,2025-09-06,,2026-01-15,CUST-L3-027927,SKU-MASS-025,TXN-202509-06027927,defect,,fahmai_cs,pending
WCL-CL-E9_PRE-35040624,2025-09-06,2025-09-06,,2026-01-15,CUST-L3-000022,NT-LT-001,,battery swelling concern — NT-LT-001 (pre-recall signal),,novatech_service,pending
WC-202509-07005431,2025-09-07,2025-09-07,,2026-01-15,CUST-L3-005431,SKU-MASS-022,TXN-202509-07005431,defect,,fahmai_cs,pending
WC-202509-07008995,2025-09-07,2025-09-07,,2026-01-15,CUST-L3-008995,SKU-MASS-054,TXN-202509-07008995,defect,,fahmai_cs,pending
WC-202509-07022884,2025-09-07,2025-09-07,,2026-01-15,CUST-L3-022884,SKU-MASS-096,TXN-202509-07022884,defect,,fahmai_cs,pending
WC-202509-08002846,2025-09-08,2025-09-08,,2026-01-15,CUST-L3-002846,SKU-MASS-030,TXN-202509-08002846,defect,,fahmai_cs,pending
WC-202509-08010664,2025-09-08,2025-09-08,,2026-01-15,CUST-L3-010664,SKU-MASS-067,TXN-202509-08010664,defect,,fahmai_cs,pending
WC-202509-08018002,2025-09-08,2025-09-08,,2026-01-15,CUST-L3-018002,SKU-MASS-074,TXN-202509-08018002,defect,,fahmai_cs,pending
WC-202509-08024349,2025-09-08,2025-09-08,,2026-01-15,CUST-L3-024349,SKU-MASS-016,TXN-202509-08024349,defect,,fahmai_cs,pending
WC-202509-08026829,2025-09-08,2025-09-08,,2026-01-15,CUST-L3-026829,SKU-MASS-092,TXN-202509-08026829,defect,,fahmai_cs,pending
WC-202509-08026960,2025-09-08,2025-09-08,,2026-01-15,CUST-L3-026960,SKU-MASS-009,TXN-202509-08026960,defect,,fahmai_cs,pending
WC-202509-09000590,2025-09-09,2025-09-09,,2026-01-15,CUST-L3-000590,SKU-MASS-082,TXN-202509-09000590,defect,,fahmai_cs,pending
WC-202509-09020397,2025-09-09,2025-09-09,,2026-01-15,CUST-L3-020397,SKU-MASS-036,TXN-202509-09020397,defect,,fahmai_cs,pending
WC-202509-09023040,2025-09-09,2025-09-09,,2026-01-15,CUST-L3-023040,SKU-MASS-013,TXN-202509-09023040,defect,,fahmai_cs,pending
WC-202509-09026235,2025-09-09,2025-09-09,,2026-01-15,CUST-L3-026235,SKU-MASS-092,TXN-202509-09026235,defect,,fahmai_cs,pending
WC-202509-09026295,2025-09-09,2025-09-09,,2026-01-15,CUST-L3-026295,SKU-MASS-047,TXN-202509-09026295,defect,,fahmai_cs,pending
WC-202509-09026943,2025-09-09,2025-09-09,,2026-01-15,CUST-L3-026943,SKU-MASS-073,TXN-202509-09026943,defect,,fahmai_cs,pending
WCL-CL-E9_PRE-215396833,2025-09-09,2025-09-09,,2026-01-15,CUST-L3-000169,NT-LT-001,,battery swelling concern — NT-LT-001 (pre-recall signal),,novatech_service,pending
WC-202509-10000936,2025-09-10,2025-09-10,,2026-01-15,CUST-L3-000936,SKU-MASS-103,TXN-202509-10000936,defect,,fahmai_cs,pending
WC-202509-10006153,2025-09-10,2025-09-10,,2026-01-15,CUST-L3-006153,SKU-MASS-089,TXN-202509-10006153,defect,,fahmai_cs,pending
WC-202509-10025514,2025-09-10,2025-09-10,,2026-01-15,CUST-L3-025514,SKU-MASS-030,TXN-202509-10025514,defect,,fahmai_cs,pending
WC-202509-10028159,2025-09-10,2025-09-10,,2026-01-15,CUST-L3-028159,SKU-MASS-041,TXN-202509-10028159,defect,,fahmai_cs,pending
WC-202509-11016641,2025-09-11,2025-09-11,,2026-01-15,CUST-L3-016641,SKU-MASS-089,TXN-202509-11016641,defect,,fahmai_cs,pending
WC-202509-11018989,2025-09-11,2025-09-11,,2026-01-15,CUST-L3-018989,SKU-MASS-057,TXN-202509-11018989,defect,,fahmai_cs,pending
WC-202509-11028136,2025-09-11,2025-09-11,,2026-01-15,CUST-L3-028136,SKU-MASS-104,TXN-202509-11028136,defect,,fahmai_cs,pending
WC-202509-11029039,2025-09-11,2025-09-11,,2026-01-15,CUST-L3-029039,SKU-MASS-023,TXN-202509-11029039,defect,,fahmai_cs,pending
WC-202509-12001145,2025-09-12,2025-09-12,,2026-01-15,CUST-L3-001145,SKU-STD-001,TXN-202509-12001145,defect,,fahmai_cs,pending
WC-202509-12002449,2025-09-12,2025-09-12,,2026-01-15,CUST-L3-002449,SKU-MASS-058,TXN-202509-12002449,defect,,fahmai_cs,pending
WC-202509-12027269,2025-09-12,2025-09-12,,2026-01-15,CUST-L3-027269,SKU-STD-001,TXN-202509-12027269,defect,,fahmai_cs,pending
WC-202509-13001185,2025-09-13,2025-09-13,,2026-01-15,CUST-L3-001185,SKU-MASS-049,TXN-202509-13001185,defect,,fahmai_cs,pending
WC-202509-13007854,2025-09-13,2025-09-13,,2026-01-15,CUST-L3-007854,SKU-MASS-062,TXN-202509-13007854,defect,,fahmai_cs,pending
WC-202509-13011051,2025-09-13,2025-09-13,,2026-01-15,CUST-L3-011051,DN-LT-010,TXN-202509-13011051,defect,,fahmai_cs,pending
WC-202509-13011844,2025-09-13,2025-09-13,,2026-01-15,CUST-L3-011844,SKU-MASS-027,TXN-202509-13011844,defect,,fahmai_cs,pending
WC-202509-13013111,2025-09-13,2025-09-13,,2026-01-15,CUST-L3-013111,SKU-MASS-039,TXN-202509-13013111,defect,,fahmai_cs,pending
WC-202509-13017437,2025-09-13,2025-09-13,,2026-01-15,CUST-L3-017437,SKU-MASS-109,TXN-202509-13017437,defect,,fahmai_cs,pending
WC-202509-13020745,2025-09-13,2025-09-13,,2026-01-15,CUST-L3-020745,SKU-MASS-030,TXN-202509-13020745,defect,,fahmai_cs,pending
WC-202509-14000711,2025-09-14,2025-09-14,,2026-01-15,CUST-L3-000711,SKU-MASS-091,TXN-202509-14000711,defect,,fahmai_cs,pending
WC-202509-14000763,2025-09-14,2025-09-14,,2026-01-15,CUST-L3-000763,SKU-MASS-073,TXN-202509-14000763,defect,,fahmai_cs,pending
WC-202509-14008729,2025-09-14,2025-09-14,,2026-01-15,CUST-L3-008729,SKU-MASS-039,TXN-202509-14008729,defect,,fahmai_cs,pending
WC-202509-14008957,2025-09-14,2025-09-14,,2026-01-15,CUST-L3-008957,SKU-MASS-098,TXN-202509-14008957,defect,,fahmai_cs,pending
WC-202509-14024156,2025-09-14,2025-09-14,,2026-01-15,CUST-L3-024156,SKU-MASS-036,TXN-202509-14024156,defect,,fahmai_cs,pending
WC-202509-15011909,2025-09-15,2025-09-15,,2026-01-15,CUST-L3-011909,DN-LT-010,TXN-202509-15011909,defect,,fahmai_cs,pending
WC-202509-15017628,2025-09-15,2025-09-15,,2026-01-15,CUST-L3-017628,SKU-MASS-058,TXN-202509-15017628,defect,,fahmai_cs,pending
WC-202509-15018503,2025-09-15,2025-09-15,,2026-01-15,CUST-L3-018503,WK-SW-004,TXN-202509-15018503,defect,,fahmai_cs,pending
WC-202509-15025878,2025-09-15,2025-09-15,,2026-01-15,CUST-L3-025878,SKU-MASS-028,TXN-202509-15025878,defect,,fahmai_cs,pending
WC-202509-15029348,2025-09-15,2025-09-15,,2026-01-15,CUST-L3-029348,SKU-MASS-061,TXN-202509-15029348,defect,,fahmai_cs,pending
WC-202509-15029367,2025-09-15,2025-09-15,,2026-01-15,CUST-L3-029367,SKU-MASS-081,TXN-202509-15029367,defect,,fahmai_cs,pending
WC-202509-16000073,2025-09-16,2025-09-16,,2026-01-15,CUST-L3-000073,SKU-MASS-046,TXN-202509-16000073,defect,,fahmai_cs,pending
WC-202509-16012166,2025-09-16,2025-09-16,,2026-01-15,CUST-L3-012166,SKU-MASS-110,TXN-202509-16012166,defect,,fahmai_cs,pending
WC-202509-16016178,2025-09-16,2025-09-16,,2026-01-15,CUST-L3-016178,SKU-MASS-040,TXN-202509-16016178,defect,,fahmai_cs,pending
WC-202509-16017924,2025-09-16,2025-09-16,,2026-01-15,CUST-L3-017924,SKU-MASS-055,TXN-202509-16017924,defect,,fahmai_cs,pending
WC-202509-16019305,2025-09-16,2025-09-16,,2026-01-15,CUST-L3-019305,SKU-MASS-054,TXN-202509-16019305,defect,,fahmai_cs,pending
WC-202509-16022194,2025-09-16,2025-09-16,,2026-01-15,CUST-L3-022194,SKU-MASS-037,TXN-202509-16022194,defect,,fahmai_cs,pending
WC-202509-16026894,2025-09-16,2025-09-16,,2026-01-15,CUST-L3-026894,SKU-MASS-100,TXN-202509-16026894,defect,,fahmai_cs,pending
WC-202509-16028660,2025-09-16,2025-09-16,,2026-01-15,CUST-L3-028660,SKU-MASS-094,TXN-202509-16028660,defect,,fahmai_cs,pending
WC-202509-16029421,2025-09-16,2025-09-16,,2026-01-15,CUST-L3-029421,SKU-MASS-090,TXN-202509-16029421,defect,,fahmai_cs,pending
WC-202509-17002555,2025-09-17,2025-09-17,,2026-01-15,CUST-L3-002555,SKU-MASS-103,TXN-202509-17002555,defect,,fahmai_cs,pending
WC-202509-17006271,2025-09-17,2025-09-17,,2026-01-15,CUST-L3-006271,SKU-MASS-107,TXN-202509-17006271,defect,,fahmai_cs,pending
WC-202509-17013604,2025-09-17,2025-09-17,,2026-01-15,CUST-L3-013604,SKU-MASS-059,TXN-202509-17013604,defect,,fahmai_cs,pending
WC-202509-17014260,2025-09-17,2025-09-17,,2026-01-15,CUST-L3-014260,SKU-MASS-078,TXN-202509-17014260,defect,,fahmai_cs,pending
WC-202509-17014522,2025-09-17,2025-09-17,,2026-01-15,CUST-L3-014522,SKU-MASS-066,TXN-202509-17014522,defect,,fahmai_cs,pending
WC-202509-17016495,2025-09-17,2025-09-17,,2026-01-15,CUST-L3-016495,SKU-MASS-012,TXN-202509-17016495,defect,,fahmai_cs,pending
WC-202509-17018928,2025-09-17,2025-09-17,,2026-01-15,CUST-L3-018928,SKU-MASS-043,TXN-202509-17018928,defect,,fahmai_cs,pending
WC-202509-17019504,2025-09-17,2025-09-17,,2026-01-15,CUST-L3-019504,SKU-MASS-010,TXN-202509-17019504,defect,,fahmai_cs,pending
WC-202509-17028251,2025-09-17,2025-09-17,,2026-01-15,CUST-L3-028251,SKU-MASS-050,TXN-202509-17028251,defect,,fahmai_cs,pending
WC-202509-18012631,2025-09-18,2025-09-18,,2026-01-15,CUST-L3-012631,SKU-MASS-042,TXN-202509-18012631,defect,,fahmai_cs,pending
WC-202509-18016842,2025-09-18,2025-09-18,,2026-01-15,CUST-L3-016842,SKU-MASS-011,TXN-202509-18016842,defect,,fahmai_cs,pending
WC-202509-18028586,2025-09-18,2025-09-18,,2026-01-15,CUST-L3-028586,SKU-MASS-099,TXN-202509-18028586,defect,,fahmai_cs,pending
WC-202509-19005646,2025-09-19,2025-09-19,,2026-01-15,CUST-L3-005646,SKU-MASS-018,TXN-202509-19005646,defect,,fahmai_cs,pending
WC-202509-19005653,2025-09-19,2025-09-19,,2026-01-15,CUST-L3-005653,SKU-MASS-060,TXN-202509-19005653,defect,,fahmai_cs,pending
WC-202509-19009204,2025-09-19,2025-09-19,,2026-01-15,CUST-L3-009204,SKU-MASS-075,TXN-202509-19009204,defect,,fahmai_cs,pending
WC-202509-19027196,2025-09-19,2025-09-19,,2026-01-15,CUST-L3-027196,SKU-MASS-034,TXN-202509-19027196,defect,,fahmai_cs,pending
WC-202509-20000270,2025-09-20,2025-09-20,,2026-01-15,CUST-L3-000270,SKU-MASS-079,TXN-202509-20000270,defect,,fahmai_cs,pending
WC-202509-20002899,2025-09-20,2025-09-20,,2026-01-15,CUST-L3-002899,SKU-MASS-023,TXN-202509-20002899,defect,,fahmai_cs,pending
WC-202509-20007107,2025-09-20,2025-09-20,,2026-01-15,CUST-L3-007107,SKU-MASS-100,TXN-202509-20007107,defect,,fahmai_cs,pending
WC-202509-20007512,2025-09-20,2025-09-20,,2026-01-15,CUST-L3-007512,SKU-MASS-025,TXN-202509-20007512,defect,,fahmai_cs,pending
WC-202509-20011402,2025-09-20,2025-09-20,,2026-01-15,CUST-L3-011402,SKU-MASS-096,TXN-202509-20011402,defect,,fahmai_cs,pending
WC-202509-20012517,2025-09-20,2025-09-20,,2026-01-15,CUST-L3-012517,SKU-MASS-039,TXN-202509-20012517,defect,,fahmai_cs,pending
WC-202509-20014277,2025-09-20,2025-09-20,,2026-01-15,CUST-L3-014277,SKU-MASS-029,TXN-202509-20014277,defect,,fahmai_cs,pending
WC-202509-20015989,2025-09-20,2025-09-20,,2026-01-15,CUST-L3-015989,SKU-MASS-088,TXN-202509-20015989,defect,,fahmai_cs,pending
WC-202509-20027870,2025-09-20,2025-09-20,,2026-01-15,CUST-L3-027870,SKU-MASS-011,TXN-202509-20027870,defect,,fahmai_cs,pending
WC-202509-20029237,2025-09-20,2025-09-20,,2026-01-15,CUST-L3-029237,SKU-MASS-070,TXN-202509-20029237,defect,,fahmai_cs,pending
WC-202509-20029976,2025-09-20,2025-09-20,,2026-01-15,CUST-L3-029976,SKU-MASS-076,TXN-202509-20029976,defect,,fahmai_cs,pending
WC-202509-21000589,2025-09-21,2025-09-21,,2026-01-15,CUST-L3-000589,SKU-MASS-080,TXN-202509-21000589,defect,,fahmai_cs,pending
WC-202509-21008758,2025-09-21,2025-09-21,,2026-01-15,CUST-L3-008758,SKU-MASS-026,TXN-202509-21008758,defect,,fahmai_cs,pending
WC-202509-21010968,2025-09-21,2025-09-21,,2026-01-15,CUST-L3-010968,SKU-STD-001,TXN-202509-21010968,defect,,fahmai_cs,pending
WC-202509-21020909,2025-09-21,2025-09-21,,2026-01-15,CUST-L3-020909,SKU-MASS-007,TXN-202509-21020909,defect,,fahmai_cs,pending
WC-202509-21023043,2025-09-21,2025-09-21,,2026-01-15,CUST-L3-023043,SKU-MASS-046,TXN-202509-21023043,defect,,fahmai_cs,pending
WC-202509-21024928,2025-09-21,2025-09-21,,2026-01-15,CUST-L3-024928,SKU-MASS-088,TXN-202509-21024928,defect,,fahmai_cs,pending
WC-202509-21025885,2025-09-21,2025-09-21,,2026-01-15,CUST-L3-025885,SKU-MASS-074,TXN-202509-21025885,defect,,fahmai_cs,pending
WC-202509-22015009,2025-09-22,2025-09-22,,2026-01-15,CUST-L3-015009,SKU-MASS-020,TXN-202509-22015009,defect,,fahmai_cs,pending
WC-202509-22015806,2025-09-22,2025-09-22,,2026-01-15,CUST-L3-015806,SKU-MASS-075,TXN-202509-22015806,defect,,fahmai_cs,pending
WC-202509-23001177,2025-09-23,2025-09-23,,2026-01-15,CUST-L3-001177,SKU-MASS-072,TXN-202509-23001177,defect,,fahmai_cs,pending
WC-202509-23003001,2025-09-23,2025-09-23,,2026-01-15,CUST-L3-003001,SKU-MASS-044,TXN-202509-23003001,defect,,fahmai_cs,pending
WC-202509-23007419,2025-09-23,2025-09-23,,2026-01-15,CUST-L3-007419,SKU-MASS-061,TXN-202509-23007419,defect,,fahmai_cs,pending
WC-202509-23007511,2025-09-23,2025-09-23,,2026-01-15,CUST-L3-007511,SKU-MASS-085,TXN-202509-23007511,defect,,fahmai_cs,pending
WC-202509-23013966,2025-09-23,2025-09-23,,2026-01-15,CUST-L3-013966,SKU-MASS-011,TXN-202509-23013966,defect,,fahmai_cs,pending
WC-202509-23016063,2025-09-23,2025-09-23,,2026-01-15,CUST-L3-016063,SKU-MASS-108,TXN-202509-23016063,defect,,fahmai_cs,pending
WC-202509-23019572,2025-09-23,2025-09-23,,2026-01-15,CUST-L3-019572,SKU-MASS-090,TXN-202509-23019572,defect,,fahmai_cs,pending
WC-202509-23022123,2025-09-23,2025-09-23,,2026-01-15,CUST-L3-022123,SF-Galaxy-Pro-2568,TXN-202509-23022123,defect,,fahmai_cs,pending
WC-202509-23028862,2025-09-23,2025-09-23,,2026-01-15,CUST-L3-028862,SKU-MASS-015,TXN-202509-23028862,defect,,fahmai_cs,pending
WC-202509-24000356,2025-09-24,2025-09-24,,2026-01-15,CUST-L3-000356,SKU-MASS-012,TXN-202509-24000356,defect,,fahmai_cs,pending
WC-202509-24002632,2025-09-24,2025-09-24,,2026-01-15,CUST-L3-002632,SKU-MASS-039,TXN-202509-24002632,defect,,fahmai_cs,pending
WC-202509-24014448,2025-09-24,2025-09-24,,2026-01-15,CUST-L3-014448,SKU-MASS-017,TXN-202509-24014448,defect,,fahmai_cs,pending
WC-202509-24020659,2025-09-24,2025-09-24,,2026-01-15,CUST-L3-020659,SKU-MASS-086,TXN-202509-24020659,defect,,fahmai_cs,pending
WC-202509-24021559,2025-09-24,2025-09-24,,2026-01-15,CUST-L3-021559,SKU-MASS-085,TXN-202509-24021559,defect,,fahmai_cs,pending
WC-202509-24025402,2025-09-24,2025-09-24,,2026-01-15,CUST-L3-025402,SKU-MASS-027,TXN-202509-24025402,defect,,fahmai_cs,pending
WC-202509-25010924,2025-09-25,2025-09-25,,2026-01-15,CUST-L3-010924,SKU-MASS-056,TXN-202509-25010924,defect,,fahmai_cs,pending
WC-202509-25014071,2025-09-25,2025-09-25,,2026-01-15,CUST-L3-014071,SKU-MASS-086,TXN-202509-25014071,defect,,fahmai_cs,pending
WC-202509-25016368,2025-09-25,2025-09-25,,2026-01-15,CUST-L3-016368,SKU-MASS-075,TXN-202509-25016368,defect,,fahmai_cs,pending
WC-202509-25016983,2025-09-25,2025-09-25,,2026-01-15,CUST-L3-016983,SKU-MASS-010,TXN-202509-25016983,defect,,fahmai_cs,pending
WC-202509-25020127,2025-09-25,2025-09-25,,2026-01-15,CUST-L3-020127,SKU-MASS-012,TXN-202509-25020127,defect,,fahmai_cs,pending
WC-202509-25024321,2025-09-25,2025-09-25,,2026-01-15,CUST-L3-024321,SKU-MASS-041,TXN-202509-25024321,defect,,fahmai_cs,pending
WC-202509-25029554,2025-09-25,2025-09-25,,2026-01-15,CUST-L3-029554,SKU-MASS-040,TXN-202509-25029554,defect,,fahmai_cs,pending
WC-202509-26002731,2025-09-26,2025-09-26,,2026-01-15,CUST-L3-002731,SKU-MASS-108,TXN-202509-26002731,defect,,fahmai_cs,pending
WC-202509-26010187,2025-09-26,2025-09-26,,2026-01-15,CUST-L3-010187,SKU-MASS-030,TXN-202509-26010187,defect,,fahmai_cs,pending
WC-202509-26014671,2025-09-26,2025-09-26,,2026-01-15,CUST-L3-014671,SKU-MASS-070,TXN-202509-26014671,defect,,fahmai_cs,pending
WC-202509-26020479,2025-09-26,2025-09-26,,2026-01-15,CUST-L3-020479,SKU-MASS-106,TXN-202509-26020479,defect,,fahmai_cs,pending
WC-202509-27006201,2025-09-27,2025-09-27,,2026-01-15,CUST-L3-006201,SKU-MASS-085,TXN-202509-27006201,defect,,fahmai_cs,pending
WC-202509-27008572,2025-09-27,2025-09-27,,2026-01-15,CUST-L3-008572,SKU-MASS-069,TXN-202509-27008572,defect,,fahmai_cs,pending
WC-202509-27013589,2025-09-27,2025-09-27,,2026-01-15,CUST-L3-013589,SKU-MASS-083,TXN-202509-27013589,defect,,fahmai_cs,pending
WC-202509-27020265,2025-09-27,2025-09-27,,2026-01-15,CUST-L3-020265,SKU-MASS-057,TXN-202509-27020265,defect,,fahmai_cs,pending
WC-202509-27022966,2025-09-27,2025-09-27,,2026-01-15,CUST-L3-022966,SKU-MASS-089,TXN-202509-27022966,defect,,fahmai_cs,pending
WC-202509-27023446,2025-09-27,2025-09-27,,2026-01-15,CUST-L3-023446,SKU-MASS-108,TXN-202509-27023446,defect,,fahmai_cs,pending
WC-202509-28007117,2025-09-28,2025-09-28,,2026-01-15,CUST-L3-007117,SKU-MASS-032,TXN-202509-28007117,defect,,fahmai_cs,pending
WC-202509-28012425,2025-09-28,2025-09-28,,2026-01-15,CUST-L3-012425,SKU-MASS-102,TXN-202509-28012425,defect,,fahmai_cs,pending
WC-202509-28014649,2025-09-28,2025-09-28,,2026-01-15,CUST-L3-014649,SKU-MASS-105,TXN-202509-28014649,defect,,fahmai_cs,pending
WC-202509-28015464,2025-09-28,2025-09-28,,2026-01-15,CUST-L3-015464,SKU-MASS-012,TXN-202509-28015464,defect,,fahmai_cs,pending
WC-202509-28022756,2025-09-28,2025-09-28,,2026-01-15,CUST-L3-022756,SKU-MASS-095,TXN-202509-28022756,defect,,fahmai_cs,pending
WC-202509-29012671,2025-09-29,2025-09-29,,2026-01-15,CUST-L3-012671,SKU-MASS-099,TXN-202509-29012671,defect,,fahmai_cs,pending
WC-202509-29025252,2025-09-29,2025-09-29,,2026-01-15,CUST-L3-025252,SKU-MASS-080,TXN-202509-29025252,defect,,fahmai_cs,pending
WC-202509-30004882,2025-09-30,2025-09-30,,2026-01-15,CUST-L3-004882,SKU-MASS-039,TXN-202509-30004882,defect,,fahmai_cs,pending
WC-202509-30009601,2025-09-30,2025-09-30,,2026-01-15,CUST-L3-009601,SKU-MASS-085,TXN-202509-30009601,defect,,fahmai_cs,pending
WC-202509-30015044,2025-09-30,2025-09-30,,2026-01-15,CUST-L3-015044,SKU-MASS-049,TXN-202509-30015044,defect,,fahmai_cs,pending
WC-202509-30015681,2025-09-30,2025-09-30,,2026-01-15,CUST-L3-015681,SKU-MASS-105,TXN-202509-30015681,defect,,fahmai_cs,pending
WC-202509-30021016,2025-09-30,2025-09-30,,2026-01-15,CUST-L3-021016,SKU-MASS-029,TXN-202509-30021016,defect,,fahmai_cs,pending
WC-202509-30022564,2025-09-30,2025-09-30,,2026-01-15,CUST-L3-022564,SKU-MASS-056,TXN-202509-30022564,defect,,fahmai_cs,pending
WC-202509-30022611,2025-09-30,2025-09-30,,2026-01-15,CUST-L3-022611,SKU-MASS-091,TXN-202509-30022611,defect,,fahmai_cs,pending
WC-202510-01010328,2025-10-01,2025-10-01,,2026-01-15,CUST-L3-010328,SKU-MASS-040,TXN-202510-01010328,defect,,fahmai_cs,pending
WC-202510-01014133,2025-10-01,2025-10-01,,2026-01-15,CUST-L3-014133,SKU-MASS-022,TXN-202510-01014133,defect,,fahmai_cs,pending
WC-202510-01014699,2025-10-01,2025-10-01,,2026-01-15,CUST-L3-014699,SKU-MASS-033,TXN-202510-01014699,defect,,fahmai_cs,pending
WC-202510-01015445,2025-10-01,2025-10-01,,2026-01-15,CUST-L3-015445,SKU-MASS-071,TXN-202510-01015445,defect,,fahmai_cs,pending
WC-202510-01020984,2025-10-01,2025-10-01,,2026-01-15,CUST-L3-020984,SKU-MASS-093,TXN-202510-01020984,defect,,fahmai_cs,pending
WC-202510-01022283,2025-10-01,2025-10-01,,2026-01-15,CUST-L3-022283,SKU-MASS-109,TXN-202510-01022283,defect,,fahmai_cs,pending
WC-202510-01024275,2025-10-01,2025-10-01,,2026-01-15,CUST-L3-024275,SKU-MASS-043,TXN-202510-01024275,defect,,fahmai_cs,pending
WC-202510-01025087,2025-10-01,2025-10-01,,2026-01-15,CUST-L3-025087,SKU-MASS-058,TXN-202510-01025087,defect,,fahmai_cs,pending
WC-202510-02000540,2025-10-02,2025-10-02,,2026-01-15,CUST-L3-000540,SKU-MASS-101,TXN-202510-02000540,defect,,fahmai_cs,pending
WC-202510-02012039,2025-10-02,2025-10-02,,2026-01-15,CUST-L3-012039,SKU-MASS-038,TXN-202510-02012039,defect,,fahmai_cs,pending
WC-202510-02013273,2025-10-02,2025-10-02,,2026-01-15,CUST-L3-013273,SKU-MASS-029,TXN-202510-02013273,defect,,fahmai_cs,pending
WC-202510-02014372,2025-10-02,2025-10-02,,2026-01-15,CUST-L3-014372,SKU-MASS-106,TXN-202510-02014372,defect,,fahmai_cs,pending
WC-202510-02015330,2025-10-02,2025-10-02,,2026-01-15,CUST-L3-015330,SKU-MASS-035,TXN-202510-02015330,defect,,fahmai_cs,pending
WC-202510-02017419,2025-10-02,2025-10-02,,2026-01-15,CUST-L3-017419,SKU-MASS-053,TXN-202510-02017419,defect,,fahmai_cs,pending
WC-202510-02020893,2025-10-02,2025-10-02,,2026-01-15,CUST-L3-020893,SKU-MASS-047,TXN-202510-02020893,defect,,fahmai_cs,pending
WC-202510-02027598,2025-10-02,2025-10-02,,2026-01-15,CUST-L3-027598,SKU-MASS-091,TXN-202510-02027598,defect,,fahmai_cs,pending
WC-202510-03005915,2025-10-03,2025-10-03,,2026-01-15,CUST-L3-005915,SKU-MASS-021,TXN-202510-03005915,defect,,fahmai_cs,pending
WC-202510-03006328,2025-10-03,2025-10-03,,2026-01-15,CUST-L3-006328,SKU-MASS-097,TXN-202510-03006328,defect,,fahmai_cs,pending
WC-202510-03015174,2025-10-03,2025-10-03,,2026-01-15,CUST-L3-015174,SKU-MASS-061,TXN-202510-03015174,defect,,fahmai_cs,pending
WC-202510-03015362,2025-10-03,2025-10-03,,2026-01-15,CUST-L3-015362,SKU-MASS-039,TXN-202510-03015362,defect,,fahmai_cs,pending
WC-202510-04011567,2025-10-04,2025-10-04,,2026-01-15,CUST-L3-011567,AW-MN-001,TXN-202510-04011567,defect,,fahmai_cs,pending
WC-202510-04012484,2025-10-04,2025-10-04,,2026-01-15,CUST-L3-012484,SKU-MASS-067,TXN-202510-04012484,defect,,fahmai_cs,pending
WC-202510-04012820,2025-10-04,2025-10-04,,2026-01-15,CUST-L3-012820,SKU-MASS-085,TXN-202510-04012820,defect,,fahmai_cs,pending
WC-202510-04014851,2025-10-04,2025-10-04,,2026-01-15,CUST-L3-014851,SKU-MASS-074,TXN-202510-04014851,defect,,fahmai_cs,pending
WC-202510-04016246,2025-10-04,2025-10-04,,2026-01-15,CUST-L3-016246,SKU-MASS-100,TXN-202510-04016246,defect,,fahmai_cs,pending
WC-202510-04022153,2025-10-04,2025-10-04,,2026-01-15,CUST-L3-022153,SKU-MASS-096,TXN-202510-04022153,defect,,fahmai_cs,pending
WC-202510-04023065,2025-10-04,2025-10-04,,2026-01-15,CUST-L3-023065,SKU-MASS-071,TXN-202510-04023065,defect,,fahmai_cs,pending
WC-202510-04025371,2025-10-04,2025-10-04,,2026-01-15,CUST-L3-025371,SKU-MASS-093,TXN-202510-04025371,defect,,fahmai_cs,pending
WC-202510-04026511,2025-10-04,2025-10-04,,2026-01-15,CUST-L3-026511,SKU-MASS-010,TXN-202510-04026511,defect,,fahmai_cs,pending
WC-202510-05014008,2025-10-05,2025-10-05,,2026-01-15,CUST-L3-014008,SKU-MASS-065,TXN-202510-05014008,defect,,fahmai_cs,pending
WC-202510-05014840,2025-10-05,2025-10-05,,2026-01-15,CUST-L3-014840,SKU-MASS-028,TXN-202510-05014840,defect,,fahmai_cs,pending
WC-202510-05018316,2025-10-05,2025-10-05,,2026-01-15,CUST-L3-018316,SF-Galaxy-Pro-2568,TXN-202510-05018316,defect,,fahmai_cs,pending
WC-202510-05019018,2025-10-05,2025-10-05,,2026-01-15,CUST-L3-019018,SKU-MASS-084,TXN-202510-05019018,defect,,fahmai_cs,pending
WC-202510-05019172,2025-10-05,2025-10-05,,2026-01-15,CUST-L3-019172,SKU-MASS-022,TXN-202510-05019172,defect,,fahmai_cs,pending
WC-202510-06003465,2025-10-06,2025-10-06,,2026-01-15,CUST-L3-003465,SKU-MASS-034,TXN-202510-06003465,defect,,fahmai_cs,pending
WC-202510-06027079,2025-10-06,2025-10-06,,2026-01-15,CUST-L3-027079,SKU-STD-001,TXN-202510-06027079,defect,,fahmai_cs,pending
WC-202510-06029088,2025-10-06,2025-10-06,,2026-01-15,CUST-L3-029088,SKU-MASS-082,TXN-202510-06029088,defect,,fahmai_cs,pending
WC-202510-06029471,2025-10-06,2025-10-06,,2026-01-15,CUST-L3-029471,SKU-MASS-059,TXN-202510-06029471,defect,,fahmai_cs,pending
WC-202510-07002281,2025-10-07,2025-10-07,,2026-01-15,CUST-L3-002281,SKU-MASS-037,TXN-202510-07002281,defect,,fahmai_cs,pending
WC-202510-07007444,2025-10-07,2025-10-07,,2026-01-15,CUST-L3-007444,SKU-MASS-034,TXN-202510-07007444,defect,,fahmai_cs,pending
WC-202510-07008836,2025-10-07,2025-10-07,,2026-01-15,CUST-L3-008836,SKU-MASS-105,TXN-202510-07008836,defect,,fahmai_cs,pending
WC-202510-07008942,2025-10-07,2025-10-07,,2026-01-15,CUST-L3-008942,SKU-MASS-019,TXN-202510-07008942,defect,,fahmai_cs,pending
WC-202510-07011971,2025-10-07,2025-10-07,,2026-01-15,CUST-L3-011971,DN-LT-010,TXN-202510-07011971,defect,,fahmai_cs,pending
WC-202510-07014964,2025-10-07,2025-10-07,,2026-01-15,CUST-L3-014964,SKU-MASS-109,TXN-202510-07014964,defect,,fahmai_cs,pending
WC-202510-07020930,2025-10-07,2025-10-07,,2026-01-15,CUST-L3-020930,SKU-MASS-012,TXN-202510-07020930,defect,,fahmai_cs,pending
WC-202510-07024584,2025-10-07,2025-10-07,,2026-01-15,CUST-L3-024584,SKU-MASS-073,TXN-202510-07024584,defect,,fahmai_cs,pending
WC-202510-07029872,2025-10-07,2025-10-07,,2026-01-15,CUST-L3-029872,SKU-MASS-074,TXN-202510-07029872,defect,,fahmai_cs,pending
WC-202510-08000382,2025-10-08,2025-10-08,,2026-01-15,CUST-L3-000382,SKU-MASS-072,TXN-202510-08000382,defect,,fahmai_cs,pending
WC-202510-08000522,2025-10-08,2025-10-08,,2026-01-15,CUST-L3-000522,SKU-MASS-047,TXN-202510-08000522,defect,,fahmai_cs,pending
WC-202510-08005078,2025-10-08,2025-10-08,,2026-01-15,CUST-L3-005078,SKU-MASS-107,TXN-202510-08005078,defect,,fahmai_cs,pending
WC-202510-08009505,2025-10-08,2025-10-08,,2026-01-15,CUST-L3-009505,SF-Galaxy-Pro-2568,TXN-202510-08009505,defect,,fahmai_cs,pending
WC-202510-08026631,2025-10-08,2025-10-08,,2026-01-15,CUST-L3-026631,SKU-MASS-068,TXN-202510-08026631,defect,,fahmai_cs,pending
WC-202510-08029139,2025-10-08,2025-10-08,,2026-01-15,CUST-L3-029139,SKU-MASS-028,TXN-202510-08029139,defect,,fahmai_cs,pending
WC-202510-09005510,2025-10-09,2025-10-09,,2026-01-15,CUST-L3-005510,SKU-MASS-082,TXN-202510-09005510,defect,,fahmai_cs,pending
WC-202510-09007821,2025-10-09,2025-10-09,,2026-01-15,CUST-L3-007821,SKU-MASS-031,TXN-202510-09007821,defect,,fahmai_cs,pending
WC-202510-09015540,2025-10-09,2025-10-09,,2026-01-15,CUST-L3-015540,SKU-MASS-088,TXN-202510-09015540,defect,,fahmai_cs,pending
WC-202510-09022115,2025-10-09,2025-10-09,,2026-01-15,CUST-L3-022115,SKU-MASS-065,TXN-202510-09022115,defect,,fahmai_cs,pending
WC-202510-09024775,2025-10-09,2025-10-09,,2026-01-15,CUST-L3-024775,SKU-MASS-034,TXN-202510-09024775,defect,,fahmai_cs,pending
WC-202510-09024896,2025-10-09,2025-10-09,,2026-01-15,CUST-L3-024896,SKU-MASS-008,TXN-202510-09024896,defect,,fahmai_cs,pending
WC-202510-09025836,2025-10-09,2025-10-09,,2026-01-15,CUST-L3-025836,SKU-MASS-067,TXN-202510-09025836,defect,,fahmai_cs,pending
WC-202510-09028242,2025-10-09,2025-10-09,,2026-01-15,CUST-L3-028242,SKU-MASS-062,TXN-202510-09028242,defect,,fahmai_cs,pending
WC-202510-09029571,2025-10-09,2025-10-09,,2026-01-15,CUST-L3-029571,SKU-MASS-074,TXN-202510-09029571,defect,,fahmai_cs,pending
WC-202510-09029682,2025-10-09,2025-10-09,,2026-01-15,CUST-L3-029682,SKU-MASS-083,TXN-202510-09029682,defect,,fahmai_cs,pending
WC-202510-10001556,2025-10-10,2025-10-10,,2026-01-15,CUST-L3-001556,SKU-MASS-044,TXN-202510-10001556,defect,,fahmai_cs,pending
WC-202510-10014124,2025-10-10,2025-10-10,,2026-01-15,CUST-L3-014124,DN-LT-010,TXN-202510-10014124,defect,,fahmai_cs,pending
WC-202510-10021032,2025-10-10,2025-10-10,,2026-01-15,CUST-L3-021032,SKU-MASS-105,TXN-202510-10021032,defect,,fahmai_cs,pending
WC-202510-10024449,2025-10-10,2025-10-10,,2026-01-15,CUST-L3-024449,SKU-MASS-062,TXN-202510-10024449,defect,,fahmai_cs,pending
WC-202510-10027156,2025-10-10,2025-10-10,,2026-01-15,CUST-L3-027156,SKU-MASS-007,TXN-202510-10027156,defect,,fahmai_cs,pending
WC-202510-10027837,2025-10-10,2025-10-10,,2026-01-15,CUST-L3-027837,SKU-MASS-039,TXN-202510-10027837,defect,,fahmai_cs,pending
WC-202510-11000076,2025-10-11,2025-10-11,,2026-01-15,CUST-L3-000076,SKU-MASS-065,TXN-202510-11000076,defect,,fahmai_cs,pending
WC-202510-11006217,2025-10-11,2025-10-11,,2026-01-15,CUST-L3-006217,SKU-MASS-104,TXN-202510-11006217,defect,,fahmai_cs,pending
WC-202510-11007863,2025-10-11,2025-10-11,,2026-01-15,CUST-L3-007863,SKU-MASS-059,TXN-202510-11007863,defect,,fahmai_cs,pending
WC-202510-11009252,2025-10-11,2025-10-11,,2026-01-15,CUST-L3-009252,SKU-MASS-099,TXN-202510-11009252,defect,,fahmai_cs,pending
WC-202510-11013957,2025-10-11,2025-10-11,,2026-01-15,CUST-L3-013957,SKU-MASS-066,TXN-202510-11013957,defect,,fahmai_cs,pending
WC-202510-11013998,2025-10-11,2025-10-11,,2026-01-15,CUST-L3-013998,SKU-MASS-041,TXN-202510-11013998,defect,,fahmai_cs,pending
WC-202510-11014062,2025-10-11,2025-10-11,,2026-01-15,CUST-L3-014062,SKU-MASS-016,TXN-202510-11014062,defect,,fahmai_cs,pending
WC-202510-11019357,2025-10-11,2025-10-11,,2026-01-15,CUST-L3-019357,SKU-MASS-037,TXN-202510-11019357,defect,,fahmai_cs,pending
WC-202510-11029118,2025-10-11,2025-10-11,,2026-01-15,CUST-L3-029118,SKU-MASS-085,TXN-202510-11029118,defect,,fahmai_cs,pending
WC-202510-11029256,2025-10-11,2025-10-11,,2026-01-15,CUST-L3-029256,SKU-MASS-090,TXN-202510-11029256,defect,,fahmai_cs,pending
WC-202510-12000020,2025-10-12,2025-10-12,,2026-01-15,CUST-L3-000020,SKU-MASS-089,TXN-202510-12000020,defect,,fahmai_cs,pending
WC-202510-12015835,2025-10-12,2025-10-12,,2026-01-15,CUST-L3-015835,SKU-MASS-085,TXN-202510-12015835,defect,,fahmai_cs,pending
WC-202510-12016959,2025-10-12,2025-10-12,,2026-01-15,CUST-L3-016959,SKU-MASS-073,TXN-202510-12016959,defect,,fahmai_cs,pending
WC-202510-12020093,2025-10-12,2025-10-12,,2026-01-15,CUST-L3-020093,SKU-MASS-067,TXN-202510-12020093,defect,,fahmai_cs,pending
WC-202510-13004782,2025-10-13,2025-10-13,,2026-01-15,CUST-L3-004782,SKU-MASS-096,TXN-202510-13004782,defect,,fahmai_cs,pending
WC-202510-13010002,2025-10-13,2025-10-13,,2026-01-15,CUST-L3-010002,SKU-MASS-058,TXN-202510-13010002,defect,,fahmai_cs,pending
WC-202510-13011613,2025-10-13,2025-10-13,,2026-01-15,CUST-L3-011613,SKU-MASS-087,TXN-202510-13011613,defect,,fahmai_cs,pending
WC-202510-13011874,2025-10-13,2025-10-13,,2026-01-15,CUST-L3-011874,SKU-MASS-056,TXN-202510-13011874,defect,,fahmai_cs,pending
WC-202510-13021701,2025-10-13,2025-10-13,,2026-01-15,CUST-L3-021701,SKU-MASS-011,TXN-202510-13021701,defect,,fahmai_cs,pending
WC-202510-14006565,2025-10-14,2025-10-14,,2026-01-15,CUST-L3-006565,SKU-MASS-062,TXN-202510-14006565,defect,,fahmai_cs,pending
WC-202510-14009842,2025-10-14,2025-10-14,,2026-01-15,CUST-L3-009842,SKU-MASS-028,TXN-202510-14009842,defect,,fahmai_cs,pending
WC-202510-14016305,2025-10-14,2025-10-14,,2026-01-15,CUST-L3-016305,SKU-MASS-106,TXN-202510-14016305,defect,,fahmai_cs,pending
WC-202510-14021753,2025-10-14,2025-10-14,,2026-01-15,CUST-L3-021753,SKU-MASS-010,TXN-202510-14021753,defect,,fahmai_cs,pending
WC-202510-14021778,2025-10-14,2025-10-14,,2026-01-15,CUST-L3-021778,SKU-MASS-012,TXN-202510-14021778,defect,,fahmai_cs,pending
WC-202510-14027087,2025-10-14,2025-10-14,,2026-01-15,CUST-L3-027087,SKU-MASS-100,TXN-202510-14027087,defect,,fahmai_cs,pending
WC-202510-15005613,2025-10-15,2025-10-15,,2026-01-15,CUST-L3-005613,SKU-MASS-020,TXN-202510-15005613,defect,,fahmai_cs,pending
WC-202510-15012411,2025-10-15,2025-10-15,,2026-01-15,CUST-L3-012411,SKU-MASS-029,TXN-202510-15012411,defect,,fahmai_cs,pending
WC-202510-15017114,2025-10-15,2025-10-15,,2026-01-15,CUST-L3-017114,SKU-MASS-105,TXN-202510-15017114,defect,,fahmai_cs,pending
WC-202510-15020556,2025-10-15,2025-10-15,,2026-01-15,CUST-L3-020556,SKU-MASS-092,TXN-202510-15020556,defect,,fahmai_cs,pending
WC-202510-16004111,2025-10-16,2025-10-16,,2026-01-15,CUST-L3-004111,SKU-MASS-045,TXN-202510-16004111,defect,,fahmai_cs,pending
WC-202510-16005087,2025-10-16,2025-10-16,,2026-01-15,CUST-L3-005087,SKU-MASS-103,TXN-202510-16005087,defect,,fahmai_cs,pending
WC-202510-16019018,2025-10-16,2025-10-16,,2026-01-15,CUST-L3-019018,SKU-MASS-110,TXN-202510-16019018,defect,,fahmai_cs,pending
WC-202510-16019663,2025-10-16,2025-10-16,,2026-01-15,CUST-L3-019663,SKU-MASS-013,TXN-202510-16019663,defect,,fahmai_cs,pending
WC-202510-16022295,2025-10-16,2025-10-16,,2026-01-15,CUST-L3-022295,SKU-MASS-023,TXN-202510-16022295,defect,,fahmai_cs,pending
WC-202510-17001431,2025-10-17,2025-10-17,,2026-01-15,CUST-L3-001431,SKU-MASS-085,TXN-202510-17001431,defect,,fahmai_cs,pending
WC-202510-17008172,2025-10-17,2025-10-17,,2026-01-15,CUST-L3-008172,SKU-MASS-109,TXN-202510-17008172,defect,,fahmai_cs,pending
WC-202510-17013461,2025-10-17,2025-10-17,,2026-01-15,CUST-L3-013461,SKU-MASS-070,TXN-202510-17013461,defect,,fahmai_cs,pending
WC-202510-17018360,2025-10-17,2025-10-17,,2026-01-15,CUST-L3-018360,SKU-MASS-082,TXN-202510-17018360,defect,,fahmai_cs,pending
WC-202510-17026112,2025-10-17,2025-10-17,,2026-01-15,CUST-L3-026112,SKU-MASS-050,TXN-202510-17026112,defect,,fahmai_cs,pending
WC-202510-17028255,2025-10-17,2025-10-17,,2026-01-15,CUST-L3-028255,SKU-MASS-050,TXN-202510-17028255,defect,,fahmai_cs,pending
WC-202510-17028395,2025-10-17,2025-10-17,,2026-01-15,CUST-L3-028395,SKU-MASS-023,TXN-202510-17028395,defect,,fahmai_cs,pending
WC-202510-17028848,2025-10-17,2025-10-17,,2026-01-15,CUST-L3-028848,SKU-MASS-011,TXN-202510-17028848,defect,,fahmai_cs,pending
WC-202510-18001804,2025-10-18,2025-10-18,,2026-01-15,CUST-L3-001804,SKU-MASS-096,TXN-202510-18001804,defect,,fahmai_cs,pending
WC-202510-18005483,2025-10-18,2025-10-18,,2026-01-15,CUST-L3-005483,SKU-MASS-110,TXN-202510-18005483,defect,,fahmai_cs,pending
WC-202510-18021706,2025-10-18,2025-10-18,,2026-01-15,CUST-L3-021706,SKU-MASS-090,TXN-202510-18021706,defect,,fahmai_cs,pending
WC-202510-19000128,2025-10-19,2025-10-19,,2026-01-15,CUST-L3-000128,SKU-MASS-025,TXN-202510-19000128,defect,,fahmai_cs,pending
WC-202510-19003936,2025-10-19,2025-10-19,,2026-01-15,CUST-L3-003936,SKU-MASS-086,TXN-202510-19003936,defect,,fahmai_cs,pending
WC-202510-19005017,2025-10-19,2025-10-19,,2026-01-15,CUST-L3-005017,SKU-MASS-046,TXN-202510-19005017,defect,,fahmai_cs,pending
WC-202510-19008340,2025-10-19,2025-10-19,,2026-01-15,CUST-L3-008340,SKU-MASS-082,TXN-202510-19008340,defect,,fahmai_cs,pending
WC-202510-19009990,2025-10-19,2025-10-19,,2026-01-15,CUST-L3-009990,SKU-MASS-033,TXN-202510-19009990,defect,,fahmai_cs,pending
WC-202510-19010240,2025-10-19,2025-10-19,,2026-01-15,CUST-L3-010240,SKU-MASS-097,TXN-202510-19010240,defect,,fahmai_cs,pending
WC-202510-19013037,2025-10-19,2025-10-19,,2026-01-15,CUST-L3-013037,SKU-MASS-029,TXN-202510-19013037,defect,,fahmai_cs,pending
WC-202510-19026435,2025-10-19,2025-10-19,,2026-01-15,CUST-L3-026435,SKU-MASS-066,TXN-202510-19026435,defect,,fahmai_cs,pending
WC-202510-20005660,2025-10-20,2025-10-20,,2026-01-15,CUST-L3-005660,SKU-MASS-030,TXN-202510-20005660,defect,,fahmai_cs,pending
WC-202510-20010496,2025-10-20,2025-10-20,,2026-01-15,CUST-L3-010496,SKU-MASS-068,TXN-202510-20010496,defect,,fahmai_cs,pending
WC-202510-20019866,2025-10-20,2025-10-20,,2026-01-15,CUST-L3-019866,SKU-MASS-084,TXN-202510-20019866,defect,,fahmai_cs,pending
WC-202510-20021404,2025-10-20,2025-10-20,,2026-01-15,CUST-L3-021404,SKU-MASS-020,TXN-202510-20021404,defect,,fahmai_cs,pending
WC-202510-20021916,2025-10-20,2025-10-20,,2026-01-15,CUST-L3-021916,SKU-MASS-098,TXN-202510-20021916,defect,,fahmai_cs,pending
WC-202510-20024428,2025-10-20,2025-10-20,,2026-01-15,CUST-L3-024428,WK-SW-004,TXN-202510-20024428,defect,,fahmai_cs,pending
WC-202510-20026960,2025-10-20,2025-10-20,,2026-01-15,CUST-L3-026960,SKU-MASS-079,TXN-202510-20026960,defect,,fahmai_cs,pending
WC-202510-20027727,2025-10-20,2025-10-20,,2026-01-15,CUST-L3-027727,SKU-MASS-080,TXN-202510-20027727,defect,,fahmai_cs,pending
WC-202510-21009384,2025-10-21,2025-10-21,,2026-01-15,CUST-L3-009384,SKU-MASS-016,TXN-202510-21009384,defect,,fahmai_cs,pending
WC-202510-21020282,2025-10-21,2025-10-21,,2026-01-15,CUST-L3-020282,SKU-MASS-009,TXN-202510-21020282,defect,,fahmai_cs,pending
WC-202510-21024616,2025-10-21,2025-10-21,,2026-01-15,CUST-L3-024616,SKU-MASS-057,TXN-202510-21024616,defect,,fahmai_cs,pending
WC-202510-22004962,2025-10-22,2025-10-22,,2026-01-15,CUST-L3-004962,SKU-MASS-074,TXN-202510-22004962,defect,,fahmai_cs,pending
WC-202510-22025786,2025-10-22,2025-10-22,,2026-01-15,CUST-L3-025786,SKU-MASS-008,TXN-202510-22025786,defect,,fahmai_cs,pending
WC-202510-22027036,2025-10-22,2025-10-22,,2026-01-15,CUST-L3-027036,SKU-MASS-061,TXN-202510-22027036,defect,,fahmai_cs,pending
WC-202510-23000094,2025-10-23,2025-10-23,,2026-01-15,CUST-L3-000094,SKU-MASS-062,TXN-202510-23000094,defect,,fahmai_cs,pending
WC-202510-23002963,2025-10-23,2025-10-23,,2026-01-15,CUST-L3-002963,SKU-MASS-026,TXN-202510-23002963,defect,,fahmai_cs,pending
WC-202510-23004112,2025-10-23,2025-10-23,,2026-01-15,CUST-L3-004112,SKU-MASS-090,TXN-202510-23004112,defect,,fahmai_cs,pending
WC-202510-23006436,2025-10-23,2025-10-23,,2026-01-15,CUST-L3-006436,SKU-MASS-082,TXN-202510-23006436,defect,,fahmai_cs,pending
WC-202510-23009229,2025-10-23,2025-10-23,,2026-01-15,CUST-L3-009229,SKU-MASS-044,TXN-202510-23009229,defect,,fahmai_cs,pending
WC-202510-23013014,2025-10-23,2025-10-23,,2026-01-15,CUST-L3-013014,SKU-MASS-009,TXN-202510-23013014,defect,,fahmai_cs,pending
WC-202510-23015687,2025-10-23,2025-10-23,,2026-01-15,CUST-L3-015687,SKU-MASS-035,TXN-202510-23015687,defect,,fahmai_cs,pending
WC-202510-23016090,2025-10-23,2025-10-23,,2026-01-15,CUST-L3-016090,SKU-MASS-062,TXN-202510-23016090,defect,,fahmai_cs,pending
WC-202510-23025601,2025-10-23,2025-10-23,,2026-01-15,CUST-L3-025601,SKU-MASS-089,TXN-202510-23025601,defect,,fahmai_cs,pending
WC-202510-24001755,2025-10-24,2025-10-24,,2026-01-15,CUST-L3-001755,AW-MN-001,TXN-202510-24001755,defect,,fahmai_cs,pending
WC-202510-24002442,2025-10-24,2025-10-24,,2026-01-15,CUST-L3-002442,SKU-MASS-056,TXN-202510-24002442,defect,,fahmai_cs,pending
WC-202510-24012333,2025-10-24,2025-10-24,,2026-01-15,CUST-L3-012333,SKU-MASS-041,TXN-202510-24012333,defect,,fahmai_cs,pending
WC-202510-24021209,2025-10-24,2025-10-24,,2026-01-15,CUST-L3-021209,SKU-MASS-073,TXN-202510-24021209,defect,,fahmai_cs,pending
WC-202510-24023884,2025-10-24,2025-10-24,,2026-01-15,CUST-L3-023884,SKU-MASS-087,TXN-202510-24023884,defect,,fahmai_cs,pending
WC-202510-24024007,2025-10-24,2025-10-24,,2026-01-15,CUST-L3-024007,SKU-MASS-078,TXN-202510-24024007,defect,,fahmai_cs,pending
WC-202510-24028233,2025-10-24,2025-10-24,,2026-01-15,CUST-L3-028233,SKU-MASS-016,TXN-202510-24028233,defect,,fahmai_cs,pending
WC-202510-24029659,2025-10-24,2025-10-24,,2026-01-15,CUST-L3-029659,SKU-MASS-019,TXN-202510-24029659,defect,,fahmai_cs,pending
WC-202510-25003983,2025-10-25,2025-10-25,,2026-01-15,CUST-L3-003983,SKU-MASS-046,TXN-202510-25003983,defect,,fahmai_cs,pending
WC-202510-25008084,2025-10-25,2025-10-25,,2026-01-15,CUST-L3-008084,SKU-MASS-020,TXN-202510-25008084,defect,,fahmai_cs,pending
WC-202510-25010578,2025-10-25,2025-10-25,,2026-01-15,CUST-L3-010578,SKU-MASS-103,TXN-202510-25010578,defect,,fahmai_cs,pending
WC-202510-25013398,2025-10-25,2025-10-25,,2026-01-15,CUST-L3-013398,SKU-MASS-014,TXN-202510-25013398,defect,,fahmai_cs,pending
WC-202510-25013806,2025-10-25,2025-10-25,,2026-01-15,CUST-L3-013806,SKU-MASS-070,TXN-202510-25013806,defect,,fahmai_cs,pending
WC-202510-25014378,2025-10-25,2025-10-25,,2026-01-15,CUST-L3-014378,SKU-MASS-021,TXN-202510-25014378,defect,,fahmai_cs,pending
WC-202510-25018758,2025-10-25,2025-10-25,,2026-01-15,CUST-L3-018758,SKU-MASS-095,TXN-202510-25018758,defect,,fahmai_cs,pending
WC-202510-25024321,2025-10-25,2025-10-25,,2026-01-15,CUST-L3-024321,SKU-MASS-083,TXN-202510-25024321,defect,,fahmai_cs,pending
WC-202510-25027214,2025-10-25,2025-10-25,,2026-01-15,CUST-L3-027214,SKU-MASS-020,TXN-202510-25027214,defect,,fahmai_cs,pending
WC-202510-25029079,2025-10-25,2025-10-25,,2026-01-15,CUST-L3-029079,SKU-MASS-060,TXN-202510-25029079,defect,,fahmai_cs,pending
WC-202510-26000016,2025-10-26,2025-10-26,,2026-01-15,CUST-L3-000016,SKU-MASS-017,TXN-202510-26000016,defect,,fahmai_cs,pending
WC-202510-26000255,2025-10-26,2025-10-26,,2026-01-15,CUST-L3-000255,SKU-MASS-099,TXN-202510-26000255,defect,,fahmai_cs,pending
WC-202510-26004002,2025-10-26,2025-10-26,,2026-01-15,CUST-L3-004002,SKU-MASS-092,TXN-202510-26004002,defect,,fahmai_cs,pending
WC-202510-26014059,2025-10-26,2025-10-26,,2026-01-15,CUST-L3-014059,SKU-MASS-063,TXN-202510-26014059,defect,,fahmai_cs,pending
WC-202510-26016811,2025-10-26,2025-10-26,,2026-01-15,CUST-L3-016811,SKU-MASS-035,TXN-202510-26016811,defect,,fahmai_cs,pending
WC-202510-26021784,2025-10-26,2025-10-26,,2026-01-15,CUST-L3-021784,WK-SW-004,TXN-202510-26021784,defect,,fahmai_cs,pending
WC-202510-26026054,2025-10-26,2025-10-26,,2026-01-15,CUST-L3-026054,SKU-MASS-073,TXN-202510-26026054,defect,,fahmai_cs,pending
WC-202510-26026793,2025-10-26,2025-10-26,,2026-01-15,CUST-L3-026793,SKU-MASS-050,TXN-202510-26026793,defect,,fahmai_cs,pending
WC-202510-26028543,2025-10-26,2025-10-26,,2026-01-15,CUST-L3-028543,SKU-MASS-036,TXN-202510-26028543,defect,,fahmai_cs,pending
WC-202510-27000677,2025-10-27,2025-10-27,,2026-01-15,CUST-L3-000677,SKU-MASS-084,TXN-202510-27000677,defect,,fahmai_cs,pending
WC-202510-27004266,2025-10-27,2025-10-27,,2026-01-15,CUST-L3-004266,SKU-MASS-110,TXN-202510-27004266,defect,,fahmai_cs,pending
WC-202510-27005115,2025-10-27,2025-10-27,,2026-01-15,CUST-L3-005115,SKU-MASS-108,TXN-202510-27005115,defect,,fahmai_cs,pending
WC-202510-27015426,2025-10-27,2025-10-27,,2026-01-15,CUST-L3-015426,SKU-MASS-013,TXN-202510-27015426,defect,,fahmai_cs,pending
WC-202510-28012642,2025-10-28,2025-10-28,,2026-01-15,CUST-L3-012642,SKU-MASS-041,TXN-202510-28012642,defect,,fahmai_cs,pending
WC-202510-28022088,2025-10-28,2025-10-28,,2026-01-15,CUST-L3-022088,SKU-MASS-064,TXN-202510-28022088,defect,,fahmai_cs,pending
WC-202510-29002050,2025-10-29,2025-10-29,,2026-01-15,CUST-L3-002050,SKU-MASS-022,TXN-202510-29002050,defect,,fahmai_cs,pending
WC-202510-29002558,2025-10-29,2025-10-29,,2026-01-15,CUST-L3-002558,SKU-MASS-049,TXN-202510-29002558,defect,,fahmai_cs,pending
WC-202510-29018339,2025-10-29,2025-10-29,,2026-01-15,CUST-L3-018339,SKU-MASS-106,TXN-202510-29018339,defect,,fahmai_cs,pending
WC-202510-29027745,2025-10-29,2025-10-29,,2026-01-15,CUST-L3-027745,SKU-MASS-015,TXN-202510-29027745,defect,,fahmai_cs,pending
WC-202510-30004463,2025-10-30,2025-10-30,,2026-01-15,CUST-L3-004463,SKU-STD-001,TXN-202510-30004463,defect,,fahmai_cs,pending
WC-202510-30012731,2025-10-30,2025-10-30,,2026-01-15,CUST-L3-012731,SKU-MASS-068,TXN-202510-30012731,defect,,fahmai_cs,pending
WC-202510-30017468,2025-10-30,2025-10-30,,2026-01-15,CUST-L3-017468,SKU-MASS-106,TXN-202510-30017468,defect,,fahmai_cs,pending
WC-202510-30020335,2025-10-30,2025-10-30,,2026-01-15,CUST-L3-020335,SKU-MASS-040,TXN-202510-30020335,defect,,fahmai_cs,pending
WC-202510-30029374,2025-10-30,2025-10-30,,2026-01-15,CUST-L3-029374,SKU-MASS-098,TXN-202510-30029374,defect,,fahmai_cs,pending
WC-202510-30029425,2025-10-30,2025-10-30,,2026-01-15,CUST-L3-029425,AW-MN-001,TXN-202510-30029425,defect,,fahmai_cs,pending
WC-202510-31009830,2025-10-31,2025-10-31,,2026-01-15,CUST-L3-009830,NT-LT-001,TXN-202510-31009830,defect,,fahmai_cs,pending
WC-202510-31018313,2025-10-31,2025-10-31,,2026-01-15,CUST-L3-018313,SKU-MASS-089,TXN-202510-31018313,defect,,fahmai_cs,pending
WC-202510-31018459,2025-10-31,2025-10-31,,2026-01-15,CUST-L3-018459,SKU-MASS-084,TXN-202510-31018459,defect,,fahmai_cs,pending
WC-202510-31028432,2025-10-31,2025-10-31,,2026-01-15,CUST-L3-028432,SKU-MASS-098,TXN-202510-31028432,defect,,fahmai_cs,pending
WC-202511-01003780,2025-11-01,2025-11-01,,2026-01-15,CUST-L3-003780,SKU-MASS-085,TXN-202511-01003780,defect,,fahmai_cs,pending
WC-202511-01012877,2025-11-01,2025-11-01,,2026-01-15,CUST-L3-012877,SKU-MASS-057,TXN-202511-01012877,defect,,fahmai_cs,pending
WC-202511-01025582,2025-11-01,2025-11-01,,2026-01-15,CUST-L3-025582,SKU-MASS-097,TXN-202511-01025582,defect,,fahmai_cs,pending
WC-202511-02000652,2025-11-02,2025-11-02,,2026-01-15,CUST-L3-000652,SKU-MASS-036,TXN-202511-02000652,defect,,fahmai_cs,pending
WC-202511-02003749,2025-11-02,2025-11-02,,2026-01-15,CUST-L3-003749,SKU-MASS-080,TXN-202511-02003749,defect,,fahmai_cs,pending
WC-202511-02014419,2025-11-02,2025-11-02,,2026-01-15,CUST-L3-014419,SKU-MASS-034,TXN-202511-02014419,defect,,fahmai_cs,pending
WC-202511-02017515,2025-11-02,2025-11-02,,2026-01-15,CUST-L3-017515,SKU-MASS-028,TXN-202511-02017515,defect,,fahmai_cs,pending
WC-202511-02020016,2025-11-02,2025-11-02,,2026-01-15,CUST-L3-020016,SKU-MASS-072,TXN-202511-02020016,defect,,fahmai_cs,pending
WC-202511-02021656,2025-11-02,2025-11-02,,2026-01-15,CUST-L3-021656,SKU-MASS-027,TXN-202511-02021656,defect,,fahmai_cs,pending
WC-202511-03000832,2025-11-03,2025-11-03,,2026-01-15,CUST-L3-000832,SKU-MASS-040,TXN-202511-03000832,defect,,fahmai_cs,pending
WC-202511-03013748,2025-11-03,2025-11-03,,2026-01-15,CUST-L3-013748,SKU-MASS-022,TXN-202511-03013748,defect,,fahmai_cs,pending
WC-202511-03014523,2025-11-03,2025-11-03,,2026-01-15,CUST-L3-014523,SKU-MASS-074,TXN-202511-03014523,defect,,fahmai_cs,pending
WC-202511-03021491,2025-11-03,2025-11-03,,2026-01-15,CUST-L3-021491,SKU-MASS-108,TXN-202511-03021491,defect,,fahmai_cs,pending
WC-202511-03025419,2025-11-03,2025-11-03,,2026-01-15,CUST-L3-025419,SKU-MASS-007,TXN-202511-03025419,defect,,fahmai_cs,pending
WC-202511-03026874,2025-11-03,2025-11-03,,2026-01-15,CUST-L3-026874,SKU-MASS-072,TXN-202511-03026874,defect,,fahmai_cs,pending
WC-202511-04003599,2025-11-04,2025-11-04,,2026-01-15,CUST-L3-003599,SKU-MASS-026,TXN-202511-04003599,defect,,fahmai_cs,pending
WC-202511-04015783,2025-11-04,2025-11-04,,2026-01-15,CUST-L3-015783,SKU-MASS-013,TXN-202511-04015783,defect,,fahmai_cs,pending
WC-202511-04019628,2025-11-04,2025-11-04,,2026-01-15,CUST-L3-019628,SKU-MASS-083,TXN-202511-04019628,defect,,fahmai_cs,pending
WC-202511-05003097,2025-11-05,2025-11-05,,2026-01-15,CUST-L3-003097,SKU-MASS-016,TXN-202511-05003097,defect,,fahmai_cs,pending
WC-202511-05003371,2025-11-05,2025-11-05,,2026-01-15,CUST-L3-003371,SKU-MASS-085,TXN-202511-05003371,defect,,fahmai_cs,pending
WC-202511-05004199,2025-11-05,2025-11-05,,2026-01-15,CUST-L3-004199,SKU-MASS-012,TXN-202511-05004199,defect,,fahmai_cs,pending
WC-202511-05006204,2025-11-05,2025-11-05,,2026-01-15,CUST-L3-006204,SKU-MASS-069,TXN-202511-05006204,defect,,fahmai_cs,pending
WC-202511-05016989,2025-11-05,2025-11-05,,2026-01-15,CUST-L3-016989,SKU-MASS-019,TXN-202511-05016989,defect,,fahmai_cs,pending
WC-202511-05017243,2025-11-05,2025-11-05,,2026-01-15,CUST-L3-017243,WK-SW-004,TXN-202511-05017243,defect,,fahmai_cs,pending
WC-202511-06014978,2025-11-06,2025-11-06,,2026-01-15,CUST-L3-014978,SKU-MASS-087,TXN-202511-06014978,defect,,fahmai_cs,pending
WC-202511-06026044,2025-11-06,2025-11-06,,2026-01-15,CUST-L3-026044,SKU-MASS-099,TXN-202511-06026044,defect,,fahmai_cs,pending
WC-202511-07002130,2025-11-07,2025-11-07,,2026-01-15,CUST-L3-002130,SKU-MASS-025,TXN-202511-07002130,defect,,fahmai_cs,pending
WC-202511-07003130,2025-11-07,2025-11-07,,2026-01-15,CUST-L3-003130,SKU-MASS-041,TXN-202511-07003130,defect,,fahmai_cs,pending
WC-202511-07010773,2025-11-07,2025-11-07,,2026-01-15,CUST-L3-010773,SKU-MASS-072,TXN-202511-07010773,defect,,fahmai_cs,pending
WC-202511-07013222,2025-11-07,2025-11-07,,2026-01-15,CUST-L3-013222,SKU-MASS-034,TXN-202511-07013222,defect,,fahmai_cs,pending
WC-202511-07016978,2025-11-07,2025-11-07,,2026-01-15,CUST-L3-016978,SKU-MASS-048,TXN-202511-07016978,defect,,fahmai_cs,pending
WC-202511-07017192,2025-11-07,2025-11-07,,2026-01-15,CUST-L3-017192,SKU-MASS-091,TXN-202511-07017192,defect,,fahmai_cs,pending
WC-202511-07019033,2025-11-07,2025-11-07,,2026-01-15,CUST-L3-019033,SKU-MASS-067,TXN-202511-07019033,defect,,fahmai_cs,pending
WC-202511-07019315,2025-11-07,2025-11-07,,2026-01-15,CUST-L3-019315,SKU-MASS-081,TXN-202511-07019315,defect,,fahmai_cs,pending
WC-202511-07019640,2025-11-07,2025-11-07,,2026-01-15,CUST-L3-019640,SKU-MASS-092,TXN-202511-07019640,defect,,fahmai_cs,pending
WC-202511-08003615,2025-11-08,2025-11-08,,2026-01-15,CUST-L3-003615,SKU-MASS-056,TXN-202511-08003615,defect,,fahmai_cs,pending
WC-202511-08007690,2025-11-08,2025-11-08,,2026-01-15,CUST-L3-007690,SKU-MASS-026,TXN-202511-08007690,defect,,fahmai_cs,pending
WC-202511-08020910,2025-11-08,2025-11-08,,2026-01-15,CUST-L3-020910,SKU-MASS-057,TXN-202511-08020910,defect,,fahmai_cs,pending
WC-202511-08022444,2025-11-08,2025-11-08,,2026-01-15,CUST-L3-022444,SKU-MASS-027,TXN-202511-08022444,defect,,fahmai_cs,pending
WC-202511-08023675,2025-11-08,2025-11-08,,2026-01-15,CUST-L3-023675,SKU-MASS-069,TXN-202511-08023675,defect,,fahmai_cs,pending
WC-202511-08024696,2025-11-08,2025-11-08,,2026-01-15,CUST-L3-024696,SKU-MASS-026,TXN-202511-08024696,defect,,fahmai_cs,pending
WC-202511-08026638,2025-11-08,2025-11-08,,2026-01-15,CUST-L3-026638,SKU-MASS-020,TXN-202511-08026638,defect,,fahmai_cs,pending
WC-202511-09003586,2025-11-09,2025-11-09,,2026-01-15,CUST-L3-003586,SKU-MASS-095,TXN-202511-09003586,defect,,fahmai_cs,pending
WC-202511-09005746,2025-11-09,2025-11-09,,2026-01-15,CUST-L3-005746,SKU-MASS-056,TXN-202511-09005746,defect,,fahmai_cs,pending
WC-202511-09018603,2025-11-09,2025-11-09,,2026-01-15,CUST-L3-018603,SKU-MASS-057,TXN-202511-09018603,defect,,fahmai_cs,pending
WC-202511-09022597,2025-11-09,2025-11-09,,2026-01-15,CUST-L3-022597,SKU-MASS-088,TXN-202511-09022597,defect,,fahmai_cs,pending
WC-202511-09023820,2025-11-09,2025-11-09,,2026-01-15,CUST-L3-023820,SKU-MASS-080,TXN-202511-09023820,defect,,fahmai_cs,pending
WC-202511-09024904,2025-11-09,2025-11-09,,2026-01-15,CUST-L3-024904,SKU-MASS-049,TXN-202511-09024904,defect,,fahmai_cs,pending
WC-202511-09027840,2025-11-09,2025-11-09,,2026-01-15,CUST-L3-027840,SKU-MASS-026,TXN-202511-09027840,defect,,fahmai_cs,pending
WC-202511-10003272,2025-11-10,2025-11-10,,2026-01-15,CUST-L3-003272,SKU-MASS-110,TXN-202511-10003272,defect,,fahmai_cs,pending
WC-202511-10007605,2025-11-10,2025-11-10,,2026-01-15,CUST-L3-007605,SKU-MASS-098,TXN-202511-10007605,defect,,fahmai_cs,pending
WC-202511-10026015,2025-11-10,2025-11-10,,2026-01-15,CUST-L3-026015,SKU-MASS-106,TXN-202511-10026015,defect,,fahmai_cs,pending
WC-202511-10028747,2025-11-10,2025-11-10,,2026-01-15,CUST-L3-028747,SKU-MASS-068,TXN-202511-10028747,defect,,fahmai_cs,pending
WC-202511-11006597,2025-11-11,2025-11-11,,2026-01-15,CUST-L3-006597,SKU-MASS-057,TXN-202511-11006597,defect,,fahmai_cs,pending
WC-202511-11009783,2025-11-11,2025-11-11,,2026-01-15,CUST-L3-009783,SKU-MASS-058,TXN-202511-11009783,defect,,fahmai_cs,pending
WC-202511-12000869,2025-11-12,2025-11-12,,2026-01-15,CUST-L3-000869,SKU-MASS-028,TXN-202511-12000869,defect,,fahmai_cs,pending
WC-202511-12000892,2025-11-12,2025-11-12,,2026-01-15,CUST-L3-000892,SKU-MASS-020,TXN-202511-12000892,defect,,fahmai_cs,pending
WC-202511-12008331,2025-11-12,2025-11-12,,2026-01-15,CUST-L3-008331,SKU-STD-001,TXN-202511-12008331,defect,,fahmai_cs,pending
WC-202511-12009776,2025-11-12,2025-11-12,,2026-01-15,CUST-L3-009776,SKU-MASS-043,TXN-202511-12009776,defect,,fahmai_cs,pending
WC-202511-12013939,2025-11-12,2025-11-12,,2026-01-15,CUST-L3-013939,SKU-MASS-082,TXN-202511-12013939,defect,,fahmai_cs,pending
WC-202511-12018790,2025-11-12,2025-11-12,,2026-01-15,CUST-L3-018790,SKU-MASS-055,TXN-202511-12018790,defect,,fahmai_cs,pending
WC-202511-12019153,2025-11-12,2025-11-12,,2026-01-15,CUST-L3-019153,SKU-MASS-007,TXN-202511-12019153,defect,,fahmai_cs,pending
WC-202511-12024241,2025-11-12,2025-11-12,,2026-01-15,CUST-L3-024241,SKU-MASS-028,TXN-202511-12024241,defect,,fahmai_cs,pending
WC-202511-12024431,2025-11-12,2025-11-12,,2026-01-15,CUST-L3-024431,SKU-MASS-022,TXN-202511-12024431,defect,,fahmai_cs,pending
WC-202511-12027721,2025-11-12,2025-11-12,,2026-01-15,CUST-L3-027721,SKU-MASS-017,TXN-202511-12027721,defect,,fahmai_cs,pending
WC-202511-13004419,2025-11-13,2025-11-13,,2026-01-15,CUST-L3-004419,SKU-MASS-061,TXN-202511-13004419,defect,,fahmai_cs,pending
WC-202511-13007823,2025-11-13,2025-11-13,,2026-01-15,CUST-L3-007823,SKU-MASS-027,TXN-202511-13007823,defect,,fahmai_cs,pending
WC-202511-13017301,2025-11-13,2025-11-13,,2026-01-15,CUST-L3-017301,SKU-MASS-099,TXN-202511-13017301,defect,,fahmai_cs,pending
WC-202511-13020037,2025-11-13,2025-11-13,,2026-01-15,CUST-L3-020037,SKU-MASS-048,TXN-202511-13020037,defect,,fahmai_cs,pending
WC-202511-13022331,2025-11-13,2025-11-13,,2026-01-15,CUST-L3-022331,SKU-MASS-093,TXN-202511-13022331,defect,,fahmai_cs,pending
WC-202511-14009359,2025-11-14,2025-11-14,,2026-01-15,CUST-L3-009359,SKU-MASS-073,TXN-202511-14009359,defect,,fahmai_cs,pending
WC-202511-14010401,2025-11-14,2025-11-14,,2026-01-15,CUST-L3-010401,NT-LT-001,TXN-202511-14010401,defect,,fahmai_cs,pending
WC-202511-14016334,2025-11-14,2025-11-14,,2026-01-15,CUST-L3-016334,SKU-MASS-110,TXN-202511-14016334,defect,,fahmai_cs,pending
WC-202511-14016445,2025-11-14,2025-11-14,,2026-01-15,CUST-L3-016445,SKU-MASS-012,TXN-202511-14016445,defect,,fahmai_cs,pending
WC-202511-14016577,2025-11-14,2025-11-14,,2026-01-15,CUST-L3-016577,SKU-MASS-108,TXN-202511-14016577,defect,,fahmai_cs,pending
WC-202511-14026710,2025-11-14,2025-11-14,,2026-01-15,CUST-L3-026710,SKU-MASS-029,TXN-202511-14026710,defect,,fahmai_cs,pending
WC-202511-15001040,2025-11-15,2025-11-15,,2026-01-15,CUST-L3-001040,SKU-MASS-067,TXN-202511-15001040,defect,,fahmai_cs,pending
WC-202511-15001918,2025-11-15,2025-11-15,,2026-01-15,CUST-L3-001918,SKU-MASS-110,TXN-202511-15001918,defect,,fahmai_cs,pending
WC-202511-15002243,2025-11-15,2025-11-15,,2026-01-15,CUST-L3-002243,SKU-MASS-032,TXN-202511-15002243,defect,,fahmai_cs,pending
WC-202511-15008171,2025-11-15,2025-11-15,,2026-01-15,CUST-L3-008171,SKU-MASS-090,TXN-202511-15008171,defect,,fahmai_cs,pending
WC-202511-15019585,2025-11-15,2025-11-15,,2026-01-15,CUST-L3-019585,SKU-MASS-035,TXN-202511-15019585,defect,,fahmai_cs,pending
WC-202511-15023927,2025-11-15,2025-11-15,,2026-01-15,CUST-L3-023927,SKU-MASS-091,TXN-202511-15023927,defect,,fahmai_cs,pending
WC-202511-15024772,2025-11-15,2025-11-15,,2026-01-15,CUST-L3-024772,SKU-MASS-073,TXN-202511-15024772,defect,,fahmai_cs,pending
WC-202511-15025928,2025-11-15,2025-11-15,,2026-01-15,CUST-L3-025928,SKU-MASS-018,TXN-202511-15025928,defect,,fahmai_cs,pending
WC-202511-15027038,2025-11-15,2025-11-15,,2026-01-15,CUST-L3-027038,SKU-MASS-028,TXN-202511-15027038,defect,,fahmai_cs,pending
WC-202511-16000849,2025-11-16,2025-11-16,,2026-01-15,CUST-L3-000849,SKU-MASS-100,TXN-202511-16000849,defect,,fahmai_cs,pending
WC-202511-16001494,2025-11-16,2025-11-16,,2026-01-15,CUST-L3-001494,SKU-MASS-022,TXN-202511-16001494,defect,,fahmai_cs,pending
WC-202511-16007868,2025-11-16,2025-11-16,,2026-01-15,CUST-L3-007868,SKU-MASS-043,TXN-202511-16007868,defect,,fahmai_cs,pending
WC-202511-16025132,2025-11-16,2025-11-16,,2026-01-15,CUST-L3-025132,SKU-MASS-065,TXN-202511-16025132,defect,,fahmai_cs,pending
WC-202511-16026522,2025-11-16,2025-11-16,,2026-01-15,CUST-L3-026522,SKU-MASS-016,TXN-202511-16026522,defect,,fahmai_cs,pending
WC-202511-17009547,2025-11-17,2025-11-17,,2026-01-15,CUST-L3-009547,SKU-MASS-074,TXN-202511-17009547,defect,,fahmai_cs,pending
WC-202511-17010749,2025-11-17,2025-11-17,,2026-01-15,CUST-L3-010749,SKU-MASS-101,TXN-202511-17010749,defect,,fahmai_cs,pending
WC-202511-18002392,2025-11-18,2025-11-18,,2026-01-15,CUST-L3-002392,SKU-MASS-043,TXN-202511-18002392,defect,,fahmai_cs,pending
WC-202511-18013373,2025-11-18,2025-11-18,,2026-01-15,CUST-L3-013373,SKU-MASS-066,TXN-202511-18013373,defect,,fahmai_cs,pending
WC-202511-18015616,2025-11-18,2025-11-18,,2026-01-15,CUST-L3-015616,SKU-MASS-017,TXN-202511-18015616,defect,,fahmai_cs,pending
WC-202511-18016014,2025-11-18,2025-11-18,,2026-01-15,CUST-L3-016014,SKU-MASS-069,TXN-202511-18016014,defect,,fahmai_cs,pending
WC-202511-18020541,2025-11-18,2025-11-18,,2026-01-15,CUST-L3-020541,SKU-MASS-080,TXN-202511-18020541,defect,,fahmai_cs,pending
WC-202511-18025297,2025-11-18,2025-11-18,,2026-01-15,CUST-L3-025297,SKU-MASS-102,TXN-202511-18025297,defect,,fahmai_cs,pending
WC-202511-18026886,2025-11-18,2025-11-18,,2026-01-15,CUST-L3-026886,SKU-MASS-074,TXN-202511-18026886,defect,,fahmai_cs,pending
WC-202511-19002526,2025-11-19,2025-11-19,,2026-01-15,CUST-L3-002526,SKU-MASS-041,TXN-202511-19002526,defect,,fahmai_cs,pending
WC-202511-19004285,2025-11-19,2025-11-19,,2026-01-15,CUST-L3-004285,SKU-MASS-018,TXN-202511-19004285,defect,,fahmai_cs,pending
WC-202511-19005064,2025-11-19,2025-11-19,,2026-01-15,CUST-L3-005064,SKU-MASS-109,TXN-202511-19005064,defect,,fahmai_cs,pending
WC-202511-19008143,2025-11-19,2025-11-19,,2026-01-15,CUST-L3-008143,SKU-MASS-044,TXN-202511-19008143,defect,,fahmai_cs,pending
WC-202511-19009757,2025-11-19,2025-11-19,,2026-01-15,CUST-L3-009757,SF-Galaxy-Pro-2568,TXN-202511-19009757,defect,,fahmai_cs,pending
WC-202511-19011128,2025-11-19,2025-11-19,,2026-01-15,CUST-L3-011128,SKU-MASS-033,TXN-202511-19011128,defect,,fahmai_cs,pending
WC-202511-19012426,2025-11-19,2025-11-19,,2026-01-15,CUST-L3-012426,SKU-MASS-086,TXN-202511-19012426,defect,,fahmai_cs,pending
WC-202511-19012996,2025-11-19,2025-11-19,,2026-01-15,CUST-L3-012996,SKU-MASS-070,TXN-202511-19012996,defect,,fahmai_cs,pending
WC-202511-19018947,2025-11-19,2025-11-19,,2026-01-15,CUST-L3-018947,SKU-MASS-107,TXN-202511-19018947,defect,,fahmai_cs,pending
WC-202511-19025999,2025-11-19,2025-11-19,,2026-01-15,CUST-L3-025999,SKU-MASS-072,TXN-202511-19025999,defect,,fahmai_cs,pending
WC-202511-19027137,2025-11-19,2025-11-19,,2026-01-15,CUST-L3-027137,SKU-MASS-097,TXN-202511-19027137,defect,,fahmai_cs,pending
WC-202511-19028124,2025-11-19,2025-11-19,,2026-01-15,CUST-L3-028124,SKU-MASS-104,TXN-202511-19028124,defect,,fahmai_cs,pending
WC-202511-20005764,2025-11-20,2025-11-20,,2026-01-15,CUST-L3-005764,NT-LT-001,TXN-202511-20005764,defect,,fahmai_cs,pending
WC-202511-20014916,2025-11-20,2025-11-20,,2026-01-15,CUST-L3-014916,SKU-MASS-104,TXN-202511-20014916,defect,,fahmai_cs,pending
WC-202511-20018402,2025-11-20,2025-11-20,,2026-01-15,CUST-L3-018402,SKU-MASS-071,TXN-202511-20018402,defect,,fahmai_cs,pending
WC-202511-21000950,2025-11-21,2025-11-21,,2026-01-15,CUST-L3-000950,SKU-MASS-106,TXN-202511-21000950,defect,,fahmai_cs,pending
WC-202511-21011792,2025-11-21,2025-11-21,,2026-01-15,CUST-L3-011792,SKU-MASS-092,TXN-202511-21011792,defect,,fahmai_cs,pending
WC-202511-21023338,2025-11-21,2025-11-21,,2026-01-15,CUST-L3-023338,SKU-MASS-098,TXN-202511-21023338,defect,,fahmai_cs,pending
WC-202511-22005140,2025-11-22,2025-11-22,,2026-01-15,CUST-L3-005140,SKU-MASS-047,TXN-202511-22005140,defect,,fahmai_cs,pending
WC-202511-22010229,2025-11-22,2025-11-22,,2026-01-15,CUST-L3-010229,SKU-MASS-050,TXN-202511-22010229,defect,,fahmai_cs,pending
WC-202511-22020099,2025-11-22,2025-11-22,,2026-01-15,CUST-L3-020099,SKU-MASS-089,TXN-202511-22020099,defect,,fahmai_cs,pending
WC-202511-22026652,2025-11-22,2025-11-22,,2026-01-15,CUST-L3-026652,SKU-STD-001,TXN-202511-22026652,defect,,fahmai_cs,pending
WC-202511-23005232,2025-11-23,2025-11-23,,2026-01-15,CUST-L3-005232,SKU-MASS-107,TXN-202511-23005232,defect,,fahmai_cs,pending
WC-202511-23009143,2025-11-23,2025-11-23,,2026-01-15,CUST-L3-009143,SKU-MASS-109,TXN-202511-23009143,defect,,fahmai_cs,pending
WC-202511-23015415,2025-11-23,2025-11-23,,2026-01-15,CUST-L3-015415,SKU-MASS-061,TXN-202511-23015415,defect,,fahmai_cs,pending
WC-202511-23015541,2025-11-23,2025-11-23,,2026-01-15,CUST-L3-015541,SKU-MASS-057,TXN-202511-23015541,defect,,fahmai_cs,pending
WC-202511-23018622,2025-11-23,2025-11-23,,2026-01-15,CUST-L3-018622,SKU-MASS-082,TXN-202511-23018622,defect,,fahmai_cs,pending
WC-202511-23020025,2025-11-23,2025-11-23,,2026-01-15,CUST-L3-020025,SKU-MASS-048,TXN-202511-23020025,defect,,fahmai_cs,pending
WC-202511-23025561,2025-11-23,2025-11-23,,2026-01-15,CUST-L3-025561,SKU-MASS-106,TXN-202511-23025561,defect,,fahmai_cs,pending
WC-202511-23026578,2025-11-23,2025-11-23,,2026-01-15,CUST-L3-026578,SKU-MASS-007,TXN-202511-23026578,defect,,fahmai_cs,pending
WC-202511-23028751,2025-11-23,2025-11-23,,2026-01-15,CUST-L3-028751,SKU-MASS-105,TXN-202511-23028751,defect,,fahmai_cs,pending
WC-202511-24004181,2025-11-24,2025-11-24,,2026-01-15,CUST-L3-004181,SKU-MASS-073,TXN-202511-24004181,defect,,fahmai_cs,pending
WC-202511-24009533,2025-11-24,2025-11-24,,2026-01-15,CUST-L3-009533,SKU-MASS-091,TXN-202511-24009533,defect,,fahmai_cs,pending
WC-202511-24020114,2025-11-24,2025-11-24,,2026-01-15,CUST-L3-020114,SKU-MASS-078,TXN-202511-24020114,defect,,fahmai_cs,pending
WC-202511-24028572,2025-11-24,2025-11-24,,2026-01-15,CUST-L3-028572,SKU-MASS-057,TXN-202511-24028572,defect,,fahmai_cs,pending
WC-202511-25000431,2025-11-25,2025-11-25,,2026-01-15,CUST-L3-000431,SKU-MASS-056,TXN-202511-25000431,defect,,fahmai_cs,pending
WC-202511-25004125,2025-11-25,2025-11-25,,2026-01-15,CUST-L3-004125,SKU-MASS-063,TXN-202511-25004125,defect,,fahmai_cs,pending
WC-202511-25012174,2025-11-25,2025-11-25,,2026-01-15,CUST-L3-012174,SKU-MASS-085,TXN-202511-25012174,defect,,fahmai_cs,pending
WC-202511-25023969,2025-11-25,2025-11-25,,2026-01-15,CUST-L3-023969,SKU-MASS-010,TXN-202511-25023969,defect,,fahmai_cs,pending
WC-202511-25029012,2025-11-25,2025-11-25,,2026-01-15,CUST-L3-029012,SKU-MASS-025,TXN-202511-25029012,defect,,fahmai_cs,pending
WC-202511-26008840,2025-11-26,2025-11-26,,2026-01-15,CUST-L3-008840,SKU-MASS-065,TXN-202511-26008840,defect,,fahmai_cs,pending
WC-202511-26012109,2025-11-26,2025-11-26,,2026-01-15,CUST-L3-012109,SKU-MASS-007,TXN-202511-26012109,defect,,fahmai_cs,pending
WC-202511-26019847,2025-11-26,2025-11-26,,2026-01-15,CUST-L3-019847,SKU-MASS-027,TXN-202511-26019847,defect,,fahmai_cs,pending
WC-202511-26020906,2025-11-26,2025-11-26,,2026-01-15,CUST-L3-020906,SKU-MASS-016,TXN-202511-26020906,defect,,fahmai_cs,pending
WC-202511-26021066,2025-11-26,2025-11-26,,2026-01-15,CUST-L3-021066,SKU-MASS-054,TXN-202511-26021066,defect,,fahmai_cs,pending
WC-202511-26021439,2025-11-26,2025-11-26,,2026-01-15,CUST-L3-021439,SKU-MASS-103,TXN-202511-26021439,defect,,fahmai_cs,pending
WC-202511-26027258,2025-11-26,2025-11-26,,2026-01-15,CUST-L3-027258,SKU-MASS-045,TXN-202511-26027258,defect,,fahmai_cs,pending
WC-202511-27010474,2025-11-27,2025-11-27,,2026-01-15,CUST-L3-010474,SKU-MASS-040,TXN-202511-27010474,defect,,fahmai_cs,pending
WC-202511-27024392,2025-11-27,2025-11-27,,2026-01-15,CUST-L3-024392,SKU-MASS-083,TXN-202511-27024392,defect,,fahmai_cs,pending
WC-202511-28000688,2025-11-28,2025-11-28,,2026-01-15,CUST-L3-000688,SKU-MASS-028,TXN-202511-28000688,defect,,fahmai_cs,pending
WC-202511-28005050,2025-11-28,2025-11-28,,2026-01-15,CUST-L3-005050,SKU-MASS-105,TXN-202511-28005050,defect,,fahmai_cs,pending
WC-202511-28013702,2025-11-28,2025-11-28,,2026-01-15,CUST-L3-013702,SKU-MASS-040,TXN-202511-28013702,defect,,fahmai_cs,pending
WC-202511-28015953,2025-11-28,2025-11-28,,2026-01-15,CUST-L3-015953,SKU-MASS-036,TXN-202511-28015953,defect,,fahmai_cs,pending
WC-202511-28024776,2025-11-28,2025-11-28,,2026-01-15,CUST-L3-024776,SKU-MASS-086,TXN-202511-28024776,defect,,fahmai_cs,pending
WC-202511-29002661,2025-11-29,2025-11-29,,2026-01-15,CUST-L3-002661,SKU-MASS-027,TXN-202511-29002661,defect,,fahmai_cs,pending
WC-202511-29004649,2025-11-29,2025-11-29,,2026-01-15,CUST-L3-004649,SKU-MASS-094,TXN-202511-29004649,defect,,fahmai_cs,pending
WC-202511-29012840,2025-11-29,2025-11-29,,2026-01-15,CUST-L3-012840,SF-Galaxy-Pro-2568,TXN-202511-29012840,defect,,fahmai_cs,pending
WC-202511-29023157,2025-11-29,2025-11-29,,2026-01-15,CUST-L3-023157,SKU-MASS-052,TXN-202511-29023157,defect,,fahmai_cs,pending
WC-202511-29029893,2025-11-29,2025-11-29,,2026-01-15,CUST-L3-029893,SKU-MASS-031,TXN-202511-29029893,defect,,fahmai_cs,pending
WC-202511-30005952,2025-11-30,2025-11-30,,2026-01-15,CUST-L3-005952,SKU-MASS-036,TXN-202511-30005952,defect,,fahmai_cs,pending
WC-202511-30010623,2025-11-30,2025-11-30,,2026-01-15,CUST-L3-010623,SKU-MASS-072,TXN-202511-30010623,defect,,fahmai_cs,pending
WC-202511-30015582,2025-11-30,2025-11-30,,2026-01-15,CUST-L3-015582,SKU-MASS-096,TXN-202511-30015582,defect,,fahmai_cs,pending
WC-202511-30016603,2025-11-30,2025-11-30,,2026-01-15,CUST-L3-016603,SKU-MASS-018,TXN-202511-30016603,defect,,fahmai_cs,pending
WC-202512-01000572,2025-12-01,2025-12-01,,2026-01-15,CUST-L3-000572,SKU-MASS-099,TXN-202512-01000572,defect,,fahmai_cs,pending
WC-202512-01006326,2025-12-01,2025-12-01,,2026-01-15,CUST-L3-006326,SKU-MASS-061,TXN-202512-01006326,defect,,fahmai_cs,pending
WC-202512-01017225,2025-12-01,2025-12-01,,2026-01-15,CUST-L3-017225,SKU-MASS-053,TXN-202512-01017225,defect,,fahmai_cs,pending
WC-202512-02002174,2025-12-02,2025-12-02,,2026-01-15,CUST-L3-002174,SKU-MASS-056,TXN-202512-02002174,defect,,fahmai_cs,pending
WC-202512-02010522,2025-12-02,2025-12-02,,2026-01-15,CUST-L3-010522,SKU-MASS-049,TXN-202512-02010522,defect,,fahmai_cs,pending
WC-202512-02015757,2025-12-02,2025-12-02,,2026-01-15,CUST-L3-015757,SKU-MASS-047,TXN-202512-02015757,defect,,fahmai_cs,pending
WC-202512-02023787,2025-12-02,2025-12-02,,2026-01-15,CUST-L3-023787,SKU-MASS-084,TXN-202512-02023787,defect,,fahmai_cs,pending
WC-202512-03001403,2025-12-03,2025-12-03,,2026-01-15,CUST-L3-001403,SKU-MASS-059,TXN-202512-03001403,defect,,fahmai_cs,pending
WC-202512-03003102,2025-12-03,2025-12-03,,2026-01-15,CUST-L3-003102,SKU-MASS-015,TXN-202512-03003102,defect,,fahmai_cs,pending
WC-202512-03012677,2025-12-03,2025-12-03,,2026-01-15,CUST-L3-012677,SKU-MASS-084,TXN-202512-03012677,defect,,fahmai_cs,pending
WC-202512-03017037,2025-12-03,2025-12-03,,2026-01-15,CUST-L3-017037,SKU-MASS-007,TXN-202512-03017037,defect,,fahmai_cs,pending
WC-202512-03027837,2025-12-03,2025-12-03,,2026-01-15,CUST-L3-027837,SKU-MASS-064,TXN-202512-03027837,defect,,fahmai_cs,pending
WC-202512-03028020,2025-12-03,2025-12-03,,2026-01-15,CUST-L3-028020,SKU-MASS-064,TXN-202512-03028020,defect,,fahmai_cs,pending
WC-202512-04000393,2025-12-04,2025-12-04,,2026-01-15,CUST-L3-000393,SKU-MASS-034,TXN-202512-04000393,defect,,fahmai_cs,pending
WC-202512-04003098,2025-12-04,2025-12-04,,2026-01-15,CUST-L3-003098,SKU-MASS-092,TXN-202512-04003098,defect,,fahmai_cs,pending
WC-202512-04021924,2025-12-04,2025-12-04,,2026-01-15,CUST-L3-021924,SKU-MASS-011,TXN-202512-04021924,defect,,fahmai_cs,pending
WC-202512-04023002,2025-12-04,2025-12-04,,2026-01-15,CUST-L3-023002,SKU-MASS-078,TXN-202512-04023002,defect,,fahmai_cs,pending
WC-202512-05002185,2025-12-05,2025-12-05,,2026-01-15,CUST-L3-002185,SKU-MASS-033,TXN-202512-05002185,defect,,fahmai_cs,pending
WC-202512-05024170,2025-12-05,2025-12-05,,2026-01-15,CUST-L3-024170,SKU-MASS-096,TXN-202512-05024170,defect,,fahmai_cs,pending
WC-202512-05025897,2025-12-05,2025-12-05,,2026-01-15,CUST-L3-025897,SKU-MASS-032,TXN-202512-05025897,defect,,fahmai_cs,pending
WC-202512-05028004,2025-12-05,2025-12-05,,2026-01-15,CUST-L3-028004,SKU-MASS-046,TXN-202512-05028004,defect,,fahmai_cs,pending
WC-202512-06008631,2025-12-06,2025-12-06,,2026-01-15,CUST-L3-008631,SKU-MASS-086,TXN-202512-06008631,defect,,fahmai_cs,pending
WC-202512-06011906,2025-12-06,2025-12-06,,2026-01-15,CUST-L3-011906,SKU-MASS-088,TXN-202512-06011906,defect,,fahmai_cs,pending
WC-202512-06016934,2025-12-06,2025-12-06,,2026-01-15,CUST-L3-016934,SKU-MASS-107,TXN-202512-06016934,defect,,fahmai_cs,pending
WC-202512-06024045,2025-12-06,2025-12-06,,2026-01-15,CUST-L3-024045,SKU-MASS-027,TXN-202512-06024045,defect,,fahmai_cs,pending
WC-202512-06028249,2025-12-06,2025-12-06,,2026-01-15,CUST-L3-028249,SKU-MASS-011,TXN-202512-06028249,defect,,fahmai_cs,pending
WC-202512-06028980,2025-12-06,2025-12-06,,2026-01-15,CUST-L3-028980,SKU-MASS-069,TXN-202512-06028980,defect,,fahmai_cs,pending
WC-202512-07001148,2025-12-07,2025-12-07,,2026-01-15,CUST-L3-001148,SKU-MASS-043,TXN-202512-07001148,defect,,fahmai_cs,pending
WC-202512-07006284,2025-12-07,2025-12-07,,2026-01-15,CUST-L3-006284,SKU-MASS-102,TXN-202512-07006284,defect,,fahmai_cs,pending
WC-202512-07011847,2025-12-07,2025-12-07,,2026-01-15,CUST-L3-011847,SKU-MASS-101,TXN-202512-07011847,defect,,fahmai_cs,pending
WC-202512-07016331,2025-12-07,2025-12-07,,2026-01-15,CUST-L3-016331,SKU-MASS-066,TXN-202512-07016331,defect,,fahmai_cs,pending
WC-202512-07026954,2025-12-07,2025-12-07,,2026-01-15,CUST-L3-026954,SKU-MASS-058,TXN-202512-07026954,defect,,fahmai_cs,pending
WC-202512-07029050,2025-12-07,2025-12-07,,2026-01-15,CUST-L3-029050,SKU-MASS-010,TXN-202512-07029050,defect,,fahmai_cs,pending
WC-202512-08001457,2025-12-08,2025-12-08,,2026-01-15,CUST-L3-001457,SKU-MASS-071,TXN-202512-08001457,defect,,fahmai_cs,pending
WC-202512-08007061,2025-12-08,2025-12-08,,2026-01-15,CUST-L3-007061,SKU-MASS-054,TXN-202512-08007061,defect,,fahmai_cs,pending
WC-202512-08011623,2025-12-08,2025-12-08,,2026-01-15,CUST-L3-011623,SKU-MASS-039,TXN-202512-08011623,defect,,fahmai_cs,pending
WC-202512-08026586,2025-12-08,2025-12-08,,2026-01-15,CUST-L3-026586,SKU-MASS-060,TXN-202512-08026586,defect,,fahmai_cs,pending
WC-202512-09002954,2025-12-09,2025-12-09,,2026-01-15,CUST-L3-002954,SKU-MASS-052,TXN-202512-09002954,defect,,fahmai_cs,pending
WC-202512-09006529,2025-12-09,2025-12-09,,2026-01-15,CUST-L3-006529,SKU-MASS-064,TXN-202512-09006529,defect,,fahmai_cs,pending
WC-202512-09015546,2025-12-09,2025-12-09,,2026-01-15,CUST-L3-015546,SKU-MASS-021,TXN-202512-09015546,defect,,fahmai_cs,pending
WC-202512-09021447,2025-12-09,2025-12-09,,2026-01-15,CUST-L3-021447,SKU-MASS-046,TXN-202512-09021447,defect,,fahmai_cs,pending
WC-202512-09029708,2025-12-09,2025-12-09,,2026-01-15,CUST-L3-029708,SKU-MASS-066,TXN-202512-09029708,defect,,fahmai_cs,pending
WC-202512-10000060,2025-12-10,2025-12-10,,2026-01-15,CUST-L3-000060,SKU-MASS-085,TXN-202512-10000060,defect,,fahmai_cs,pending
WC-202512-10006763,2025-12-10,2025-12-10,,2026-01-15,CUST-L3-006763,SKU-MASS-019,TXN-202512-10006763,defect,,fahmai_cs,pending
WC-202512-10010723,2025-12-10,2025-12-10,,2026-01-15,CUST-L3-010723,SKU-MASS-038,TXN-202512-10010723,defect,,fahmai_cs,pending
WC-202512-10011920,2025-12-10,2025-12-10,,2026-01-15,CUST-L3-011920,SKU-MASS-109,TXN-202512-10011920,defect,,fahmai_cs,pending
WC-202512-10017039,2025-12-10,2025-12-10,,2026-01-15,CUST-L3-017039,SKU-MASS-082,TXN-202512-10017039,defect,,fahmai_cs,pending
WC-202512-10024008,2025-12-10,2025-12-10,,2026-01-15,CUST-L3-024008,SKU-MASS-075,TXN-202512-10024008,defect,,fahmai_cs,pending
WC-202512-11000270,2025-12-11,2025-12-11,,2026-01-15,CUST-L3-000270,SKU-MASS-097,TXN-202512-11000270,defect,,fahmai_cs,pending
WC-202512-11012820,2025-12-11,2025-12-11,,2026-01-15,CUST-L3-012820,SKU-MASS-016,TXN-202512-11012820,defect,,fahmai_cs,pending
WC-202512-11013078,2025-12-11,2025-12-11,,2026-01-15,CUST-L3-013078,SKU-MASS-109,TXN-202512-11013078,defect,,fahmai_cs,pending
WC-202512-11013127,2025-12-11,2025-12-11,,2026-01-15,CUST-L3-013127,SKU-MASS-087,TXN-202512-11013127,defect,,fahmai_cs,pending
WC-202512-11017281,2025-12-11,2025-12-11,,2026-01-15,CUST-L3-017281,SKU-MASS-060,TXN-202512-11017281,defect,,fahmai_cs,pending
WC-202512-11022127,2025-12-11,2025-12-11,,2026-01-15,CUST-L3-022127,SKU-MASS-054,TXN-202512-11022127,defect,,fahmai_cs,pending
WC-202512-11022159,2025-12-11,2025-12-11,,2026-01-15,CUST-L3-022159,SKU-MASS-104,TXN-202512-11022159,defect,,fahmai_cs,pending
WC-202512-11023438,2025-12-11,2025-12-11,,2026-01-15,CUST-L3-023438,SKU-MASS-077,TXN-202512-11023438,defect,,fahmai_cs,pending
WC-202512-11026879,2025-12-11,2025-12-11,,2026-01-15,CUST-L3-026879,SKU-MASS-033,TXN-202512-11026879,defect,,fahmai_cs,pending
WC-202512-11029608,2025-12-11,2025-12-11,,2026-01-15,CUST-L3-029608,SKU-MASS-067,TXN-202512-11029608,defect,,fahmai_cs,pending
WC-202512-11029715,2025-12-11,2025-12-11,,2026-01-15,CUST-L3-029715,SKU-MASS-096,TXN-202512-11029715,defect,,fahmai_cs,pending
WC-202512-11029814,2025-12-11,2025-12-11,,2026-01-15,CUST-L3-029814,SKU-MASS-108,TXN-202512-11029814,defect,,fahmai_cs,pending
WC-202512-12000491,2025-12-12,2025-12-12,,2026-01-15,CUST-L3-000491,SKU-MASS-013,TXN-202512-12000491,defect,,fahmai_cs,pending
WC-202512-12002714,2025-12-12,2025-12-12,,2026-01-15,CUST-L3-002714,SKU-MASS-012,TXN-202512-12002714,defect,,fahmai_cs,pending
WC-202512-12005964,2025-12-12,2025-12-12,,2026-01-15,CUST-L3-005964,SKU-MASS-074,TXN-202512-12005964,defect,,fahmai_cs,pending
WC-202512-12009161,2025-12-12,2025-12-12,,2026-01-15,CUST-L3-009161,SKU-MASS-017,TXN-202512-12009161,defect,,fahmai_cs,pending
WC-202512-12012406,2025-12-12,2025-12-12,,2026-01-15,CUST-L3-012406,SKU-MASS-088,TXN-202512-12012406,defect,,fahmai_cs,pending
WC-202512-12017501,2025-12-12,2025-12-12,,2026-01-15,CUST-L3-017501,SKU-MASS-082,TXN-202512-12017501,defect,,fahmai_cs,pending
WC-202512-12029935,2025-12-12,2025-12-12,,2026-01-15,CUST-L3-029935,SKU-MASS-040,TXN-202512-12029935,defect,,fahmai_cs,pending
WC-202512-13007359,2025-12-13,2025-12-13,,2026-01-15,CUST-L3-007359,SKU-MASS-033,TXN-202512-13007359,defect,,fahmai_cs,pending
WC-202512-13010836,2025-12-13,2025-12-13,,2026-01-15,CUST-L3-010836,SKU-MASS-081,TXN-202512-13010836,defect,,fahmai_cs,pending
WC-202512-13011635,2025-12-13,2025-12-13,,2026-01-15,CUST-L3-011635,SKU-MASS-051,TXN-202512-13011635,defect,,fahmai_cs,pending
WC-202512-13019548,2025-12-13,2025-12-13,,2026-01-15,CUST-L3-019548,SKU-MASS-073,TXN-202512-13019548,defect,,fahmai_cs,pending
WC-202512-13023145,2025-12-13,2025-12-13,,2026-01-15,CUST-L3-023145,SKU-MASS-022,TXN-202512-13023145,defect,,fahmai_cs,pending
WC-202512-13024086,2025-12-13,2025-12-13,,2026-01-15,CUST-L3-024086,NT-LT-001,TXN-202512-13024086,defect,,fahmai_cs,pending
WC-202512-14003745,2025-12-14,2025-12-14,,2026-01-15,CUST-L3-003745,SKU-MASS-030,TXN-202512-14003745,defect,,fahmai_cs,pending
WC-202512-14005774,2025-12-14,2025-12-14,,2026-01-15,CUST-L3-005774,SKU-MASS-079,TXN-202512-14005774,defect,,fahmai_cs,pending
WC-202512-14006854,2025-12-14,2025-12-14,,2026-01-15,CUST-L3-006854,SKU-MASS-077,TXN-202512-14006854,defect,,fahmai_cs,pending
WC-202512-14007085,2025-12-14,2025-12-14,,2026-01-15,CUST-L3-007085,SKU-MASS-099,TXN-202512-14007085,defect,,fahmai_cs,pending
WC-202512-14007752,2025-12-14,2025-12-14,,2026-01-15,CUST-L3-007752,SKU-MASS-096,TXN-202512-14007752,defect,,fahmai_cs,pending
WC-202512-14008059,2025-12-14,2025-12-14,,2026-01-15,CUST-L3-008059,SKU-MASS-109,TXN-202512-14008059,defect,,fahmai_cs,pending
WC-202512-14021180,2025-12-14,2025-12-14,,2026-01-15,CUST-L3-021180,SKU-MASS-020,TXN-202512-14021180,defect,,fahmai_cs,pending
WC-202512-15002033,2025-12-15,2025-12-15,,2026-01-15,CUST-L3-002033,SKU-MASS-064,TXN-202512-15002033,defect,,fahmai_cs,pending
WC-202512-15003056,2025-12-15,2025-12-15,,2026-01-15,CUST-L3-003056,SKU-MASS-086,TXN-202512-15003056,defect,,fahmai_cs,pending
WC-202512-15008209,2025-12-15,2025-12-15,,2026-01-15,CUST-L3-008209,SKU-MASS-012,TXN-202512-15008209,defect,,fahmai_cs,pending
WC-202512-15014532,2025-12-15,2025-12-15,,2026-01-15,CUST-L3-014532,SKU-STD-001,TXN-202512-15014532,defect,,fahmai_cs,pending
WC-202512-15016507,2025-12-15,2025-12-15,,2026-01-15,CUST-L3-016507,SKU-MASS-076,TXN-202512-15016507,defect,,fahmai_cs,pending
WC-202512-15026465,2025-12-15,2025-12-15,,2026-01-15,CUST-L3-026465,SKU-MASS-098,TXN-202512-15026465,defect,,fahmai_cs,pending
WC-202512-15026608,2025-12-15,2025-12-15,,2026-01-15,CUST-L3-026608,SKU-MASS-110,TXN-202512-15026608,defect,,fahmai_cs,pending
WC-202512-15028555,2025-12-15,2025-12-15,,2026-01-15,CUST-L3-028555,SKU-MASS-100,TXN-202512-15028555,defect,,fahmai_cs,pending
WC-202512-15029670,2025-12-15,2025-12-15,,2026-01-15,CUST-L3-029670,SKU-MASS-045,TXN-202512-15029670,defect,,fahmai_cs,pending
WC-202512-16000380,2025-12-16,2025-12-16,,2026-01-15,CUST-L3-000380,SKU-MASS-067,TXN-202512-16000380,defect,,fahmai_cs,pending
WC-202512-17003354,2025-12-17,2025-12-17,,2026-01-15,CUST-L3-003354,AW-MN-001,TXN-202512-17003354,defect,,fahmai_cs,pending
WC-202512-17004964,2025-12-17,2025-12-17,,2026-01-15,CUST-L3-004964,SKU-MASS-046,TXN-202512-17004964,defect,,fahmai_cs,pending
WC-202512-17015326,2025-12-17,2025-12-17,,2026-01-15,CUST-L3-015326,SKU-MASS-086,TXN-202512-17015326,defect,,fahmai_cs,pending
WC-202512-17024756,2025-12-17,2025-12-17,,2026-01-15,CUST-L3-024756,SKU-MASS-108,TXN-202512-17024756,defect,,fahmai_cs,pending
WC-202512-17026579,2025-12-17,2025-12-17,,2026-01-15,CUST-L3-026579,SKU-MASS-086,TXN-202512-17026579,defect,,fahmai_cs,pending
WC-202512-17028832,2025-12-17,2025-12-17,,2026-01-15,CUST-L3-028832,SKU-MASS-022,TXN-202512-17028832,defect,,fahmai_cs,pending
WC-202512-18005373,2025-12-18,2025-12-18,,2026-01-15,CUST-L3-005373,SKU-MASS-102,TXN-202512-18005373,defect,,fahmai_cs,pending
WC-202512-18009160,2025-12-18,2025-12-18,,2026-01-15,CUST-L3-009160,SKU-MASS-100,TXN-202512-18009160,defect,,fahmai_cs,pending
WC-202512-18017954,2025-12-18,2025-12-18,,2026-01-15,CUST-L3-017954,SKU-MASS-036,TXN-202512-18017954,defect,,fahmai_cs,pending
WC-202512-18023058,2025-12-18,2025-12-18,,2026-01-15,CUST-L3-023058,SKU-MASS-089,TXN-202512-18023058,defect,,fahmai_cs,pending
WC-202512-18023925,2025-12-18,2025-12-18,,2026-01-15,CUST-L3-023925,SKU-MASS-101,TXN-202512-18023925,defect,,fahmai_cs,pending
WC-202512-19004807,2025-12-19,2025-12-19,,2026-01-15,CUST-L3-004807,SKU-MASS-044,TXN-202512-19004807,defect,,fahmai_cs,pending
WC-202512-19009478,2025-12-19,2025-12-19,,2026-01-15,CUST-L3-009478,SKU-MASS-048,TXN-202512-19009478,defect,,fahmai_cs,pending
WC-202512-19013147,2025-12-19,2025-12-19,,2026-01-15,CUST-L3-013147,SKU-MASS-033,TXN-202512-19013147,defect,,fahmai_cs,pending
WC-202512-19019850,2025-12-19,2025-12-19,,2026-01-15,CUST-L3-019850,SKU-MASS-110,TXN-202512-19019850,defect,,fahmai_cs,pending
WC-202512-19020335,2025-12-19,2025-12-19,,2026-01-15,CUST-L3-020335,SKU-MASS-049,TXN-202512-19020335,defect,,fahmai_cs,pending
WC-202512-19026983,2025-12-19,2025-12-19,,2026-01-15,CUST-L3-026983,SKU-MASS-060,TXN-202512-19026983,defect,,fahmai_cs,pending
WC-202512-20002168,2025-12-20,2025-12-20,,2026-01-15,CUST-L3-002168,SKU-MASS-079,TXN-202512-20002168,defect,,fahmai_cs,pending
WC-202512-20004380,2025-12-20,2025-12-20,,2026-01-15,CUST-L3-004380,SKU-MASS-082,TXN-202512-20004380,defect,,fahmai_cs,pending
WC-202512-20007434,2025-12-20,2025-12-20,,2026-01-15,CUST-L3-007434,SKU-MASS-069,TXN-202512-20007434,defect,,fahmai_cs,pending
WC-202512-20013268,2025-12-20,2025-12-20,,2026-01-15,CUST-L3-013268,SKU-MASS-061,TXN-202512-20013268,defect,,fahmai_cs,pending
WC-202512-20014519,2025-12-20,2025-12-20,,2026-01-15,CUST-L3-014519,SKU-MASS-087,TXN-202512-20014519,defect,,fahmai_cs,pending
WC-202512-20019908,2025-12-20,2025-12-20,,2026-01-15,CUST-L3-019908,SKU-MASS-024,TXN-202512-20019908,defect,,fahmai_cs,pending
WC-202512-20020342,2025-12-20,2025-12-20,,2026-01-15,CUST-L3-020342,SKU-MASS-060,TXN-202512-20020342,defect,,fahmai_cs,pending
WC-202512-20020761,2025-12-20,2025-12-20,,2026-01-15,CUST-L3-020761,SKU-MASS-099,TXN-202512-20020761,defect,,fahmai_cs,pending
WC-202512-20024686,2025-12-20,2025-12-20,,2026-01-15,CUST-L3-024686,SKU-MASS-014,TXN-202512-20024686,defect,,fahmai_cs,pending
WC-202512-20027729,2025-12-20,2025-12-20,,2026-01-15,CUST-L3-027729,SKU-MASS-082,TXN-202512-20027729,defect,,fahmai_cs,pending
WC-202512-21000612,2025-12-21,2025-12-21,,2026-01-15,CUST-L3-000612,SKU-MASS-073,TXN-202512-21000612,defect,,fahmai_cs,pending
WC-202512-21015569,2025-12-21,2025-12-21,,2026-01-15,CUST-L3-015569,SKU-MASS-054,TXN-202512-21015569,defect,,fahmai_cs,pending
WC-202512-21015797,2025-12-21,2025-12-21,,2026-01-15,CUST-L3-015797,SKU-MASS-101,TXN-202512-21015797,defect,,fahmai_cs,pending
WC-202512-21020414,2025-12-21,2025-12-21,,2026-01-15,CUST-L3-020414,SKU-MASS-059,TXN-202512-21020414,defect,,fahmai_cs,pending
WC-202512-21022409,2025-12-21,2025-12-21,,2026-01-15,CUST-L3-022409,NT-LT-001,TXN-202512-21022409,defect,,fahmai_cs,pending
WC-202512-22004076,2025-12-22,2025-12-22,,2026-01-15,CUST-L3-004076,SKU-MASS-083,TXN-202512-22004076,defect,,fahmai_cs,pending
WC-202512-22008492,2025-12-22,2025-12-22,,2026-01-15,CUST-L3-008492,SKU-MASS-073,TXN-202512-22008492,defect,,fahmai_cs,pending
WC-202512-22009172,2025-12-22,2025-12-22,,2026-01-15,CUST-L3-009172,SKU-MASS-073,TXN-202512-22009172,defect,,fahmai_cs,pending
WC-202512-22009569,2025-12-22,2025-12-22,,2026-01-15,CUST-L3-009569,SKU-MASS-015,TXN-202512-22009569,defect,,fahmai_cs,pending
WC-202512-22010785,2025-12-22,2025-12-22,,2026-01-15,CUST-L3-010785,SKU-MASS-035,TXN-202512-22010785,defect,,fahmai_cs,pending
WC-202512-22012358,2025-12-22,2025-12-22,,2026-01-15,CUST-L3-012358,SKU-MASS-053,TXN-202512-22012358,defect,,fahmai_cs,pending
WC-202512-22014272,2025-12-22,2025-12-22,,2026-01-15,CUST-L3-014272,WK-SW-004,TXN-202512-22014272,defect,,fahmai_cs,pending
WC-202512-22028696,2025-12-22,2025-12-22,,2026-01-15,CUST-L3-028696,DN-LT-010,TXN-202512-22028696,defect,,fahmai_cs,pending
WC-202512-22029294,2025-12-22,2025-12-22,,2026-01-15,CUST-L3-029294,SKU-MASS-010,TXN-202512-22029294,defect,,fahmai_cs,pending
WC-202512-23023661,2025-12-23,2025-12-23,,2026-01-15,CUST-L3-023661,SKU-MASS-014,TXN-202512-23023661,defect,,fahmai_cs,pending
WC-202512-23026842,2025-12-23,2025-12-23,,2026-01-15,CUST-L3-026842,SKU-MASS-107,TXN-202512-23026842,defect,,fahmai_cs,pending
WC-202512-24000425,2025-12-24,2025-12-24,,2026-01-15,CUST-L3-000425,SKU-MASS-064,TXN-202512-24000425,defect,,fahmai_cs,pending
WC-202512-24006564,2025-12-24,2025-12-24,,2026-01-15,CUST-L3-006564,SKU-MASS-098,TXN-202512-24006564,defect,,fahmai_cs,pending
WC-202512-24008687,2025-12-24,2025-12-24,,2026-01-15,CUST-L3-008687,SKU-MASS-012,TXN-202512-24008687,defect,,fahmai_cs,pending
WC-202512-24014629,2025-12-24,2025-12-24,,2026-01-15,CUST-L3-014629,SKU-MASS-099,TXN-202512-24014629,defect,,fahmai_cs,pending
WC-202512-24017577,2025-12-24,2025-12-24,,2026-01-15,CUST-L3-017577,SKU-MASS-039,TXN-202512-24017577,defect,,fahmai_cs,pending
WC-202512-24018416,2025-12-24,2025-12-24,,2026-01-15,CUST-L3-018416,SKU-MASS-010,TXN-202512-24018416,defect,,fahmai_cs,pending
WC-202512-25005518,2025-12-25,2025-12-25,,2026-01-15,CUST-L3-005518,SKU-MASS-016,TXN-202512-25005518,defect,,fahmai_cs,pending
WC-202512-25008840,2025-12-25,2025-12-25,,2026-01-15,CUST-L3-008840,SKU-MASS-022,TXN-202512-25008840,defect,,fahmai_cs,pending
WC-202512-25009438,2025-12-25,2025-12-25,,2026-01-15,CUST-L3-009438,SKU-MASS-040,TXN-202512-25009438,defect,,fahmai_cs,pending
WC-202512-25009745,2025-12-25,2025-12-25,,2026-01-15,CUST-L3-009745,SKU-MASS-022,TXN-202512-25009745,defect,,fahmai_cs,pending
WC-202512-25010553,2025-12-25,2025-12-25,,2026-01-15,CUST-L3-010553,SKU-MASS-071,TXN-202512-25010553,defect,,fahmai_cs,pending
WC-202512-25012213,2025-12-25,2025-12-25,,2026-01-15,CUST-L3-012213,SKU-MASS-036,TXN-202512-25012213,defect,,fahmai_cs,pending
WC-202512-25018014,2025-12-25,2025-12-25,,2026-01-15,CUST-L3-018014,SKU-MASS-083,TXN-202512-25018014,defect,,fahmai_cs,pending
WC-202512-25022449,2025-12-25,2025-12-25,,2026-01-15,CUST-L3-022449,SKU-MASS-036,TXN-202512-25022449,defect,,fahmai_cs,pending
WC-202512-25028095,2025-12-25,2025-12-25,,2026-01-15,CUST-L3-028095,SKU-MASS-055,TXN-202512-25028095,defect,,fahmai_cs,pending
WC-202512-26020207,2025-12-26,2025-12-26,,2026-01-15,CUST-L3-020207,SKU-MASS-067,TXN-202512-26020207,defect,,fahmai_cs,pending
WC-202512-26028170,2025-12-26,2025-12-26,,2026-01-15,CUST-L3-028170,SKU-MASS-085,TXN-202512-26028170,defect,,fahmai_cs,pending
WC-202512-27000405,2025-12-27,2025-12-27,,2026-01-15,CUST-L3-000405,SKU-MASS-035,TXN-202512-27000405,defect,,fahmai_cs,pending
WC-202512-27003796,2025-12-27,2025-12-27,,2026-01-15,CUST-L3-003796,SKU-MASS-062,TXN-202512-27003796,defect,,fahmai_cs,pending
WC-202512-27006412,2025-12-27,2025-12-27,,2026-01-15,CUST-L3-006412,SKU-MASS-069,TXN-202512-27006412,defect,,fahmai_cs,pending
WC-202512-27008052,2025-12-27,2025-12-27,,2026-01-15,CUST-L3-008052,SKU-MASS-095,TXN-202512-27008052,defect,,fahmai_cs,pending
WC-202512-27011428,2025-12-27,2025-12-27,,2026-01-15,CUST-L3-011428,SKU-MASS-075,TXN-202512-27011428,defect,,fahmai_cs,pending
WC-202512-27013952,2025-12-27,2025-12-27,,2026-01-15,CUST-L3-013952,AW-MN-001,TXN-202512-27013952,defect,,fahmai_cs,pending
WC-202512-27014016,2025-12-27,2025-12-27,,2026-01-15,CUST-L3-014016,SKU-MASS-031,TXN-202512-27014016,defect,,fahmai_cs,pending
WC-202512-27014680,2025-12-27,2025-12-27,,2026-01-15,CUST-L3-014680,SKU-MASS-087,TXN-202512-27014680,defect,,fahmai_cs,pending
WC-202512-27018106,2025-12-27,2025-12-27,,2026-01-15,CUST-L3-018106,SKU-MASS-107,TXN-202512-27018106,defect,,fahmai_cs,pending
WC-202512-27020553,2025-12-27,2025-12-27,,2026-01-15,CUST-L3-020553,SKU-MASS-031,TXN-202512-27020553,defect,,fahmai_cs,pending
WC-202512-27021957,2025-12-27,2025-12-27,,2026-01-15,CUST-L3-021957,SKU-MASS-068,TXN-202512-27021957,defect,,fahmai_cs,pending
WC-202512-28014095,2025-12-28,2025-12-28,,2026-01-15,CUST-L3-014095,SKU-MASS-045,TXN-202512-28014095,defect,,fahmai_cs,pending
WC-202512-28015691,2025-12-28,2025-12-28,,2026-01-15,CUST-L3-015691,SKU-MASS-108,TXN-202512-28015691,defect,,fahmai_cs,pending
WC-202512-28019319,2025-12-28,2025-12-28,,2026-01-15,CUST-L3-019319,SKU-MASS-086,TXN-202512-28019319,defect,,fahmai_cs,pending
WC-202512-28020766,2025-12-28,2025-12-28,,2026-01-15,CUST-L3-020766,SKU-MASS-080,TXN-202512-28020766,defect,,fahmai_cs,pending
WC-202512-28024741,2025-12-28,2025-12-28,,2026-01-15,CUST-L3-024741,SKU-MASS-033,TXN-202512-28024741,defect,,fahmai_cs,pending
WC-202512-28027457,2025-12-28,2025-12-28,,2026-01-15,CUST-L3-027457,SKU-MASS-100,TXN-202512-28027457,defect,,fahmai_cs,pending
WC-202512-28028732,2025-12-28,2025-12-28,,2026-01-15,CUST-L3-028732,SKU-MASS-036,TXN-202512-28028732,defect,,fahmai_cs,pending
WC-202512-29011753,2025-12-29,2025-12-29,,2026-01-15,CUST-L3-011753,SKU-MASS-020,TXN-202512-29011753,defect,,fahmai_cs,pending
WC-202512-29012960,2025-12-29,2025-12-29,,2026-01-15,CUST-L3-012960,SKU-MASS-076,TXN-202512-29012960,defect,,fahmai_cs,pending
WC-202512-29014701,2025-12-29,2025-12-29,,2026-01-15,CUST-L3-014701,SKU-MASS-047,TXN-202512-29014701,defect,,fahmai_cs,pending
WC-202512-29015470,2025-12-29,2025-12-29,,2026-01-15,CUST-L3-015470,SKU-MASS-109,TXN-202512-29015470,defect,,fahmai_cs,pending
WC-202512-29023020,2025-12-29,2025-12-29,,2026-01-15,CUST-L3-023020,SKU-MASS-021,TXN-202512-29023020,defect,,fahmai_cs,pending
WC-202512-29028215,2025-12-29,2025-12-29,,2026-01-15,CUST-L3-028215,SKU-MASS-031,TXN-202512-29028215,defect,,fahmai_cs,pending
WC-202512-30007254,2025-12-30,2025-12-30,,2026-01-15,CUST-L3-007254,SKU-MASS-052,TXN-202512-30007254,defect,,fahmai_cs,pending
WC-202512-30008929,2025-12-30,2025-12-30,,2026-01-15,CUST-L3-008929,SKU-MASS-016,TXN-202512-30008929,defect,,fahmai_cs,pending
WC-202512-30009781,2025-12-30,2025-12-30,,2026-01-15,CUST-L3-009781,SKU-MASS-047,TXN-202512-30009781,defect,,fahmai_cs,pending
WC-202512-30011042,2025-12-30,2025-12-30,,2026-01-15,CUST-L3-011042,SKU-MASS-032,TXN-202512-30011042,defect,,fahmai_cs,pending
WC-202512-30018701,2025-12-30,2025-12-30,,2026-01-15,CUST-L3-018701,SKU-MASS-080,TXN-202512-30018701,defect,,fahmai_cs,pending
WC-202512-30020842,2025-12-30,2025-12-30,,2026-01-15,CUST-L3-020842,SKU-MASS-068,TXN-202512-30020842,defect,,fahmai_cs,pending
WC-202512-30022084,2025-12-30,2025-12-30,,2026-01-15,CUST-L3-022084,SKU-MASS-009,TXN-202512-30022084,defect,,fahmai_cs,pending
WC-202512-31001601,2025-12-31,2025-12-31,,2026-01-15,CUST-L3-001601,SKU-MASS-091,TXN-202512-31001601,defect,,fahmai_cs,pending
WC-202512-31003114,2025-12-31,2025-12-31,,2026-01-15,CUST-L3-003114,SKU-MASS-110,TXN-202512-31003114,defect,,fahmai_cs,pending
WC-202512-31005791,2025-12-31,2025-12-31,,2026-01-15,CUST-L3-005791,SKU-MASS-059,TXN-202512-31005791,defect,,fahmai_cs,pending
WC-202512-31020382,2025-12-31,2025-12-31,,2026-01-15,CUST-L3-020382,SKU-MASS-103,TXN-202512-31020382,defect,,fahmai_cs,pending
WC-202512-31020997,2025-12-31,2025-12-31,,2026-01-15,CUST-L3-020997,SKU-MASS-047,TXN-202512-31020997,defect,,fahmai_cs,pending
WC-202512-31026752,2025-12-31,2025-12-31,,2026-01-15,CUST-L3-026752,AW-MN-001,TXN-202512-31026752,defect,,fahmai_cs,pending
