redemption_id,business_event_date,posting_date,as_of_date,txn_id,customer_id,campaign_id,discount_applied_thb,channel
1054264194501,2024-11-11,2024-11-11,2026-01-15,TXN-202411-11000142,CUST-L3-000142,MEGA-1111-2567,6708.00,offline
214237745109,2024-11-11,2024-11-11,2026-01-15,TXN-202411-11000842,CUST-L3-000842,MEGA-1111-2567,6708.00,online
178902817271,2024-11-11,2024-11-11,2026-01-15,TXN-202411-11001718,CUST-L3-001718,MEGA-1111-2567,2988.00,offline
276901064448,2024-11-11,2024-11-11,2026-01-15,TXN-202411-11001743,CUST-L3-001743,MEGA-1111-2567,12660.00,offline
717680921249,2024-11-11,2024-11-11,2026-01-15,TXN-202411-11002003,CUST-L3-002003,MEGA-1111-2567,3588.00,offline
798111736509,2024-11-11,2024-11-11,2026-01-15,TXN-202411-11002444,CUST-L3-002444,MEGA-1111-2567,7296.00,offline
1012307527572,2024-11-11,2024-11-11,2026-01-15,TXN-202411-11002860,CUST-L3-002860,MEGA-1111-2567,588.00,offline
758510123888,2024-11-11,2024-11-11,2026-01-15,TXN-202411-11003186,CUST-L3-003186,MEGA-1111-2567,3576.00,online
1019855424390,2024-11-11,2024-11-11,2026-01-15,TXN-202411-11003368,CUST-L3-003368,MEGA-1111-2567,6708.00,offline
359010628522,2024-11-11,2024-11-11,2026-01-15,TXN-202411-11003378,CUST-L3-003378,MEGA-1111-2567,6708.00,offline
882790533381,2024-11-11,2024-11-11,2026-01-15,TXN-202411-11003439,CUST-L3-003439,MEGA-1111-2567,10188.00,offline
106803208608,2024-11-11,2024-11-11,2026-01-15,TXN-202411-11003471,CUST-L3-003471,MEGA-1111-2567,5124.00,offline
239643808223,2024-11-11,2024-11-11,2026-01-15,TXN-202411-11003624,CUST-L3-003624,MEGA-1111-2567,2988.00,offline
106225712794,2024-11-11,2024-11-11,2026-01-15,TXN-202411-11003640,CUST-L3-003640,MEGA-1111-2567,1548.00,offline
287176069924,2024-11-11,2024-11-11,2026-01-15,TXN-202411-11003680,CUST-L3-003680,MEGA-1111-2567,1548.00,offline
301219881120,2024-11-11,2024-11-11,2026-01-15,TXN-202411-11004248,CUST-L3-004248,MEGA-1111-2567,2988.00,offline
84413960135,2024-11-11,2024-11-11,2026-01-15,TXN-202411-11005226,CUST-L3-005226,MEGA-1111-2567,588.00,offline
1081248777845,2024-11-11,2024-11-11,2026-01-15,TXN-202411-11005781,CUST-L3-005781,MEGA-1111-2567,3588.00,offline
559065311115,2024-11-11,2024-11-11,2026-01-15,TXN-202411-11005872,CUST-L3-005872,MEGA-1111-2567,828.00,offline
721162905415,2024-11-11,2024-11-11,2026-01-15,TXN-202411-11005926,CUST-L3-005926,MEGA-1111-2567,2988.00,offline
209698164435,2024-11-11,2024-11-11,2026-01-15,TXN-202411-11005975,CUST-L3-005975,MEGA-1111-2567,15288.00,offline
927505419130,2024-11-11,2024-11-11,2026-01-15,TXN-202411-11006556,CUST-L3-006556,MEGA-1111-2567,828.00,online
625456604018,2024-11-11,2024-11-11,2026-01-15,TXN-202411-11006778,CUST-L3-006778,MEGA-1111-2567,588.00,offline
440043256571,2024-11-11,2024-11-11,2026-01-15,TXN-202411-11006796,CUST-L3-006796,MEGA-1111-2567,14412.00,offline
1035989030447,2024-11-11,2024-11-11,2026-01-15,TXN-202411-11006896,CUST-L3-006896,MEGA-1111-2567,6708.00,offline
352772691682,2024-11-11,2024-11-11,2026-01-15,TXN-202411-11007027,CUST-L3-007027,MEGA-1111-2567,3588.00,offline
704982065837,2024-11-11,2024-11-11,2026-01-15,TXN-202411-11007321,CUST-L3-007321,MEGA-1111-2567,1548.00,online
161524638079,2024-11-11,2024-11-11,2026-01-15,TXN-202411-11007382,CUST-L3-007382,MEGA-1111-2567,2988.00,offline
848214698494,2024-11-11,2024-11-11,2026-01-15,TXN-202411-11007825,CUST-L3-007825,MEGA-1111-2567,3588.00,offline
986189542908,2024-11-11,2024-11-11,2026-01-15,TXN-202411-11007836,CUST-L3-007836,MEGA-1111-2567,7536.00,offline
268061105924,2024-11-11,2024-11-11,2026-01-15,TXN-202411-11007957,CUST-L3-007957,MEGA-1111-2567,3684.00,online
177165870059,2024-11-11,2024-11-11,2026-01-15,TXN-202411-11008242,CUST-L3-008242,MEGA-1111-2567,6708.00,online
563693453882,2024-11-11,2024-11-11,2026-01-15,TXN-202411-11008302,CUST-L3-008302,MEGA-1111-2567,828.00,offline
275595702140,2024-11-11,2024-11-11,2026-01-15,TXN-202411-11008317,CUST-L3-008317,MEGA-1111-2567,1548.00,offline
720934257111,2024-11-11,2024-11-11,2026-01-15,TXN-202411-11008383,CUST-L3-008383,MEGA-1111-2567,1548.00,offline
826264999117,2024-11-11,2024-11-11,2026-01-15,TXN-202411-11008577,CUST-L3-008577,MEGA-1111-2567,1608.00,offline
976024173060,2024-11-11,2024-11-11,2026-01-15,TXN-202411-11008585,CUST-L3-008585,MEGA-1111-2567,828.00,offline
338100311980,2024-11-11,2024-11-11,2026-01-15,TXN-202411-11009144,CUST-L3-009144,MEGA-1111-2567,2988.00,offline
693773366352,2024-11-11,2024-11-11,2026-01-15,TXN-202411-11009814,CUST-L3-009814,MEGA-1111-2567,5148.00,offline
173610321659,2024-11-11,2024-11-11,2026-01-15,TXN-202411-11010425,CUST-L3-010425,MEGA-1111-2567,1020.00,offline
626730449403,2024-11-11,2024-11-11,2026-01-15,TXN-202411-11010814,CUST-L3-010814,MEGA-1111-2567,828.00,offline
818585780384,2024-11-11,2024-11-11,2026-01-15,TXN-202411-11011075,CUST-L3-011075,MEGA-1111-2567,1548.00,offline
139312266263,2024-11-11,2024-11-11,2026-01-15,TXN-202411-11011134,CUST-L3-011134,MEGA-1111-2567,2268.00,offline
531112208878,2024-11-11,2024-11-11,2026-01-15,TXN-202411-11011183,CUST-L3-011183,MEGA-1111-2567,3588.00,offline
706236625428,2024-11-11,2024-11-11,2026-01-15,TXN-202411-11011344,CUST-L3-011344,MEGA-1111-2567,3588.00,offline
27371943325,2024-11-11,2024-11-11,2026-01-15,TXN-202411-11011984,CUST-L3-011984,MEGA-1111-2567,2988.00,offline
123262700368,2024-11-11,2024-11-11,2026-01-15,TXN-202411-11012180,CUST-L3-012180,MEGA-1111-2567,14304.00,offline
324441174812,2024-11-11,2024-11-11,2026-01-15,TXN-202411-11012623,CUST-L3-012623,MEGA-1111-2567,2268.00,online
385635932433,2024-11-11,2024-11-11,2026-01-15,TXN-202411-11012685,CUST-L3-012685,MEGA-1111-2567,8256.00,offline
367018808792,2024-11-11,2024-11-11,2026-01-15,TXN-202411-11012994,CUST-L3-012994,MEGA-1111-2567,3588.00,offline
837635480999,2024-11-11,2024-11-11,2026-01-15,TXN-202411-11013289,CUST-L3-013289,MEGA-1111-2567,3588.00,offline
101698157343,2024-11-11,2024-11-11,2026-01-15,TXN-202411-11013295,CUST-L3-013295,MEGA-1111-2567,6708.00,offline
737659254451,2024-11-11,2024-11-11,2026-01-15,TXN-202411-11013621,CUST-L3-013621,MEGA-1111-2567,3588.00,offline
302698369334,2024-11-11,2024-11-11,2026-01-15,TXN-202411-11013899,CUST-L3-013899,MEGA-1111-2567,10728.00,offline
728775849449,2024-11-11,2024-11-11,2026-01-15,TXN-202411-11013946,CUST-L3-013946,MEGA-1111-2567,3096.00,offline
1009821794941,2024-11-11,2024-11-11,2026-01-15,TXN-202411-11014174,CUST-L3-014174,MEGA-1111-2567,1548.00,online
912605351182,2024-11-11,2024-11-11,2026-01-15,TXN-202411-11014624,CUST-L3-014624,MEGA-1111-2567,3588.00,offline
7653581268,2024-11-11,2024-11-11,2026-01-15,TXN-202411-11014683,CUST-L3-014683,MEGA-1111-2567,3588.00,offline
392854319550,2024-11-11,2024-11-11,2026-01-15,TXN-202411-11014709,CUST-L3-014709,MEGA-1111-2567,6840.00,offline
818365428534,2024-11-11,2024-11-11,2026-01-15,TXN-202411-11015004,CUST-L3-015004,MEGA-1111-2567,11580.00,offline
775774048423,2024-11-11,2024-11-11,2026-01-15,TXN-202411-11015005,CUST-L3-015005,MEGA-1111-2567,5964.00,offline
242038852935,2024-11-11,2024-11-11,2026-01-15,TXN-202411-11015164,CUST-L3-015164,MEGA-1111-2567,17688.00,offline
424624552200,2024-11-11,2024-11-11,2026-01-15,TXN-202411-11015818,CUST-L3-015818,MEGA-1111-2567,2988.00,offline
980532098019,2024-11-11,2024-11-11,2026-01-15,TXN-202411-11016015,CUST-L3-016015,MEGA-1111-2567,2268.00,offline
1008867886486,2024-11-11,2024-11-11,2026-01-15,TXN-202411-11016081,CUST-L3-016081,MEGA-1111-2567,1548.00,offline
259487366603,2024-11-11,2024-11-11,2026-01-15,TXN-202411-11017191,CUST-L3-017191,MEGA-1111-2567,4416.00,offline
204563728303,2024-11-11,2024-11-11,2026-01-15,TXN-202411-11017588,CUST-L3-017588,MEGA-1111-2567,6192.00,offline
157668317938,2024-11-11,2024-11-11,2026-01-15,TXN-202411-11017957,CUST-L3-017957,MEGA-1111-2567,5136.00,offline
826466318382,2024-11-11,2024-11-11,2026-01-15,TXN-202411-11017983,CUST-L3-017983,MEGA-1111-2567,7728.00,offline
356268962627,2024-11-11,2024-11-11,2026-01-15,TXN-202411-11018137,CUST-L3-018137,MEGA-1111-2567,6708.00,offline
606517822808,2024-11-11,2024-11-11,2026-01-15,TXN-202411-11018433,CUST-L3-018433,MEGA-1111-2567,8124.00,offline
24388481712,2024-11-11,2024-11-11,2026-01-15,TXN-202411-11018463,CUST-L3-018463,MEGA-1111-2567,2268.00,offline
525764556234,2024-11-11,2024-11-11,2026-01-15,TXN-202411-11018549,CUST-L3-018549,MEGA-1111-2567,5196.00,offline
878017568455,2024-11-11,2024-11-11,2026-01-15,TXN-202411-11018701,CUST-L3-018701,MEGA-1111-2567,19092.00,offline
906749604693,2024-11-11,2024-11-11,2026-01-15,TXN-202411-11018954,CUST-L3-018954,MEGA-1111-2567,6708.00,offline
120947794607,2024-11-11,2024-11-11,2026-01-15,TXN-202411-11019298,CUST-L3-019298,MEGA-1111-2567,2268.00,offline
905751800573,2024-11-11,2024-11-11,2026-01-15,TXN-202411-11019652,CUST-L3-019652,MEGA-1111-2567,3588.00,offline
217938324935,2024-11-11,2024-11-11,2026-01-15,TXN-202411-11019881,CUST-L3-019881,MEGA-1111-2567,5256.00,offline
999231192278,2024-11-11,2024-11-11,2026-01-15,TXN-202411-11020068,CUST-L3-020068,MEGA-1111-2567,5148.00,offline
596863149211,2024-11-11,2024-11-11,2026-01-15,TXN-202411-11020331,CUST-L3-020331,MEGA-1111-2567,10884.00,offline
980600484127,2024-11-11,2024-11-11,2026-01-15,TXN-202411-11021048,CUST-L3-021048,MEGA-1111-2567,2268.00,offline
629183566043,2024-11-11,2024-11-11,2026-01-15,TXN-202411-11021663,CUST-L3-021663,MEGA-1111-2567,828.00,online
472537818319,2024-11-11,2024-11-11,2026-01-15,TXN-202411-11021704,CUST-L3-021704,MEGA-1111-2567,6708.00,offline
283673528032,2024-11-11,2024-11-11,2026-01-15,TXN-202411-11021748,CUST-L3-021748,MEGA-1111-2567,1548.00,offline
623120966118,2024-11-11,2024-11-11,2026-01-15,TXN-202411-11021785,CUST-L3-021785,MEGA-1111-2567,6708.00,offline
649792188307,2024-11-11,2024-11-11,2026-01-15,TXN-202411-11021848,CUST-L3-021848,MEGA-1111-2567,8976.00,offline
119685459314,2024-11-11,2024-11-11,2026-01-15,TXN-202411-11021858,CUST-L3-021858,MEGA-1111-2567,12300.00,offline
583366133090,2024-11-11,2024-11-11,2026-01-15,TXN-202411-11022191,CUST-L3-022191,MEGA-1111-2567,7296.00,offline
331064061062,2024-11-11,2024-11-11,2026-01-15,TXN-202411-11022425,CUST-L3-022425,MEGA-1111-2567,1020.00,offline
947718703448,2024-11-11,2024-11-11,2026-01-15,TXN-202411-11022501,CUST-L3-022501,MEGA-1111-2567,5136.00,offline
1019561553345,2024-11-11,2024-11-11,2026-01-15,TXN-202411-11023471,CUST-L3-023471,MEGA-1111-2567,2268.00,offline
406445783431,2024-11-11,2024-11-11,2026-01-15,TXN-202411-11023793,CUST-L3-023793,MEGA-1111-2567,828.00,offline
642590157106,2024-11-11,2024-11-11,2026-01-15,TXN-202411-11023857,CUST-L3-023857,MEGA-1111-2567,828.00,offline
2599089856,2024-11-11,2024-11-11,2026-01-15,TXN-202411-11024170,CUST-L3-024170,MEGA-1111-2567,588.00,offline
779255151535,2024-11-11,2024-11-11,2026-01-15,TXN-202411-11024204,CUST-L3-024204,MEGA-1111-2567,828.00,offline
978355969475,2024-11-11,2024-11-11,2026-01-15,TXN-202411-11024243,CUST-L3-024243,MEGA-1111-2567,2988.00,offline
386167379834,2024-11-11,2024-11-11,2026-01-15,TXN-202411-11024311,CUST-L3-024311,MEGA-1111-2567,9156.00,online
794491145222,2024-11-11,2024-11-11,2026-01-15,TXN-202411-11025113,CUST-L3-025113,MEGA-1111-2567,3288.00,offline
260145396690,2024-11-11,2024-11-11,2026-01-15,TXN-202411-11025137,CUST-L3-025137,MEGA-1111-2567,2988.00,offline
612142907130,2024-11-11,2024-11-11,2026-01-15,TXN-202411-11025745,CUST-L3-025745,MEGA-1111-2567,5136.00,offline
311788130229,2024-11-11,2024-11-11,2026-01-15,TXN-202411-11025753,CUST-L3-025753,MEGA-1111-2567,588.00,offline
734968664580,2024-11-11,2024-11-11,2026-01-15,TXN-202411-11025836,CUST-L3-025836,MEGA-1111-2567,2028.00,offline
339114998339,2024-11-11,2024-11-11,2026-01-15,TXN-202411-11025982,CUST-L3-025982,MEGA-1111-2567,7728.00,offline
88429958574,2024-11-11,2024-11-11,2026-01-15,TXN-202411-11026041,CUST-L3-026041,MEGA-1111-2567,2988.00,online
1079084495648,2024-11-11,2024-11-11,2026-01-15,TXN-202411-11026091,CUST-L3-026091,MEGA-1111-2567,828.00,offline
877115251904,2024-11-11,2024-11-11,2026-01-15,TXN-202411-11026407,CUST-L3-026407,MEGA-1111-2567,14088.00,offline
621192681690,2024-11-11,2024-11-11,2026-01-15,TXN-202411-11026411,CUST-L3-026411,MEGA-1111-2567,1656.00,offline
900961973022,2024-11-11,2024-11-11,2026-01-15,TXN-202411-11026818,CUST-L3-026818,MEGA-1111-2567,6576.00,offline
143417223012,2024-11-11,2024-11-11,2026-01-15,TXN-202411-11026930,CUST-L3-026930,MEGA-1111-2567,26988.00,offline
369945687151,2024-11-11,2024-11-11,2026-01-15,TXN-202411-11027009,CUST-L3-027009,MEGA-1111-2567,8592.00,offline
406461838110,2024-11-11,2024-11-11,2026-01-15,TXN-202411-11027632,CUST-L3-027632,MEGA-1111-2567,5976.00,offline
505647655304,2024-11-11,2024-11-11,2026-01-15,TXN-202411-11027873,CUST-L3-027873,MEGA-1111-2567,828.00,offline
443920430648,2024-11-11,2024-11-11,2026-01-15,TXN-202411-11027876,CUST-L3-027876,MEGA-1111-2567,3588.00,online
617601643293,2024-11-11,2024-11-11,2026-01-15,TXN-202411-11027974,CUST-L3-027974,MEGA-1111-2567,2268.00,offline
322994358785,2024-11-11,2024-11-11,2026-01-15,TXN-202411-11028078,CUST-L3-028078,MEGA-1111-2567,25188.00,offline
158481258490,2024-11-11,2024-11-11,2026-01-15,TXN-202411-11028392,CUST-L3-028392,MEGA-1111-2567,6576.00,offline
274754243736,2024-11-11,2024-11-11,2026-01-15,TXN-202411-11028555,CUST-L3-028555,MEGA-1111-2567,828.00,offline
193257712154,2024-11-11,2024-11-11,2026-01-15,TXN-202411-11028572,CUST-L3-028572,MEGA-1111-2567,1020.00,offline
692586373533,2024-11-11,2024-11-11,2026-01-15,TXN-202411-11029036,CUST-L3-029036,MEGA-1111-2567,6984.00,offline
570084889160,2024-11-11,2024-11-11,2026-01-15,TXN-202411-11029433,CUST-L3-029433,MEGA-1111-2567,24996.00,offline
202501922977,2024-11-11,2024-11-11,2026-01-15,TXN-202411-11029559,CUST-L3-029559,MEGA-1111-2567,3588.00,offline
748227170449,2024-11-11,2024-11-11,2026-01-15,TXN-202411-11029615,CUST-L3-029615,MEGA-1111-2567,2268.00,offline
441511179273,2024-11-11,2024-11-11,2026-01-15,TXN-202411-11029727,CUST-L3-029727,MEGA-1111-2567,3096.00,offline
199604048899,2024-11-11,2024-11-11,2026-01-15,TXN-202411-11029761,CUST-L3-029761,MEGA-1111-2567,2988.00,online
87765364956,2024-11-11,2024-11-11,2026-01-15,TXN-202411-11029832,CUST-L3-029832,MEGA-1111-2567,3588.00,offline
868201041122,2024-11-12,2024-11-12,2026-01-15,TXN-202411-12000092,CUST-L3-000092,MEGA-1111-2567,828.00,offline
452423343731,2024-11-12,2024-11-12,2026-01-15,TXN-202411-12000105,CUST-L3-000105,MEGA-1111-2567,6708.00,offline
78399629923,2024-11-12,2024-11-12,2026-01-15,TXN-202411-12000494,CUST-L3-000494,MEGA-1111-2567,1020.00,offline
80077001501,2024-11-12,2024-11-12,2026-01-15,TXN-202411-12000705,CUST-L3-000705,MEGA-1111-2567,1608.00,offline
427574321519,2024-11-12,2024-11-12,2026-01-15,TXN-202411-12000846,CUST-L3-000846,MEGA-1111-2567,1020.00,offline
788435761864,2024-11-12,2024-11-12,2026-01-15,TXN-202411-12001099,CUST-L3-001099,MEGA-1111-2567,5016.00,offline
1053195516561,2024-11-12,2024-11-12,2026-01-15,TXN-202411-12001762,CUST-L3-001762,MEGA-1111-2567,588.00,offline
379319071069,2024-11-12,2024-11-12,2026-01-15,TXN-202411-12001804,CUST-L3-001804,MEGA-1111-2567,1548.00,offline
307520517939,2024-11-12,2024-11-12,2026-01-15,TXN-202411-12001938,CUST-L3-001938,MEGA-1111-2567,1608.00,offline
694649809697,2024-11-12,2024-11-12,2026-01-15,TXN-202411-12002309,CUST-L3-002309,MEGA-1111-2567,7296.00,offline
44774003472,2024-11-12,2024-11-12,2026-01-15,TXN-202411-12002369,CUST-L3-002369,MEGA-1111-2567,10188.00,offline
560926673778,2024-11-12,2024-11-12,2026-01-15,TXN-202411-12002418,CUST-L3-002418,MEGA-1111-2567,1548.00,offline
760049998952,2024-11-12,2024-11-12,2026-01-15,TXN-202411-12002691,CUST-L3-002691,MEGA-1111-2567,3288.00,offline
771372502554,2024-11-12,2024-11-12,2026-01-15,TXN-202411-12002764,CUST-L3-002764,MEGA-1111-2567,2268.00,offline
368951655413,2024-11-12,2024-11-12,2026-01-15,TXN-202411-12002918,CUST-L3-002918,MEGA-1111-2567,2988.00,offline
198090011611,2024-11-12,2024-11-12,2026-01-15,TXN-202411-12003148,CUST-L3-003148,MEGA-1111-2567,3588.00,offline
539606989119,2024-11-12,2024-11-12,2026-01-15,TXN-202411-12003192,CUST-L3-003192,MEGA-1111-2567,5256.00,offline
650233716657,2024-11-12,2024-11-12,2026-01-15,TXN-202411-12003664,CUST-L3-003664,MEGA-1111-2567,828.00,offline
177138926657,2024-11-12,2024-11-12,2026-01-15,TXN-202411-12004715,CUST-L3-004715,MEGA-1111-2567,588.00,offline
844900113311,2024-11-12,2024-11-12,2026-01-15,TXN-202411-12004756,CUST-L3-004756,MEGA-1111-2567,588.00,offline
14779020201,2024-11-12,2024-11-12,2026-01-15,TXN-202411-12004880,CUST-L3-004880,MEGA-1111-2567,2988.00,offline
873706545371,2024-11-12,2024-11-12,2026-01-15,TXN-202411-12005110,CUST-L3-005110,MEGA-1111-2567,4176.00,offline
644554814314,2024-11-12,2024-11-12,2026-01-15,TXN-202411-12005214,CUST-L3-005214,MEGA-1111-2567,10584.00,offline
509676017890,2024-11-12,2024-11-12,2026-01-15,TXN-202411-12005269,CUST-L3-005269,MEGA-1111-2567,1656.00,offline
979038709883,2024-11-12,2024-11-12,2026-01-15,TXN-202411-12005386,CUST-L3-005386,MEGA-1111-2567,2268.00,offline
908896789654,2024-11-12,2024-11-12,2026-01-15,TXN-202411-12005762,CUST-L3-005762,MEGA-1111-2567,4008.00,offline
677366100881,2024-11-12,2024-11-12,2026-01-15,TXN-202411-12005793,CUST-L3-005793,MEGA-1111-2567,2988.00,offline
149822125107,2024-11-12,2024-11-12,2026-01-15,TXN-202411-12005818,CUST-L3-005818,MEGA-1111-2567,11400.00,offline
1042619165481,2024-11-12,2024-11-12,2026-01-15,TXN-202411-12005925,CUST-L3-005925,MEGA-1111-2567,8784.00,online
922757643297,2024-11-12,2024-11-12,2026-01-15,TXN-202411-12006237,CUST-L3-006237,MEGA-1111-2567,2988.00,offline
475367294319,2024-11-12,2024-11-12,2026-01-15,TXN-202411-12006670,CUST-L3-006670,MEGA-1111-2567,10188.00,offline
688125680600,2024-11-12,2024-11-12,2026-01-15,TXN-202411-12006870,CUST-L3-006870,MEGA-1111-2567,588.00,offline
964266826965,2024-11-12,2024-11-12,2026-01-15,TXN-202411-12007460,CUST-L3-007460,MEGA-1111-2567,828.00,offline
1042770712421,2024-11-12,2024-11-12,2026-01-15,TXN-202411-12007555,CUST-L3-007555,MEGA-1111-2567,828.00,online
394790532310,2024-11-12,2024-11-12,2026-01-15,TXN-202411-12007768,CUST-L3-007768,MEGA-1111-2567,588.00,offline
407030408002,2024-11-12,2024-11-12,2026-01-15,TXN-202411-12008066,CUST-L3-008066,MEGA-1111-2567,10824.00,offline
712270405799,2024-11-12,2024-11-12,2026-01-15,TXN-202411-12008218,CUST-L3-008218,MEGA-1111-2567,8004.00,offline
719141628152,2024-11-12,2024-11-12,2026-01-15,TXN-202411-12008462,CUST-L3-008462,MEGA-1111-2567,4008.00,offline
198333590310,2024-11-12,2024-11-12,2026-01-15,TXN-202411-12008553,CUST-L3-008553,MEGA-1111-2567,828.00,offline
844605693357,2024-11-12,2024-11-12,2026-01-15,TXN-202411-12008747,CUST-L3-008747,MEGA-1111-2567,4536.00,offline
749704638654,2024-11-12,2024-11-12,2026-01-15,TXN-202411-12009030,CUST-L3-009030,MEGA-1111-2567,8256.00,offline
669433304348,2024-11-12,2024-11-12,2026-01-15,TXN-202411-12009540,CUST-L3-009540,MEGA-1111-2567,2988.00,online
446591194880,2024-11-12,2024-11-12,2026-01-15,TXN-202411-12009589,CUST-L3-009589,MEGA-1111-2567,3588.00,offline
223271576953,2024-11-12,2024-11-12,2026-01-15,TXN-202411-12009849,CUST-L3-009849,MEGA-1111-2567,1020.00,offline
358411837837,2024-11-12,2024-11-12,2026-01-15,TXN-202411-12009881,CUST-L3-009881,MEGA-1111-2567,6156.00,offline
588053063831,2024-11-12,2024-11-12,2026-01-15,TXN-202411-12009937,CUST-L3-009937,MEGA-1111-2567,1020.00,offline
1051867621367,2024-11-12,2024-11-12,2026-01-15,TXN-202411-12010049,CUST-L3-010049,MEGA-1111-2567,5724.00,offline
190756614144,2024-11-12,2024-11-12,2026-01-15,TXN-202411-12010141,CUST-L3-010141,MEGA-1111-2567,2988.00,offline
503254796011,2024-11-12,2024-11-12,2026-01-15,TXN-202411-12010545,CUST-L3-010545,MEGA-1111-2567,3096.00,offline
539117953101,2024-11-12,2024-11-12,2026-01-15,TXN-202411-12010757,CUST-L3-010757,MEGA-1111-2567,3588.00,offline
617415688521,2024-11-12,2024-11-12,2026-01-15,TXN-202411-12010774,CUST-L3-010774,MEGA-1111-2567,588.00,offline
678431652218,2024-11-12,2024-11-12,2026-01-15,TXN-202411-12010991,CUST-L3-010991,MEGA-1111-2567,1548.00,offline
549693618859,2024-11-12,2024-11-12,2026-01-15,TXN-202411-12011098,CUST-L3-011098,MEGA-1111-2567,6708.00,offline
738305468213,2024-11-12,2024-11-12,2026-01-15,TXN-202411-12011123,CUST-L3-011123,MEGA-1111-2567,2268.00,offline
78571968268,2024-11-12,2024-11-12,2026-01-15,TXN-202411-12011247,CUST-L3-011247,MEGA-1111-2567,10296.00,offline
111873884892,2024-11-12,2024-11-12,2026-01-15,TXN-202411-12011256,CUST-L3-011256,MEGA-1111-2567,2988.00,offline
1076510121619,2024-11-12,2024-11-12,2026-01-15,TXN-202411-12011435,CUST-L3-011435,MEGA-1111-2567,2988.00,offline
389877433494,2024-11-12,2024-11-12,2026-01-15,TXN-202411-12011664,CUST-L3-011664,MEGA-1111-2567,588.00,online
923043240459,2024-11-12,2024-11-12,2026-01-15,TXN-202411-12011771,CUST-L3-011771,MEGA-1111-2567,5256.00,offline
657871440856,2024-11-12,2024-11-12,2026-01-15,TXN-202411-12011920,CUST-L3-011920,MEGA-1111-2567,2988.00,offline
498770296457,2024-11-12,2024-11-12,2026-01-15,TXN-202411-12012095,CUST-L3-012095,MEGA-1111-2567,588.00,offline
938517222382,2024-11-12,2024-11-12,2026-01-15,TXN-202411-12012208,CUST-L3-012208,MEGA-1111-2567,5256.00,offline
642444904494,2024-11-12,2024-11-12,2026-01-15,TXN-202411-12012305,CUST-L3-012305,MEGA-1111-2567,828.00,offline
295496915172,2024-11-12,2024-11-12,2026-01-15,TXN-202411-12012402,CUST-L3-012402,MEGA-1111-2567,3588.00,offline
323173649115,2024-11-12,2024-11-12,2026-01-15,TXN-202411-12012690,CUST-L3-012690,MEGA-1111-2567,6708.00,offline
242669943474,2024-11-12,2024-11-12,2026-01-15,TXN-202411-12012842,CUST-L3-012842,MEGA-1111-2567,4416.00,offline
127230481350,2024-11-12,2024-11-12,2026-01-15,TXN-202411-12014039,CUST-L3-014039,MEGA-1111-2567,828.00,offline
985524434051,2024-11-12,2024-11-12,2026-01-15,TXN-202411-12014179,CUST-L3-014179,MEGA-1111-2567,3288.00,offline
64413934396,2024-11-12,2024-11-12,2026-01-15,TXN-202411-12014184,CUST-L3-014184,MEGA-1111-2567,2988.00,offline
404775729267,2024-11-12,2024-11-12,2026-01-15,TXN-202411-12014728,CUST-L3-014728,MEGA-1111-2567,2988.00,offline
42290518182,2024-11-12,2024-11-12,2026-01-15,TXN-202411-12015244,CUST-L3-015244,MEGA-1111-2567,6708.00,offline
542558726282,2024-11-12,2024-11-12,2026-01-15,TXN-202411-12015259,CUST-L3-015259,MEGA-1111-2567,12300.00,offline
821947190528,2024-11-12,2024-11-12,2026-01-15,TXN-202411-12015275,CUST-L3-015275,MEGA-1111-2567,15948.00,offline
35961150810,2024-11-12,2024-11-12,2026-01-15,TXN-202411-12015584,CUST-L3-015584,MEGA-1111-2567,5136.00,offline
898917892156,2024-11-12,2024-11-12,2026-01-15,TXN-202411-12015774,CUST-L3-015774,MEGA-1111-2567,12552.00,offline
693140031265,2024-11-12,2024-11-12,2026-01-15,TXN-202411-12015892,CUST-L3-015892,MEGA-1111-2567,6576.00,offline
740982747589,2024-11-12,2024-11-12,2026-01-15,TXN-202411-12015948,CUST-L3-015948,MEGA-1111-2567,2988.00,offline
372597510735,2024-11-12,2024-11-12,2026-01-15,TXN-202411-12016005,CUST-L3-016005,MEGA-1111-2567,828.00,offline
702932189084,2024-11-12,2024-11-12,2026-01-15,TXN-202411-12016045,CUST-L3-016045,MEGA-1111-2567,12420.00,offline
1098219405267,2024-11-12,2024-11-12,2026-01-15,TXN-202411-12016250,CUST-L3-016250,MEGA-1111-2567,1020.00,online
372715389280,2024-11-12,2024-11-12,2026-01-15,TXN-202411-12016580,CUST-L3-016580,MEGA-1111-2567,2988.00,offline
938334370686,2024-11-12,2024-11-12,2026-01-15,TXN-202411-12016654,CUST-L3-016654,MEGA-1111-2567,3588.00,offline
455025490122,2024-11-12,2024-11-12,2026-01-15,TXN-202411-12016756,CUST-L3-016756,MEGA-1111-2567,4416.00,offline
379965749339,2024-11-12,2024-11-12,2026-01-15,TXN-202411-12016799,CUST-L3-016799,MEGA-1111-2567,4536.00,offline
639637114298,2024-11-12,2024-11-12,2026-01-15,TXN-202411-12016825,CUST-L3-016825,MEGA-1111-2567,4176.00,offline
619558439757,2024-11-12,2024-11-12,2026-01-15,TXN-202411-12016927,CUST-L3-016927,MEGA-1111-2567,4308.00,offline
893618846783,2024-11-12,2024-11-12,2026-01-15,TXN-202411-12016984,CUST-L3-016984,MEGA-1111-2567,6708.00,offline
658703552497,2024-11-12,2024-11-12,2026-01-15,TXN-202411-12017095,CUST-L3-017095,MEGA-1111-2567,3816.00,offline
834451305345,2024-11-12,2024-11-12,2026-01-15,TXN-202411-12017364,CUST-L3-017364,MEGA-1111-2567,588.00,offline
910919833044,2024-11-12,2024-11-12,2026-01-15,TXN-202411-12017518,CUST-L3-017518,MEGA-1111-2567,1020.00,online
557386109818,2024-11-12,2024-11-12,2026-01-15,TXN-202411-12017694,CUST-L3-017694,MEGA-1111-2567,1548.00,offline
897489940486,2024-11-12,2024-11-12,2026-01-15,TXN-202411-12018185,CUST-L3-018185,MEGA-1111-2567,588.00,offline
910117899427,2024-11-12,2024-11-12,2026-01-15,TXN-202411-12018484,CUST-L3-018484,MEGA-1111-2567,10776.00,offline
467913440597,2024-11-12,2024-11-12,2026-01-15,TXN-202411-12018967,CUST-L3-018967,MEGA-1111-2567,3588.00,offline
899281185534,2024-11-12,2024-11-12,2026-01-15,TXN-202411-12019087,CUST-L3-019087,MEGA-1111-2567,2988.00,offline
596076143281,2024-11-12,2024-11-12,2026-01-15,TXN-202411-12019104,CUST-L3-019104,MEGA-1111-2567,2988.00,offline
930049332611,2024-11-12,2024-11-12,2026-01-15,TXN-202411-12019210,CUST-L3-019210,MEGA-1111-2567,2988.00,offline
141212721848,2024-11-12,2024-11-12,2026-01-15,TXN-202411-12019463,CUST-L3-019463,MEGA-1111-2567,15312.00,offline
701707544767,2024-11-12,2024-11-12,2026-01-15,TXN-202411-12019469,CUST-L3-019469,MEGA-1111-2567,2268.00,offline
196203893609,2024-11-12,2024-11-12,2026-01-15,TXN-202411-12019826,CUST-L3-019826,MEGA-1111-2567,1548.00,offline
428569294697,2024-11-12,2024-11-12,2026-01-15,TXN-202411-12019994,CUST-L3-019994,MEGA-1111-2567,1608.00,online
108358040074,2024-11-12,2024-11-12,2026-01-15,TXN-202411-12020028,CUST-L3-020028,MEGA-1111-2567,1020.00,offline
246357422364,2024-11-12,2024-11-12,2026-01-15,TXN-202411-12020029,CUST-L3-020029,MEGA-1111-2567,1020.00,offline
7687973493,2024-11-12,2024-11-12,2026-01-15,TXN-202411-12020210,CUST-L3-020210,MEGA-1111-2567,6708.00,offline
155876601783,2024-11-12,2024-11-12,2026-01-15,TXN-202411-12020840,CUST-L3-020840,MEGA-1111-2567,3588.00,offline
1011791538055,2024-11-12,2024-11-12,2026-01-15,TXN-202411-12021234,CUST-L3-021234,MEGA-1111-2567,7296.00,offline
804485889087,2024-11-12,2024-11-12,2026-01-15,TXN-202411-12021316,CUST-L3-021316,MEGA-1111-2567,2268.00,offline
595819970337,2024-11-12,2024-11-12,2026-01-15,TXN-202411-12021693,CUST-L3-021693,MEGA-1111-2567,2856.00,offline
491039229505,2024-11-12,2024-11-12,2026-01-15,TXN-202411-12021953,CUST-L3-021953,MEGA-1111-2567,6708.00,online
477235084290,2024-11-12,2024-11-12,2026-01-15,TXN-202411-12022576,CUST-L3-022576,MEGA-1111-2567,1020.00,offline
847597098661,2024-11-12,2024-11-12,2026-01-15,TXN-202411-12022615,CUST-L3-022615,MEGA-1111-2567,1608.00,offline
749580183111,2024-11-12,2024-11-12,2026-01-15,TXN-202411-12022739,CUST-L3-022739,MEGA-1111-2567,13416.00,offline
786073822387,2024-11-12,2024-11-12,2026-01-15,TXN-202411-12023196,CUST-L3-023196,MEGA-1111-2567,3588.00,offline
861680138534,2024-11-12,2024-11-12,2026-01-15,TXN-202411-12023665,CUST-L3-023665,MEGA-1111-2567,12432.00,offline
788762026521,2024-11-12,2024-11-12,2026-01-15,TXN-202411-12023783,CUST-L3-023783,MEGA-1111-2567,2988.00,offline
1021989028528,2024-11-12,2024-11-12,2026-01-15,TXN-202411-12023797,CUST-L3-023797,MEGA-1111-2567,3156.00,offline
1066118124443,2024-11-12,2024-11-12,2026-01-15,TXN-202411-12023950,CUST-L3-023950,MEGA-1111-2567,19332.00,offline
191045118556,2024-11-12,2024-11-12,2026-01-15,TXN-202411-12024311,CUST-L3-024311,MEGA-1111-2567,1416.00,offline
768162691274,2024-11-12,2024-11-12,2026-01-15,TXN-202411-12024328,CUST-L3-024328,MEGA-1111-2567,11316.00,offline
121899727872,2024-11-12,2024-11-12,2026-01-15,TXN-202411-12024762,CUST-L3-024762,MEGA-1111-2567,1548.00,offline
234938893202,2024-11-12,2024-11-12,2026-01-15,TXN-202411-12024773,CUST-L3-024773,MEGA-1111-2567,6708.00,offline
858377995964,2024-11-12,2024-11-12,2026-01-15,TXN-202411-12025053,CUST-L3-025053,MEGA-1111-2567,2988.00,online
931917146237,2024-11-12,2024-11-12,2026-01-15,TXN-202411-12025056,CUST-L3-025056,MEGA-1111-2567,4608.00,offline
113349767312,2024-11-12,2024-11-12,2026-01-15,TXN-202411-12025220,CUST-L3-025220,MEGA-1111-2567,3588.00,offline
239085533315,2024-11-12,2024-11-12,2026-01-15,TXN-202411-12025264,CUST-L3-025264,MEGA-1111-2567,828.00,offline
587345770988,2024-11-12,2024-11-12,2026-01-15,TXN-202411-12025606,CUST-L3-025606,MEGA-1111-2567,4416.00,offline
724077513970,2024-11-12,2024-11-12,2026-01-15,TXN-202411-12025752,CUST-L3-025752,MEGA-1111-2567,7764.00,offline
825564668882,2024-11-12,2024-11-12,2026-01-15,TXN-202411-12025958,CUST-L3-025958,MEGA-1111-2567,9240.00,online
304897005042,2024-11-12,2024-11-12,2026-01-15,TXN-202411-12026083,CUST-L3-026083,MEGA-1111-2567,4176.00,offline
176174945263,2024-11-12,2024-11-12,2026-01-15,TXN-202411-12026277,CUST-L3-026277,MEGA-1111-2567,6804.00,offline
983823348166,2024-11-12,2024-11-12,2026-01-15,TXN-202411-12026813,CUST-L3-026813,MEGA-1111-2567,10296.00,offline
79148690009,2024-11-12,2024-11-12,2026-01-15,TXN-202411-12026985,CUST-L3-026985,MEGA-1111-2567,8976.00,online
849098331659,2024-11-12,2024-11-12,2026-01-15,TXN-202411-12027043,CUST-L3-027043,MEGA-1111-2567,828.00,offline
167638247237,2024-11-12,2024-11-12,2026-01-15,TXN-202411-12027690,CUST-L3-027690,MEGA-1111-2567,3588.00,offline
745217496427,2024-11-12,2024-11-12,2026-01-15,TXN-202411-12027755,CUST-L3-027755,MEGA-1111-2567,2376.00,offline
911804225730,2024-11-12,2024-11-12,2026-01-15,TXN-202411-12028003,CUST-L3-028003,MEGA-1111-2567,17556.00,offline
304423592826,2024-11-12,2024-11-12,2026-01-15,TXN-202411-12028568,CUST-L3-028568,MEGA-1111-2567,17568.00,online
130582836257,2024-11-12,2024-11-12,2026-01-15,TXN-202411-12028758,CUST-L3-028758,MEGA-1111-2567,1548.00,offline
398274472806,2024-11-12,2024-11-12,2026-01-15,TXN-202411-12028939,CUST-L3-028939,MEGA-1111-2567,4536.00,offline
1088103362238,2024-11-12,2024-11-12,2026-01-15,TXN-202411-12029081,CUST-L3-029081,MEGA-1111-2567,2568.00,offline
808552849302,2024-11-12,2024-11-12,2026-01-15,TXN-202411-12029814,CUST-L3-029814,MEGA-1111-2567,4416.00,online
957516837171,2024-11-12,2024-11-12,2026-01-15,TXN-202411-12029963,CUST-L3-029963,MEGA-1111-2567,15684.00,offline
708543769586,2024-12-12,2024-12-12,2026-01-15,TXN-202412-12000163,CUST-L3-000163,MEGA-1212-2567,8385.00,offline
1029812701433,2024-12-12,2024-12-12,2026-01-15,TXN-202412-12000478,CUST-L3-000478,MEGA-1212-2567,4110.00,online
1081291169068,2024-12-12,2024-12-12,2026-01-15,TXN-202412-12000836,CUST-L3-000836,MEGA-1212-2567,1035.00,offline
96586714305,2024-12-12,2024-12-12,2026-01-15,TXN-202412-12000910,CUST-L3-000910,MEGA-1212-2567,4470.00,offline
369588240626,2024-12-12,2024-12-12,2026-01-15,TXN-202412-12001102,CUST-L3-001102,MEGA-1212-2567,735.00,offline
683559954236,2024-12-12,2024-12-12,2026-01-15,TXN-202412-12001309,CUST-L3-001309,MEGA-1212-2567,10140.00,offline
846441622082,2024-12-12,2024-12-12,2026-01-15,TXN-202412-12001426,CUST-L3-001426,MEGA-1212-2567,12735.00,offline
983365563870,2024-12-12,2024-12-12,2026-01-15,TXN-202412-12001497,CUST-L3-001497,MEGA-1212-2567,7320.00,offline
626192204306,2024-12-12,2024-12-12,2026-01-15,TXN-202412-12001574,CUST-L3-001574,MEGA-1212-2567,9120.00,offline
1066406751024,2024-12-12,2024-12-12,2026-01-15,TXN-202412-12001724,CUST-L3-001724,MEGA-1212-2567,22335.00,offline
349058303546,2024-12-12,2024-12-12,2026-01-15,TXN-202412-12001805,CUST-L3-001805,MEGA-1212-2567,1935.00,offline
171393373119,2024-12-12,2024-12-12,2026-01-15,TXN-202412-12001807,CUST-L3-001807,MEGA-1212-2567,16590.00,offline
427563717060,2024-12-12,2024-12-12,2026-01-15,TXN-202412-12001903,CUST-L3-001903,MEGA-1212-2567,20685.00,offline
283158421566,2024-12-12,2024-12-12,2026-01-15,TXN-202412-12001938,CUST-L3-001938,MEGA-1212-2567,2835.00,offline
687395637180,2024-12-12,2024-12-12,2026-01-15,TXN-202412-12002186,CUST-L3-002186,MEGA-1212-2567,2835.00,offline
563472147657,2024-12-12,2024-12-12,2026-01-15,TXN-202412-12002377,CUST-L3-002377,MEGA-1212-2567,15300.00,offline
730599770412,2024-12-12,2024-12-12,2026-01-15,TXN-202412-12002490,CUST-L3-002490,MEGA-1212-2567,1935.00,offline
603986814525,2024-12-12,2024-12-12,2026-01-15,TXN-202412-12003467,CUST-L3-003467,MEGA-1212-2567,1935.00,offline
393275932555,2024-12-12,2024-12-12,2026-01-15,TXN-202412-12003470,CUST-L3-003470,MEGA-1212-2567,3735.00,offline
279153722795,2024-12-12,2024-12-12,2026-01-15,TXN-202412-12003823,CUST-L3-003823,MEGA-1212-2567,8385.00,offline
607645062444,2024-12-12,2024-12-12,2026-01-15,TXN-202412-12004066,CUST-L3-004066,MEGA-1212-2567,3735.00,offline
104091237699,2024-12-12,2024-12-12,2026-01-15,TXN-202412-12004297,CUST-L3-004297,MEGA-1212-2567,13290.00,offline
628551276743,2024-12-12,2024-12-12,2026-01-15,TXN-202412-12004326,CUST-L3-004326,MEGA-1212-2567,15210.00,offline
300643754666,2024-12-12,2024-12-12,2026-01-15,TXN-202412-12004353,CUST-L3-004353,MEGA-1212-2567,3735.00,offline
755603279447,2024-12-12,2024-12-12,2026-01-15,TXN-202412-12004538,CUST-L3-004538,MEGA-1212-2567,5520.00,offline
114512699542,2024-12-12,2024-12-12,2026-01-15,TXN-202412-12004719,CUST-L3-004719,MEGA-1212-2567,21120.00,offline
696135142227,2024-12-12,2024-12-12,2026-01-15,TXN-202412-12005085,CUST-L3-005085,MEGA-1212-2567,8385.00,offline
877225823815,2024-12-12,2024-12-12,2026-01-15,TXN-202412-12005371,CUST-L3-005371,MEGA-1212-2567,1935.00,offline
718515939493,2024-12-12,2024-12-12,2026-01-15,TXN-202412-12005389,CUST-L3-005389,MEGA-1212-2567,8055.00,offline
321991757599,2024-12-12,2024-12-12,2026-01-15,TXN-202412-12005428,CUST-L3-005428,MEGA-1212-2567,10155.00,offline
133374659766,2024-12-12,2024-12-12,2026-01-15,TXN-202412-12005604,CUST-L3-005604,MEGA-1212-2567,885.00,offline
301359359579,2024-12-12,2024-12-12,2026-01-15,TXN-202412-12005764,CUST-L3-005764,MEGA-1212-2567,9120.00,offline
560620285598,2024-12-12,2024-12-12,2026-01-15,TXN-202412-12005909,CUST-L3-005909,MEGA-1212-2567,2670.00,offline
1097556877364,2024-12-12,2024-12-12,2026-01-15,TXN-202412-12006002,CUST-L3-006002,MEGA-1212-2567,3735.00,offline
720361520674,2024-12-12,2024-12-12,2026-01-15,TXN-202412-12006146,CUST-L3-006146,MEGA-1212-2567,8385.00,offline
72127396069,2024-12-12,2024-12-12,2026-01-15,TXN-202412-12006457,CUST-L3-006457,MEGA-1212-2567,3735.00,offline
885873236490,2024-12-12,2024-12-12,2026-01-15,TXN-202412-12007863,CUST-L3-007863,MEGA-1212-2567,1935.00,offline
694030503684,2024-12-12,2024-12-12,2026-01-15,TXN-202412-12008097,CUST-L3-008097,MEGA-1212-2567,5640.00,offline
351951556945,2024-12-12,2024-12-12,2026-01-15,TXN-202412-12008182,CUST-L3-008182,MEGA-1212-2567,8385.00,offline
131862498763,2024-12-12,2024-12-12,2026-01-15,TXN-202412-12008449,CUST-L3-008449,MEGA-1212-2567,2310.00,offline
342328654358,2024-12-12,2024-12-12,2026-01-15,TXN-202412-12008663,CUST-L3-008663,MEGA-1212-2567,4485.00,offline
7711943448,2024-12-12,2024-12-12,2026-01-15,TXN-202412-12008868,CUST-L3-008868,MEGA-1212-2567,1275.00,offline
528023110938,2024-12-12,2024-12-12,2026-01-15,TXN-202412-12009482,CUST-L3-009482,MEGA-1212-2567,1275.00,offline
407445586055,2024-12-12,2024-12-12,2026-01-15,TXN-202412-12009626,CUST-L3-009626,MEGA-1212-2567,4485.00,offline
228804009689,2024-12-12,2024-12-12,2026-01-15,TXN-202412-12009753,CUST-L3-009753,MEGA-1212-2567,1935.00,online
171675980156,2024-12-12,2024-12-12,2026-01-15,TXN-202412-12010213,CUST-L3-010213,MEGA-1212-2567,19875.00,offline
842339645055,2024-12-12,2024-12-12,2026-01-15,TXN-202412-12010360,CUST-L3-010360,MEGA-1212-2567,1275.00,offline
1089919019654,2024-12-12,2024-12-12,2026-01-15,TXN-202412-12010646,CUST-L3-010646,MEGA-1212-2567,735.00,online
811095315232,2024-12-12,2024-12-12,2026-01-15,TXN-202412-12010733,CUST-L3-010733,MEGA-1212-2567,4485.00,offline
784007290573,2024-12-12,2024-12-12,2026-01-15,TXN-202412-12011597,CUST-L3-011597,MEGA-1212-2567,14055.00,offline
31504888705,2024-12-12,2024-12-12,2026-01-15,TXN-202412-12011814,CUST-L3-011814,MEGA-1212-2567,21750.00,offline
19861862963,2024-12-12,2024-12-12,2026-01-15,TXN-202412-12011903,CUST-L3-011903,MEGA-1212-2567,2835.00,offline
435186854730,2024-12-12,2024-12-12,2026-01-15,TXN-202412-12012737,CUST-L3-012737,MEGA-1212-2567,1935.00,offline
39786696555,2024-12-12,2024-12-12,2026-01-15,TXN-202412-12013145,CUST-L3-013145,MEGA-1212-2567,2835.00,offline
956619797133,2024-12-12,2024-12-12,2026-01-15,TXN-202412-12013224,CUST-L3-013224,MEGA-1212-2567,2835.00,offline
856165070490,2024-12-12,2024-12-12,2026-01-15,TXN-202412-12013606,CUST-L3-013606,MEGA-1212-2567,1770.00,offline
182745524824,2024-12-12,2024-12-12,2026-01-15,TXN-202412-12013717,CUST-L3-013717,MEGA-1212-2567,2010.00,offline
1043824950071,2024-12-12,2024-12-12,2026-01-15,TXN-202412-12013805,CUST-L3-013805,MEGA-1212-2567,1275.00,offline
872867261051,2024-12-12,2024-12-12,2026-01-15,TXN-202412-12013923,CUST-L3-013923,MEGA-1212-2567,1935.00,offline
162587157963,2024-12-12,2024-12-12,2026-01-15,TXN-202412-12013985,CUST-L3-013985,MEGA-1212-2567,15705.00,offline
478441416685,2024-12-12,2024-12-12,2026-01-15,TXN-202412-12014219,CUST-L3-014219,MEGA-1212-2567,6435.00,offline
1040809288061,2024-12-12,2024-12-12,2026-01-15,TXN-202412-12014387,CUST-L3-014387,MEGA-1212-2567,4110.00,offline
131685588148,2024-12-12,2024-12-12,2026-01-15,TXN-202412-12014416,CUST-L3-014416,MEGA-1212-2567,6570.00,offline
988102584973,2024-12-12,2024-12-12,2026-01-15,TXN-202412-12014501,CUST-L3-014501,MEGA-1212-2567,21210.00,offline
240779147232,2024-12-12,2024-12-12,2026-01-15,TXN-202412-12014604,CUST-L3-014604,MEGA-1212-2567,4485.00,offline
252777145222,2024-12-12,2024-12-12,2026-01-15,TXN-202412-12014685,CUST-L3-014685,MEGA-1212-2567,22575.00,offline
285345494688,2024-12-12,2024-12-12,2026-01-15,TXN-202412-12014889,CUST-L3-014889,MEGA-1212-2567,11955.00,offline
850381866047,2024-12-12,2024-12-12,2026-01-15,TXN-202412-12014929,CUST-L3-014929,MEGA-1212-2567,5670.00,offline
713764786520,2024-12-12,2024-12-12,2026-01-15,TXN-202412-12015170,CUST-L3-015170,MEGA-1212-2567,1275.00,online
1049621737308,2024-12-12,2024-12-12,2026-01-15,TXN-202412-12015607,CUST-L3-015607,MEGA-1212-2567,2835.00,online
824684440135,2024-12-12,2024-12-12,2026-01-15,TXN-202412-12016087,CUST-L3-016087,MEGA-1212-2567,8385.00,offline
984535236869,2024-12-12,2024-12-12,2026-01-15,TXN-202412-12016307,CUST-L3-016307,MEGA-1212-2567,8385.00,offline
1057452458447,2024-12-12,2024-12-12,2026-01-15,TXN-202412-12017016,CUST-L3-017016,MEGA-1212-2567,2835.00,offline
980565372989,2024-12-12,2024-12-12,2026-01-15,TXN-202412-12017287,CUST-L3-017287,MEGA-1212-2567,1035.00,offline
512221915875,2024-12-12,2024-12-12,2026-01-15,TXN-202412-12017638,CUST-L3-017638,MEGA-1212-2567,4485.00,offline
542677485760,2024-12-12,2024-12-12,2026-01-15,TXN-202412-12017759,CUST-L3-017759,MEGA-1212-2567,10290.00,offline
173673814220,2024-12-12,2024-12-12,2026-01-15,TXN-202412-12018039,CUST-L3-018039,MEGA-1212-2567,9660.00,offline
104865261015,2024-12-12,2024-12-12,2026-01-15,TXN-202412-12018130,CUST-L3-018130,MEGA-1212-2567,8385.00,offline
119299356014,2024-12-12,2024-12-12,2026-01-15,TXN-202412-12018225,CUST-L3-018225,MEGA-1212-2567,1275.00,offline
335915735144,2024-12-12,2024-12-12,2026-01-15,TXN-202412-12018717,CUST-L3-018717,MEGA-1212-2567,1035.00,offline
314557183416,2024-12-12,2024-12-12,2026-01-15,TXN-202412-12018946,CUST-L3-018946,MEGA-1212-2567,4470.00,offline
78405281676,2024-12-12,2024-12-12,2026-01-15,TXN-202412-12019196,CUST-L3-019196,MEGA-1212-2567,8385.00,offline
263195952085,2024-12-12,2024-12-12,2026-01-15,TXN-202412-12019677,CUST-L3-019677,MEGA-1212-2567,3735.00,offline
725695831512,2024-12-12,2024-12-12,2026-01-15,TXN-202412-12019693,CUST-L3-019693,MEGA-1212-2567,13155.00,offline
575933609932,2024-12-12,2024-12-12,2026-01-15,TXN-202412-12019831,CUST-L3-019831,MEGA-1212-2567,6570.00,offline
660060844924,2024-12-12,2024-12-12,2026-01-15,TXN-202412-12019928,CUST-L3-019928,MEGA-1212-2567,735.00,offline
925495928368,2024-12-12,2024-12-12,2026-01-15,TXN-202412-12019987,CUST-L3-019987,MEGA-1212-2567,9420.00,online
228451004326,2024-12-12,2024-12-12,2026-01-15,TXN-202412-12020019,CUST-L3-020019,MEGA-1212-2567,1035.00,offline
751154627979,2024-12-12,2024-12-12,2026-01-15,TXN-202412-12020049,CUST-L3-020049,MEGA-1212-2567,1035.00,offline
657756714317,2024-12-12,2024-12-12,2026-01-15,TXN-202412-12020147,CUST-L3-020147,MEGA-1212-2567,1035.00,offline
268255328274,2024-12-12,2024-12-12,2026-01-15,TXN-202412-12020179,CUST-L3-020179,MEGA-1212-2567,6255.00,offline
624922342367,2024-12-12,2024-12-12,2026-01-15,TXN-202412-12020344,CUST-L3-020344,MEGA-1212-2567,735.00,offline
792949192502,2024-12-12,2024-12-12,2026-01-15,TXN-202412-12020644,CUST-L3-020644,MEGA-1212-2567,18885.00,offline
840911283371,2024-12-12,2024-12-12,2026-01-15,TXN-202412-12020801,CUST-L3-020801,MEGA-1212-2567,11310.00,offline
841747287794,2024-12-12,2024-12-12,2026-01-15,TXN-202412-12020998,CUST-L3-020998,MEGA-1212-2567,2835.00,offline
197197701020,2024-12-12,2024-12-12,2026-01-15,TXN-202412-12021011,CUST-L3-021011,MEGA-1212-2567,3735.00,offline
257481252796,2024-12-12,2024-12-12,2026-01-15,TXN-202412-12021118,CUST-L3-021118,MEGA-1212-2567,1275.00,offline
532974176897,2024-12-12,2024-12-12,2026-01-15,TXN-202412-12021351,CUST-L3-021351,MEGA-1212-2567,735.00,offline
1093044950779,2024-12-12,2024-12-12,2026-01-15,TXN-202412-12022126,CUST-L3-022126,MEGA-1212-2567,8385.00,offline
241031194479,2024-12-12,2024-12-12,2026-01-15,TXN-202412-12022848,CUST-L3-022848,MEGA-1212-2567,2835.00,offline
114796677241,2024-12-12,2024-12-12,2026-01-15,TXN-202412-12022947,CUST-L3-022947,MEGA-1212-2567,2970.00,offline
369947374460,2024-12-12,2024-12-12,2026-01-15,TXN-202412-12023631,CUST-L3-023631,MEGA-1212-2567,1275.00,offline
2891697124,2024-12-12,2024-12-12,2026-01-15,TXN-202412-12023895,CUST-L3-023895,MEGA-1212-2567,4770.00,offline
514218849644,2024-12-12,2024-12-12,2026-01-15,TXN-202412-12023916,CUST-L3-023916,MEGA-1212-2567,1275.00,offline
1036064192650,2024-12-12,2024-12-12,2026-01-15,TXN-202412-12024003,CUST-L3-024003,MEGA-1212-2567,3570.00,offline
119331226254,2024-12-12,2024-12-12,2026-01-15,TXN-202412-12024030,CUST-L3-024030,MEGA-1212-2567,2835.00,offline
625400870608,2024-12-12,2024-12-12,2026-01-15,TXN-202412-12024308,CUST-L3-024308,MEGA-1212-2567,7470.00,online
289008901564,2024-12-12,2024-12-12,2026-01-15,TXN-202412-12024572,CUST-L3-024572,MEGA-1212-2567,8385.00,offline
51706671221,2024-12-12,2024-12-12,2026-01-15,TXN-202412-12025040,CUST-L3-025040,MEGA-1212-2567,3735.00,offline
309474436887,2024-12-12,2024-12-12,2026-01-15,TXN-202412-12025153,CUST-L3-025153,MEGA-1212-2567,14055.00,offline
444645322507,2024-12-12,2024-12-12,2026-01-15,TXN-202412-12025503,CUST-L3-025503,MEGA-1212-2567,1035.00,offline
634536237070,2024-12-12,2024-12-12,2026-01-15,TXN-202412-12025511,CUST-L3-025511,MEGA-1212-2567,8385.00,offline
386483480487,2024-12-12,2024-12-12,2026-01-15,TXN-202412-12025645,CUST-L3-025645,MEGA-1212-2567,735.00,offline
77861352733,2024-12-12,2024-12-12,2026-01-15,TXN-202412-12025966,CUST-L3-025966,MEGA-1212-2567,6570.00,offline
530628405323,2024-12-12,2024-12-12,2026-01-15,TXN-202412-12026014,CUST-L3-026014,MEGA-1212-2567,12735.00,online
788664977500,2024-12-12,2024-12-12,2026-01-15,TXN-202412-12026349,CUST-L3-026349,MEGA-1212-2567,20340.00,offline
570829637072,2024-12-12,2024-12-12,2026-01-15,TXN-202412-12026491,CUST-L3-026491,MEGA-1212-2567,735.00,offline
456233992423,2024-12-12,2024-12-12,2026-01-15,TXN-202412-12027132,CUST-L3-027132,MEGA-1212-2567,3735.00,offline
249781390257,2024-12-12,2024-12-12,2026-01-15,TXN-202412-12027138,CUST-L3-027138,MEGA-1212-2567,7320.00,offline
34758426103,2024-12-12,2024-12-12,2026-01-15,TXN-202412-12027185,CUST-L3-027185,MEGA-1212-2567,10320.00,offline
944840641235,2024-12-12,2024-12-12,2026-01-15,TXN-202412-12027503,CUST-L3-027503,MEGA-1212-2567,1035.00,offline
851693143639,2024-12-12,2024-12-12,2026-01-15,TXN-202412-12027635,CUST-L3-027635,MEGA-1212-2567,735.00,online
5695879799,2024-12-12,2024-12-12,2026-01-15,TXN-202412-12028160,CUST-L3-028160,MEGA-1212-2567,2310.00,offline
122964587868,2024-12-12,2024-12-12,2026-01-15,TXN-202412-12028184,CUST-L3-028184,MEGA-1212-2567,19080.00,offline
225589733301,2024-12-12,2024-12-12,2026-01-15,TXN-202412-12028716,CUST-L3-028716,MEGA-1212-2567,4485.00,offline
250003782723,2024-12-12,2024-12-12,2026-01-15,TXN-202412-12028872,CUST-L3-028872,MEGA-1212-2567,16200.00,online
1028305321411,2024-12-12,2024-12-12,2026-01-15,TXN-202412-12029027,CUST-L3-029027,MEGA-1212-2567,735.00,offline
302852744456,2024-12-12,2024-12-12,2026-01-15,TXN-202412-12029302,CUST-L3-029302,MEGA-1212-2567,8385.00,online
649098691119,2024-12-12,2024-12-12,2026-01-15,TXN-202412-12029811,CUST-L3-029811,MEGA-1212-2567,7320.00,offline
901903739153,2024-12-13,2024-12-13,2026-01-15,TXN-202412-13000244,CUST-L3-000244,MEGA-1212-2567,735.00,offline
826042365480,2024-12-13,2024-12-13,2026-01-15,TXN-202412-13000409,CUST-L3-000409,MEGA-1212-2567,885.00,offline
905383849681,2024-12-13,2024-12-13,2026-01-15,TXN-202412-13000829,CUST-L3-000829,MEGA-1212-2567,1935.00,offline
516797047246,2024-12-13,2024-12-13,2026-01-15,TXN-202412-13001135,CUST-L3-001135,MEGA-1212-2567,8385.00,offline
523352214523,2024-12-13,2024-12-13,2026-01-15,TXN-202412-13002098,CUST-L3-002098,MEGA-1212-2567,1935.00,offline
597178829330,2024-12-13,2024-12-13,2026-01-15,TXN-202412-13002169,CUST-L3-002169,MEGA-1212-2567,3570.00,offline
531809871616,2024-12-13,2024-12-13,2026-01-15,TXN-202412-13002659,CUST-L3-002659,MEGA-1212-2567,8385.00,offline
189772001416,2024-12-13,2024-12-13,2026-01-15,TXN-202412-13002885,CUST-L3-002885,MEGA-1212-2567,19440.00,offline
66090590948,2024-12-13,2024-12-13,2026-01-15,TXN-202412-13002945,CUST-L3-002945,MEGA-1212-2567,3735.00,offline
640078667508,2024-12-13,2024-12-13,2026-01-15,TXN-202412-13003008,CUST-L3-003008,MEGA-1212-2567,9660.00,offline
633664670942,2024-12-13,2024-12-13,2026-01-15,TXN-202412-13003166,CUST-L3-003166,MEGA-1212-2567,6420.00,offline
982277577430,2024-12-13,2024-12-13,2026-01-15,TXN-202412-13003214,CUST-L3-003214,MEGA-1212-2567,28845.00,online
755079451838,2024-12-13,2024-12-13,2026-01-15,TXN-202412-13003344,CUST-L3-003344,MEGA-1212-2567,3735.00,offline
396082586202,2024-12-13,2024-12-13,2026-01-15,TXN-202412-13003367,CUST-L3-003367,MEGA-1212-2567,735.00,offline
843167692125,2024-12-13,2024-12-13,2026-01-15,TXN-202412-13003406,CUST-L3-003406,MEGA-1212-2567,1935.00,offline
931828386879,2024-12-13,2024-12-13,2026-01-15,TXN-202412-13003782,CUST-L3-003782,MEGA-1212-2567,4605.00,offline
1029240082020,2024-12-13,2024-12-13,2026-01-15,TXN-202412-13003809,CUST-L3-003809,MEGA-1212-2567,1770.00,offline
625051103408,2024-12-13,2024-12-13,2026-01-15,TXN-202412-13003896,CUST-L3-003896,MEGA-1212-2567,2835.00,offline
4558066735,2024-12-13,2024-12-13,2026-01-15,TXN-202412-13004528,CUST-L3-004528,MEGA-1212-2567,10920.00,offline
520931011459,2024-12-13,2024-12-13,2026-01-15,TXN-202412-13004784,CUST-L3-004784,MEGA-1212-2567,14205.00,offline
138597806282,2024-12-13,2024-12-13,2026-01-15,TXN-202412-13005152,CUST-L3-005152,MEGA-1212-2567,3735.00,offline
1088002212783,2024-12-13,2024-12-13,2026-01-15,TXN-202412-13005223,CUST-L3-005223,MEGA-1212-2567,18960.00,offline
986716914359,2024-12-13,2024-12-13,2026-01-15,TXN-202412-13005408,CUST-L3-005408,MEGA-1212-2567,9405.00,offline
546403939648,2024-12-13,2024-12-13,2026-01-15,TXN-202412-13005677,CUST-L3-005677,MEGA-1212-2567,9660.00,offline
145095645393,2024-12-13,2024-12-13,2026-01-15,TXN-202412-13005844,CUST-L3-005844,MEGA-1212-2567,1935.00,offline
476694559985,2024-12-13,2024-12-13,2026-01-15,TXN-202412-13005853,CUST-L3-005853,MEGA-1212-2567,10320.00,offline
534971902743,2024-12-13,2024-12-13,2026-01-15,TXN-202412-13005871,CUST-L3-005871,MEGA-1212-2567,8385.00,offline
387355627685,2024-12-13,2024-12-13,2026-01-15,TXN-202412-13005881,CUST-L3-005881,MEGA-1212-2567,2670.00,offline
397873463848,2024-12-13,2024-12-13,2026-01-15,TXN-202412-13006068,CUST-L3-006068,MEGA-1212-2567,8220.00,offline
269183173682,2024-12-13,2024-12-13,2026-01-15,TXN-202412-13006143,CUST-L3-006143,MEGA-1212-2567,3735.00,offline
34035097748,2024-12-13,2024-12-13,2026-01-15,TXN-202412-13006663,CUST-L3-006663,MEGA-1212-2567,9120.00,offline
981516174840,2024-12-13,2024-12-13,2026-01-15,TXN-202412-13006685,CUST-L3-006685,MEGA-1212-2567,10320.00,offline
621209898419,2024-12-13,2024-12-13,2026-01-15,TXN-202412-13007309,CUST-L3-007309,MEGA-1212-2567,4485.00,offline
877547731421,2024-12-13,2024-12-13,2026-01-15,TXN-202412-13007542,CUST-L3-007542,MEGA-1212-2567,8385.00,offline
531988908345,2024-12-13,2024-12-13,2026-01-15,TXN-202412-13007661,CUST-L3-007661,MEGA-1212-2567,6420.00,offline
596861942349,2024-12-13,2024-12-13,2026-01-15,TXN-202412-13007837,CUST-L3-007837,MEGA-1212-2567,9120.00,offline
154618395468,2024-12-13,2024-12-13,2026-01-15,TXN-202412-13007920,CUST-L3-007920,MEGA-1212-2567,2670.00,offline
346243595908,2024-12-13,2024-12-13,2026-01-15,TXN-202412-13008141,CUST-L3-008141,MEGA-1212-2567,1935.00,offline
745608624472,2024-12-13,2024-12-13,2026-01-15,TXN-202412-13008246,CUST-L3-008246,MEGA-1212-2567,5670.00,offline
992157965998,2024-12-13,2024-12-13,2026-01-15,TXN-202412-13009261,CUST-L3-009261,MEGA-1212-2567,8385.00,online
965571938981,2024-12-13,2024-12-13,2026-01-15,TXN-202412-13009691,CUST-L3-009691,MEGA-1212-2567,2835.00,offline
589894451083,2024-12-13,2024-12-13,2026-01-15,TXN-202412-13009750,CUST-L3-009750,MEGA-1212-2567,1275.00,online
472539276970,2024-12-13,2024-12-13,2026-01-15,TXN-202412-13010332,CUST-L3-010332,MEGA-1212-2567,4485.00,online
846848117588,2024-12-13,2024-12-13,2026-01-15,TXN-202412-13010506,CUST-L3-010506,MEGA-1212-2567,1035.00,offline
238615528602,2024-12-13,2024-12-13,2026-01-15,TXN-202412-13010603,CUST-L3-010603,MEGA-1212-2567,3735.00,offline
714847158146,2024-12-13,2024-12-13,2026-01-15,TXN-202412-13010977,CUST-L3-010977,MEGA-1212-2567,5670.00,offline
948306593525,2024-12-13,2024-12-13,2026-01-15,TXN-202412-13011191,CUST-L3-011191,MEGA-1212-2567,21540.00,offline
917695899113,2024-12-13,2024-12-13,2026-01-15,TXN-202412-13011291,CUST-L3-011291,MEGA-1212-2567,8385.00,offline
566047156472,2024-12-13,2024-12-13,2026-01-15,TXN-202412-13011393,CUST-L3-011393,MEGA-1212-2567,8385.00,offline
426929562447,2024-12-13,2024-12-13,2026-01-15,TXN-202412-13011632,CUST-L3-011632,MEGA-1212-2567,1935.00,offline
108146931149,2024-12-13,2024-12-13,2026-01-15,TXN-202412-13011661,CUST-L3-011661,MEGA-1212-2567,12735.00,offline
230251741448,2024-12-13,2024-12-13,2026-01-15,TXN-202412-13011799,CUST-L3-011799,MEGA-1212-2567,1035.00,offline
768380636417,2024-12-13,2024-12-13,2026-01-15,TXN-202412-13011935,CUST-L3-011935,MEGA-1212-2567,8385.00,offline
439265407926,2024-12-13,2024-12-13,2026-01-15,TXN-202412-13012029,CUST-L3-012029,MEGA-1212-2567,1935.00,offline
1014929838881,2024-12-13,2024-12-13,2026-01-15,TXN-202412-13012091,CUST-L3-012091,MEGA-1212-2567,10320.00,offline
52207508727,2024-12-13,2024-12-13,2026-01-15,TXN-202412-13012464,CUST-L3-012464,MEGA-1212-2567,1935.00,offline
444505837892,2024-12-13,2024-12-13,2026-01-15,TXN-202412-13012577,CUST-L3-012577,MEGA-1212-2567,3735.00,offline
552862809514,2024-12-13,2024-12-13,2026-01-15,TXN-202412-13012785,CUST-L3-012785,MEGA-1212-2567,1035.00,online
597013905740,2024-12-13,2024-12-13,2026-01-15,TXN-202412-13012845,CUST-L3-012845,MEGA-1212-2567,1935.00,offline
287886608562,2024-12-13,2024-12-13,2026-01-15,TXN-202412-13012864,CUST-L3-012864,MEGA-1212-2567,3735.00,offline
885032372505,2024-12-13,2024-12-13,2026-01-15,TXN-202412-13012943,CUST-L3-012943,MEGA-1212-2567,1935.00,offline
335959395076,2024-12-13,2024-12-13,2026-01-15,TXN-202412-13013133,CUST-L3-013133,MEGA-1212-2567,18705.00,online
141600681450,2024-12-13,2024-12-13,2026-01-15,TXN-202412-13013217,CUST-L3-013217,MEGA-1212-2567,5670.00,offline
520235009111,2024-12-13,2024-12-13,2026-01-15,TXN-202412-13013811,CUST-L3-013811,MEGA-1212-2567,7320.00,offline
908188317869,2024-12-13,2024-12-13,2026-01-15,TXN-202412-13013825,CUST-L3-013825,MEGA-1212-2567,6420.00,offline
1095325774042,2024-12-13,2024-12-13,2026-01-15,TXN-202412-13013856,CUST-L3-013856,MEGA-1212-2567,3735.00,offline
381079574682,2024-12-13,2024-12-13,2026-01-15,TXN-202412-13014245,CUST-L3-014245,MEGA-1212-2567,3735.00,offline
395013680181,2024-12-13,2024-12-13,2026-01-15,TXN-202412-13014251,CUST-L3-014251,MEGA-1212-2567,3870.00,offline
917957771380,2024-12-13,2024-12-13,2026-01-15,TXN-202412-13014697,CUST-L3-014697,MEGA-1212-2567,10320.00,offline
705094031148,2024-12-13,2024-12-13,2026-01-15,TXN-202412-13015286,CUST-L3-015286,MEGA-1212-2567,5010.00,offline
503957669899,2024-12-13,2024-12-13,2026-01-15,TXN-202412-13015331,CUST-L3-015331,MEGA-1212-2567,1935.00,offline
218249899102,2024-12-13,2024-12-13,2026-01-15,TXN-202412-13015435,CUST-L3-015435,MEGA-1212-2567,1935.00,offline
498917934013,2024-12-13,2024-12-13,2026-01-15,TXN-202412-13015696,CUST-L3-015696,MEGA-1212-2567,735.00,online
291171265643,2024-12-13,2024-12-13,2026-01-15,TXN-202412-13015715,CUST-L3-015715,MEGA-1212-2567,8385.00,offline
804951129034,2024-12-13,2024-12-13,2026-01-15,TXN-202412-13015822,CUST-L3-015822,MEGA-1212-2567,1275.00,offline
116635981987,2024-12-13,2024-12-13,2026-01-15,TXN-202412-13016035,CUST-L3-016035,MEGA-1212-2567,8385.00,offline
881304028844,2024-12-13,2024-12-13,2026-01-15,TXN-202412-13016088,CUST-L3-016088,MEGA-1212-2567,12870.00,offline
485627166194,2024-12-13,2024-12-13,2026-01-15,TXN-202412-13016276,CUST-L3-016276,MEGA-1212-2567,1275.00,offline
887578422973,2024-12-13,2024-12-13,2026-01-15,TXN-202412-13016771,CUST-L3-016771,MEGA-1212-2567,15540.00,offline
903775318633,2024-12-13,2024-12-13,2026-01-15,TXN-202412-13016992,CUST-L3-016992,MEGA-1212-2567,1935.00,offline
354535849965,2024-12-13,2024-12-13,2026-01-15,TXN-202412-13017149,CUST-L3-017149,MEGA-1212-2567,8385.00,offline
716285835664,2024-12-13,2024-12-13,2026-01-15,TXN-202412-13017191,CUST-L3-017191,MEGA-1212-2567,25515.00,offline
869590992529,2024-12-13,2024-12-13,2026-01-15,TXN-202412-13017425,CUST-L3-017425,MEGA-1212-2567,1035.00,offline
392461790139,2024-12-13,2024-12-13,2026-01-15,TXN-202412-13017466,CUST-L3-017466,MEGA-1212-2567,4845.00,offline
227806897314,2024-12-13,2024-12-13,2026-01-15,TXN-202412-13017548,CUST-L3-017548,MEGA-1212-2567,3735.00,offline
146061056422,2024-12-13,2024-12-13,2026-01-15,TXN-202412-13017684,CUST-L3-017684,MEGA-1212-2567,1275.00,offline
790550837322,2024-12-13,2024-12-13,2026-01-15,TXN-202412-13018217,CUST-L3-018217,MEGA-1212-2567,1935.00,offline
368227132279,2024-12-13,2024-12-13,2026-01-15,TXN-202412-13018878,CUST-L3-018878,MEGA-1212-2567,1035.00,offline
831181635546,2024-12-13,2024-12-13,2026-01-15,TXN-202412-13019069,CUST-L3-019069,MEGA-1212-2567,4485.00,offline
833088732112,2024-12-13,2024-12-13,2026-01-15,TXN-202412-13019193,CUST-L3-019193,MEGA-1212-2567,23790.00,offline
798651690254,2024-12-13,2024-12-13,2026-01-15,TXN-202412-13019679,CUST-L3-019679,MEGA-1212-2567,9420.00,offline
410328990490,2024-12-13,2024-12-13,2026-01-15,TXN-202412-13019680,CUST-L3-019680,MEGA-1212-2567,2835.00,offline
623490951174,2024-12-13,2024-12-13,2026-01-15,TXN-202412-13019747,CUST-L3-019747,MEGA-1212-2567,2835.00,offline
124771068812,2024-12-13,2024-12-13,2026-01-15,TXN-202412-13019892,CUST-L3-019892,MEGA-1212-2567,1935.00,offline
54820859604,2024-12-13,2024-12-13,2026-01-15,TXN-202412-13019985,CUST-L3-019985,MEGA-1212-2567,4770.00,offline
966788461595,2024-12-13,2024-12-13,2026-01-15,TXN-202412-13020265,CUST-L3-020265,MEGA-1212-2567,5010.00,offline
692931797962,2024-12-13,2024-12-13,2026-01-15,TXN-202412-13020417,CUST-L3-020417,MEGA-1212-2567,1935.00,offline
1058846808752,2024-12-13,2024-12-13,2026-01-15,TXN-202412-13020437,CUST-L3-020437,MEGA-1212-2567,6570.00,offline
799869441444,2024-12-13,2024-12-13,2026-01-15,TXN-202412-13020786,CUST-L3-020786,MEGA-1212-2567,8385.00,offline
367835433434,2024-12-13,2024-12-13,2026-01-15,TXN-202412-13021510,CUST-L3-021510,MEGA-1212-2567,735.00,offline
35545531448,2024-12-13,2024-12-13,2026-01-15,TXN-202412-13021647,CUST-L3-021647,MEGA-1212-2567,1035.00,offline
237830479933,2024-12-13,2024-12-13,2026-01-15,TXN-202412-13022080,CUST-L3-022080,MEGA-1212-2567,2835.00,offline
778626199838,2024-12-13,2024-12-13,2026-01-15,TXN-202412-13022241,CUST-L3-022241,MEGA-1212-2567,9660.00,offline
625164962113,2024-12-13,2024-12-13,2026-01-15,TXN-202412-13022287,CUST-L3-022287,MEGA-1212-2567,2835.00,offline
1080127389251,2024-12-13,2024-12-13,2026-01-15,TXN-202412-13022590,CUST-L3-022590,MEGA-1212-2567,12855.00,offline
465650611934,2024-12-13,2024-12-13,2026-01-15,TXN-202412-13022658,CUST-L3-022658,MEGA-1212-2567,1275.00,offline
386679427413,2024-12-13,2024-12-13,2026-01-15,TXN-202412-13022739,CUST-L3-022739,MEGA-1212-2567,1275.00,offline
45877002148,2024-12-13,2024-12-13,2026-01-15,TXN-202412-13022755,CUST-L3-022755,MEGA-1212-2567,4770.00,offline
420097254316,2024-12-13,2024-12-13,2026-01-15,TXN-202412-13022828,CUST-L3-022828,MEGA-1212-2567,5010.00,offline
187437455498,2024-12-13,2024-12-13,2026-01-15,TXN-202412-13023841,CUST-L3-023841,MEGA-1212-2567,17160.00,offline
372742021575,2024-12-13,2024-12-13,2026-01-15,TXN-202412-13023895,CUST-L3-023895,MEGA-1212-2567,9855.00,offline
955816288049,2024-12-13,2024-12-13,2026-01-15,TXN-202412-13023899,CUST-L3-023899,MEGA-1212-2567,3870.00,offline
749911419138,2024-12-13,2024-12-13,2026-01-15,TXN-202412-13024271,CUST-L3-024271,MEGA-1212-2567,1275.00,offline
1098322782881,2024-12-13,2024-12-13,2026-01-15,TXN-202412-13024798,CUST-L3-024798,MEGA-1212-2567,16770.00,offline
1056064947860,2024-12-13,2024-12-13,2026-01-15,TXN-202412-13024949,CUST-L3-024949,MEGA-1212-2567,1275.00,offline
280455216464,2024-12-13,2024-12-13,2026-01-15,TXN-202412-13024965,CUST-L3-024965,MEGA-1212-2567,2670.00,offline
1064038259481,2024-12-13,2024-12-13,2026-01-15,TXN-202412-13024973,CUST-L3-024973,MEGA-1212-2567,1275.00,offline
60894520235,2024-12-13,2024-12-13,2026-01-15,TXN-202412-13025113,CUST-L3-025113,MEGA-1212-2567,3735.00,online
600794401849,2024-12-13,2024-12-13,2026-01-15,TXN-202412-13025461,CUST-L3-025461,MEGA-1212-2567,2835.00,offline
905275172226,2024-12-13,2024-12-13,2026-01-15,TXN-202412-13025823,CUST-L3-025823,MEGA-1212-2567,3735.00,offline
364458980027,2024-12-13,2024-12-13,2026-01-15,TXN-202412-13026084,CUST-L3-026084,MEGA-1212-2567,2670.00,offline
461399168036,2024-12-13,2024-12-13,2026-01-15,TXN-202412-13026337,CUST-L3-026337,MEGA-1212-2567,4485.00,offline
409414281558,2024-12-13,2024-12-13,2026-01-15,TXN-202412-13026422,CUST-L3-026422,MEGA-1212-2567,1275.00,offline
962295428260,2024-12-13,2024-12-13,2026-01-15,TXN-202412-13027202,CUST-L3-027202,MEGA-1212-2567,8385.00,offline
551585478944,2024-12-13,2024-12-13,2026-01-15,TXN-202412-13027447,CUST-L3-027447,MEGA-1212-2567,2550.00,offline
344113419592,2024-12-13,2024-12-13,2026-01-15,TXN-202412-13027597,CUST-L3-027597,MEGA-1212-2567,1035.00,offline
602568467300,2024-12-13,2024-12-13,2026-01-15,TXN-202412-13027639,CUST-L3-027639,MEGA-1212-2567,7455.00,offline
426219386870,2024-12-13,2024-12-13,2026-01-15,TXN-202412-13027818,CUST-L3-027818,MEGA-1212-2567,1935.00,offline
555672934835,2024-12-13,2024-12-13,2026-01-15,TXN-202412-13028323,CUST-L3-028323,MEGA-1212-2567,4485.00,offline
1075130309287,2024-12-13,2024-12-13,2026-01-15,TXN-202412-13028350,CUST-L3-028350,MEGA-1212-2567,9120.00,offline
641452081327,2024-12-13,2024-12-13,2026-01-15,TXN-202412-13029353,CUST-L3-029353,MEGA-1212-2567,2835.00,offline
687320759244,2024-12-13,2024-12-13,2026-01-15,TXN-202412-13029860,CUST-L3-029860,MEGA-1212-2567,2835.00,online
112583533652,2024-12-13,2024-12-13,2026-01-15,TXN-202412-13029950,CUST-L3-029950,MEGA-1212-2567,3705.00,offline
528830382119,2024-12-20,2024-12-20,2026-01-15,TXN-202412-20001708,CUST-L3-001708,CLEAR-EOY-2567,1770.00,offline
140948724722,2024-12-20,2024-12-20,2026-01-15,TXN-202412-20011610,CUST-L3-011610,CLEAR-EOY-2567,28020.00,offline
103991547139,2024-12-20,2024-12-20,2026-01-15,TXN-202412-20018552,CUST-L3-018552,CLEAR-EOY-2567,5070.00,offline
365722711547,2024-12-20,2024-12-20,2026-01-15,TXN-202412-20019481,CUST-L3-019481,CLEAR-EOY-2567,21840.00,online
936688668424,2024-12-20,2024-12-20,2026-01-15,TXN-202412-20021571,CUST-L3-021571,CLEAR-EOY-2567,1770.00,offline
647746741506,2024-12-20,2024-12-20,2026-01-15,TXN-202412-20022737,CUST-L3-022737,CLEAR-EOY-2567,1770.00,offline
863872741113,2024-12-20,2024-12-20,2026-01-15,TXN-202412-20025263,CUST-L3-025263,CLEAR-EOY-2567,13560.00,online
663868269531,2024-12-20,2024-12-20,2026-01-15,TXN-202412-20028309,CUST-L3-028309,CLEAR-EOY-2567,18210.00,offline
372091658212,2024-12-21,2024-12-21,2026-01-15,TXN-202412-21004899,CUST-L3-004899,CLEAR-EOY-2567,59670.00,offline
1062912336825,2024-12-21,2024-12-21,2026-01-15,TXN-202412-21005914,CUST-L3-005914,CLEAR-EOY-2567,11310.00,offline
572146986972,2024-12-21,2024-12-21,2026-01-15,TXN-202412-21006105,CUST-L3-006105,CLEAR-EOY-2567,37320.00,offline
361497632261,2024-12-21,2024-12-21,2026-01-15,TXN-202412-21006231,CUST-L3-006231,CLEAR-EOY-2567,25170.00,offline
179429666722,2024-12-21,2024-12-21,2026-01-15,TXN-202412-21008635,CUST-L3-008635,CLEAR-EOY-2567,25470.00,offline
400751114275,2024-12-21,2024-12-21,2026-01-15,TXN-202412-21009877,CUST-L3-009877,CLEAR-EOY-2567,1770.00,offline
156078022723,2024-12-21,2024-12-21,2026-01-15,TXN-202412-21017475,CUST-L3-017475,CLEAR-EOY-2567,25470.00,online
573086789362,2024-12-21,2024-12-21,2026-01-15,TXN-202412-21017805,CUST-L3-017805,CLEAR-EOY-2567,36120.00,offline
1078557182090,2024-12-21,2024-12-21,2026-01-15,TXN-202412-21022334,CUST-L3-022334,CLEAR-EOY-2567,8940.00,offline
81384660958,2024-12-21,2024-12-21,2026-01-15,TXN-202412-21023138,CUST-L3-023138,CLEAR-EOY-2567,3840.00,offline
400648024786,2024-12-21,2024-12-21,2026-01-15,TXN-202412-21025378,CUST-L3-025378,CLEAR-EOY-2567,5070.00,offline
457053424749,2024-12-21,2024-12-21,2026-01-15,TXN-202412-21025704,CUST-L3-025704,CLEAR-EOY-2567,49620.00,offline
163865943212,2024-12-22,2024-12-22,2026-01-15,TXN-202412-22005864,CUST-L3-005864,CLEAR-EOY-2567,5070.00,offline
533391432026,2024-12-22,2024-12-22,2026-01-15,TXN-202412-22020862,CUST-L3-020862,CLEAR-EOY-2567,25470.00,offline
507850593415,2024-12-22,2024-12-22,2026-01-15,TXN-202412-22022301,CUST-L3-022301,CLEAR-EOY-2567,21840.00,offline
101953572191,2024-12-22,2024-12-22,2026-01-15,TXN-202412-22022652,CUST-L3-022652,CLEAR-EOY-2567,32940.00,offline
344673986665,2024-12-22,2024-12-22,2026-01-15,TXN-202412-22029295,CUST-L3-029295,CLEAR-EOY-2567,25710.00,offline
252767520484,2024-12-23,2024-12-23,2026-01-15,TXN-202412-23001965,CUST-L3-001965,CLEAR-EOY-2567,5070.00,offline
423996124916,2024-12-23,2024-12-23,2026-01-15,TXN-202412-23002388,CUST-L3-002388,CLEAR-EOY-2567,9240.00,offline
490444289610,2024-12-23,2024-12-23,2026-01-15,TXN-202412-23016353,CUST-L3-016353,CLEAR-EOY-2567,41100.00,offline
366526205573,2024-12-23,2024-12-23,2026-01-15,TXN-202412-23019672,CUST-L3-019672,CLEAR-EOY-2567,5070.00,offline
100340182788,2024-12-23,2024-12-23,2026-01-15,TXN-202412-23023212,CUST-L3-023212,CLEAR-EOY-2567,25470.00,offline
721509227178,2024-12-23,2024-12-23,2026-01-15,TXN-202412-23024597,CUST-L3-024597,CLEAR-EOY-2567,6540.00,offline
809378839496,2024-12-24,2024-12-24,2026-01-15,TXN-202412-24000023,CUST-L3-000023,CLEAR-EOY-2567,5070.00,offline
926687002793,2024-12-24,2024-12-24,2026-01-15,TXN-202412-24005157,CUST-L3-005157,CLEAR-EOY-2567,45030.00,offline
780728601116,2024-12-24,2024-12-24,2026-01-15,TXN-202412-24007826,CUST-L3-007826,CLEAR-EOY-2567,25470.00,offline
418983286746,2024-12-24,2024-12-24,2026-01-15,TXN-202412-24009737,CUST-L3-009737,CLEAR-EOY-2567,1770.00,offline
506976780388,2024-12-24,2024-12-24,2026-01-15,TXN-202412-24009840,CUST-L3-009840,CLEAR-EOY-2567,8940.00,online
946909175386,2024-12-24,2024-12-24,2026-01-15,TXN-202412-24010278,CUST-L3-010278,CLEAR-EOY-2567,30660.00,offline
808696428419,2024-12-24,2024-12-24,2026-01-15,TXN-202412-24011083,CUST-L3-011083,CLEAR-EOY-2567,21840.00,offline
30409029588,2024-12-24,2024-12-24,2026-01-15,TXN-202412-24020156,CUST-L3-020156,CLEAR-EOY-2567,8940.00,offline
622117735661,2024-12-24,2024-12-24,2026-01-15,TXN-202412-24022206,CUST-L3-022206,CLEAR-EOY-2567,5070.00,offline
234055535590,2024-12-24,2024-12-24,2026-01-15,TXN-202412-24025468,CUST-L3-025468,CLEAR-EOY-2567,34440.00,offline
1026518666710,2024-12-25,2024-12-25,2026-01-15,TXN-202412-25002237,CUST-L3-002237,CLEAR-EOY-2567,5070.00,offline
824488891205,2024-12-25,2024-12-25,2026-01-15,TXN-202412-25005444,CUST-L3-005444,CLEAR-EOY-2567,5070.00,offline
590133103907,2024-12-25,2024-12-25,2026-01-15,TXN-202412-25013953,CUST-L3-013953,CLEAR-EOY-2567,14040.00,offline
594742173691,2024-12-25,2024-12-25,2026-01-15,TXN-202412-25014489,CUST-L3-014489,CLEAR-EOY-2567,10740.00,offline
935876931249,2024-12-25,2024-12-25,2026-01-15,TXN-202412-25016362,CUST-L3-016362,CLEAR-EOY-2567,5070.00,offline
628946202358,2024-12-25,2024-12-25,2026-01-15,TXN-202412-25018757,CUST-L3-018757,CLEAR-EOY-2567,38790.00,online
323651975104,2024-12-25,2024-12-25,2026-01-15,TXN-202412-25025749,CUST-L3-025749,CLEAR-EOY-2567,1770.00,offline
765363215694,2024-12-25,2024-12-25,2026-01-15,TXN-202412-25027486,CUST-L3-027486,CLEAR-EOY-2567,48720.00,online
776435662437,2024-12-25,2024-12-25,2026-01-15,TXN-202412-25029320,CUST-L3-029320,CLEAR-EOY-2567,8940.00,offline
595661190819,2024-12-26,2024-12-26,2026-01-15,TXN-202412-26008496,CUST-L3-008496,CLEAR-EOY-2567,10740.00,offline
793022711136,2024-12-26,2024-12-26,2026-01-15,TXN-202412-26009546,CUST-L3-009546,CLEAR-EOY-2567,12540.00,offline
931597976888,2024-12-26,2024-12-26,2026-01-15,TXN-202412-26010043,CUST-L3-010043,CLEAR-EOY-2567,5070.00,offline
520487835796,2024-12-26,2024-12-26,2026-01-15,TXN-202412-26010690,CUST-L3-010690,CLEAR-EOY-2567,25470.00,offline
1021149698010,2024-12-26,2024-12-26,2026-01-15,TXN-202412-26019735,CUST-L3-019735,CLEAR-EOY-2567,5070.00,offline
530229153523,2024-12-26,2024-12-26,2026-01-15,TXN-202412-26025486,CUST-L3-025486,CLEAR-EOY-2567,7620.00,online
228921011772,2024-12-27,2024-12-27,2026-01-15,TXN-202412-27000644,CUST-L3-000644,CLEAR-EOY-2567,1770.00,offline
864218873173,2024-12-27,2024-12-27,2026-01-15,TXN-202412-27004745,CUST-L3-004745,CLEAR-EOY-2567,29880.00,offline
1064363260207,2024-12-27,2024-12-27,2026-01-15,TXN-202412-27008809,CUST-L3-008809,CLEAR-EOY-2567,3840.00,offline
662326657,2024-12-27,2024-12-27,2026-01-15,TXN-202412-27009158,CUST-L3-009158,CLEAR-EOY-2567,25350.00,offline
623841200320,2024-12-27,2024-12-27,2026-01-15,TXN-202412-27017850,CUST-L3-017850,CLEAR-EOY-2567,1770.00,offline
833755211624,2024-12-27,2024-12-27,2026-01-15,TXN-202412-27018736,CUST-L3-018736,CLEAR-EOY-2567,5070.00,online
355269331034,2024-12-28,2024-12-28,2026-01-15,TXN-202412-28007990,CUST-L3-007990,CLEAR-EOY-2567,25470.00,offline
500129046346,2024-12-28,2024-12-28,2026-01-15,TXN-202412-28012069,CUST-L3-012069,CLEAR-EOY-2567,55320.00,offline
424838926721,2024-12-28,2024-12-28,2026-01-15,TXN-202412-28024360,CUST-L3-024360,CLEAR-EOY-2567,28020.00,offline
37621926445,2024-12-28,2024-12-28,2026-01-15,TXN-202412-28024854,CUST-L3-024854,CLEAR-EOY-2567,27540.00,offline
693743875377,2024-12-28,2024-12-28,2026-01-15,TXN-202412-28028006,CUST-L3-028006,CLEAR-EOY-2567,16410.00,offline
899383244946,2024-12-29,2024-12-29,2026-01-15,TXN-202412-29004094,CUST-L3-004094,CLEAR-EOY-2567,54690.00,offline
407303620156,2024-12-29,2024-12-29,2026-01-15,TXN-202412-29004466,CUST-L3-004466,CLEAR-EOY-2567,9990.00,offline
383236313369,2024-12-29,2024-12-29,2026-01-15,TXN-202412-29008753,CUST-L3-008753,CLEAR-EOY-2567,63570.00,offline
893774580910,2024-12-29,2024-12-29,2026-01-15,TXN-202412-29009696,CUST-L3-009696,CLEAR-EOY-2567,8940.00,online
431330524248,2024-12-29,2024-12-29,2026-01-15,TXN-202412-29009836,CUST-L3-009836,CLEAR-EOY-2567,25650.00,offline
65696189248,2024-12-29,2024-12-29,2026-01-15,TXN-202412-29015592,CUST-L3-015592,CLEAR-EOY-2567,30000.00,offline
85236091150,2024-12-29,2024-12-29,2026-01-15,TXN-202412-29022508,CUST-L3-022508,CLEAR-EOY-2567,5070.00,online
543661465097,2024-12-29,2024-12-29,2026-01-15,TXN-202412-29025554,CUST-L3-025554,CLEAR-EOY-2567,40110.00,offline
909136441138,2024-12-29,2024-12-29,2026-01-15,TXN-202412-29029534,CUST-L3-029534,CLEAR-EOY-2567,46260.00,offline
832749006913,2024-12-30,2024-12-30,2026-01-15,TXN-202412-30002772,CUST-L3-002772,CLEAR-EOY-2567,6540.00,online
449726275537,2024-12-30,2024-12-30,2026-01-15,TXN-202412-30003931,CUST-L3-003931,CLEAR-EOY-2567,5070.00,offline
600498046087,2024-12-30,2024-12-30,2026-01-15,TXN-202412-30005654,CUST-L3-005654,CLEAR-EOY-2567,41400.00,offline
1019597839275,2024-12-30,2024-12-30,2026-01-15,TXN-202412-30008281,CUST-L3-008281,CLEAR-EOY-2567,25470.00,offline
483439852034,2024-12-30,2024-12-30,2026-01-15,TXN-202412-30018148,CUST-L3-018148,CLEAR-EOY-2567,29340.00,offline
331806160210,2024-12-30,2024-12-30,2026-01-15,TXN-202412-30026957,CUST-L3-026957,CLEAR-EOY-2567,10260.00,online
674713645208,2024-12-31,2024-12-31,2026-01-15,TXN-202412-31000184,CUST-L3-000184,CLEAR-EOY-2567,5640.00,offline
528578807120,2024-12-31,2024-12-31,2026-01-15,TXN-202412-31000347,CUST-L3-000347,CLEAR-EOY-2567,25470.00,offline
866230829815,2024-12-31,2024-12-31,2026-01-15,TXN-202412-31005109,CUST-L3-005109,CLEAR-EOY-2567,68370.00,offline
361153745309,2024-12-31,2024-12-31,2026-01-15,TXN-202412-31021994,CUST-L3-021994,CLEAR-EOY-2567,3240.00,offline
761419385018,2024-12-31,2024-12-31,2026-01-15,TXN-202412-31028938,CUST-L3-028938,CLEAR-EOY-2567,4320.00,offline
974171661992,2025-07-15,2025-07-15,2026-01-15,TXN-202507-15004735,CUST-L3-004735,SF-LAUNCH-2568,1945.00,offline
731181276973,2025-07-15,2025-07-15,2026-01-15,TXN-202507-15005239,CUST-L3-005239,SF-LAUNCH-2568,1945.00,offline
251546788638,2025-07-15,2025-07-15,2026-01-15,TXN-202507-15010998,CUST-L3-010998,SF-LAUNCH-2568,3680.00,offline
578979220244,2025-07-15,2025-07-15,2026-01-15,TXN-202507-15018876,CUST-L3-018876,SF-LAUNCH-2568,4135.00,online
679179907563,2025-07-15,2025-07-15,2026-01-15,TXN-202507-15018876,CUST-L3-018876,SF-LAUNCH-2568,4135.00,app
6465678200,2025-07-16,2025-07-16,2026-01-15,TXN-202507-16002439,CUST-L3-002439,SF-LAUNCH-2568,3190.00,offline
257763275069,2025-07-16,2025-07-16,2026-01-15,TXN-202507-16004750,CUST-L3-004750,SF-LAUNCH-2568,1945.00,offline
712101188314,2025-07-17,2025-07-17,2026-01-15,TXN-202507-17010274,CUST-L3-010274,SF-LAUNCH-2568,2435.00,offline
1052569534178,2025-07-17,2025-07-17,2026-01-15,TXN-202507-17022121,CUST-L3-022121,SF-LAUNCH-2568,3440.00,offline
279136117778,2025-07-18,2025-07-18,2026-01-15,TXN-202507-18008843,CUST-L3-008843,SF-LAUNCH-2568,4135.00,offline
654300357736,2025-07-18,2025-07-18,2026-01-15,TXN-202507-18027143,CUST-L3-027143,SF-LAUNCH-2568,8495.00,offline
1003007252203,2025-07-19,2025-07-19,2026-01-15,TXN-202507-19012689,CUST-L3-012689,SF-LAUNCH-2568,6190.00,offline
399132972447,2025-07-19,2025-07-19,2026-01-15,TXN-202507-19015363,CUST-L3-015363,SF-LAUNCH-2568,6330.00,offline
91738976530,2025-07-19,2025-07-19,2026-01-15,TXN-202507-19015615,CUST-L3-015615,SF-LAUNCH-2568,7365.00,offline
721281033027,2025-07-20,2025-07-20,2026-01-15,TXN-202507-20000979,CUST-L3-000979,SF-LAUNCH-2568,4740.00,offline
639829019780,2025-07-20,2025-07-20,2026-01-15,TXN-202507-20014573,CUST-L3-014573,SF-LAUNCH-2568,1945.00,offline
553255208331,2025-07-20,2025-07-20,2026-01-15,TXN-202507-20024560,CUST-L3-024560,SF-LAUNCH-2568,1945.00,offline
995879578963,2025-07-21,2025-07-21,2026-01-15,TXN-202507-21020698,CUST-L3-020698,SF-LAUNCH-2568,2290.00,online
521788127843,2025-07-21,2025-07-21,2026-01-15,TXN-202507-21021755,CUST-L3-021755,SF-LAUNCH-2568,1945.00,offline
564220697437,2025-07-21,2025-07-21,2026-01-15,TXN-202507-21020698,CUST-L3-020698,SF-LAUNCH-2568,2290.00,app
66257872304,2025-07-22,2025-07-22,2026-01-15,TXN-202507-22016615,CUST-L3-016615,SF-LAUNCH-2568,2370.00,offline
637743380235,2025-07-23,2025-07-23,2026-01-15,TXN-202507-23015904,CUST-L3-015904,SF-LAUNCH-2568,4740.00,offline
908899107119,2025-07-24,2025-07-24,2026-01-15,TXN-202507-24000132,CUST-L3-000132,SF-LAUNCH-2568,1945.00,offline
389226918781,2025-07-24,2025-07-24,2026-01-15,TXN-202507-24016401,CUST-L3-016401,SF-LAUNCH-2568,5685.00,offline
574638893311,2025-07-26,2025-07-26,2026-01-15,TXN-202507-26008265,CUST-L3-008265,SF-LAUNCH-2568,1945.00,offline
459766194296,2025-07-26,2025-07-26,2026-01-15,TXN-202507-26018178,CUST-L3-018178,SF-LAUNCH-2568,8495.00,offline
894040133601,2025-07-26,2025-07-26,2026-01-15,TXN-202507-26024043,CUST-L3-024043,SF-LAUNCH-2568,1945.00,offline
696780707091,2025-07-28,2025-07-28,2026-01-15,TXN-202507-28000228,CUST-L3-000228,SF-LAUNCH-2568,3035.00,offline
761322926893,2025-07-28,2025-07-28,2026-01-15,TXN-202507-28006235,CUST-L3-006235,SF-LAUNCH-2568,1945.00,offline
392674186134,2025-07-28,2025-07-28,2026-01-15,TXN-202507-28009123,CUST-L3-009123,SF-LAUNCH-2568,3440.00,offline
479750553863,2025-07-29,2025-07-29,2026-01-15,TXN-202507-29013193,CUST-L3-013193,SF-LAUNCH-2568,6770.00,online
755252363502,2025-07-29,2025-07-29,2026-01-15,TXN-202507-29014195,CUST-L3-014195,SF-LAUNCH-2568,1945.00,offline
356084456380,2025-07-29,2025-07-29,2026-01-15,TXN-202507-29022669,CUST-L3-022669,SF-LAUNCH-2568,2370.00,offline
697526871368,2025-07-29,2025-07-29,2026-01-15,TXN-202507-29013193,CUST-L3-013193,SF-LAUNCH-2568,6770.00,app
789350337726,2025-07-30,2025-07-30,2026-01-15,TXN-202507-30017664,CUST-L3-017664,SF-LAUNCH-2568,1945.00,offline
110407489537,2025-07-31,2025-07-31,2026-01-15,TXN-202507-31006307,CUST-L3-006307,SF-LAUNCH-2568,1945.00,offline
182770612250,2025-07-31,2025-07-31,2026-01-15,TXN-202507-31008562,CUST-L3-008562,SF-LAUNCH-2568,4740.00,offline
773060578802,2025-07-31,2025-07-31,2026-01-15,TXN-202507-31015960,CUST-L3-015960,SF-LAUNCH-2568,2290.00,online
369605104939,2025-07-31,2025-07-31,2026-01-15,TXN-202507-31020007,CUST-L3-020007,SF-LAUNCH-2568,6905.00,offline
352419645084,2025-07-31,2025-07-31,2026-01-15,TXN-202507-31022433,CUST-L3-022433,SF-LAUNCH-2568,1945.00,offline
346088364148,2025-07-31,2025-07-31,2026-01-15,TXN-202507-31023693,CUST-L3-023693,SF-LAUNCH-2568,1945.00,offline
364781303859,2025-07-31,2025-07-31,2026-01-15,TXN-202507-31024778,CUST-L3-024778,SF-LAUNCH-2568,7065.00,offline
409811705282,2025-07-31,2025-07-31,2026-01-15,TXN-202507-31015960,CUST-L3-015960,SF-LAUNCH-2568,2290.00,app
218076613107,2025-11-10,2025-11-10,2026-01-15,TXN-202511-10000345,CUST-L3-000345,MEGA-1111-2568,4932.00,online
48964213378,2025-11-10,2025-11-10,2026-01-15,TXN-202511-10000856,CUST-L3-000856,MEGA-1111-2568,3402.00,online
77396315280,2025-11-10,2025-11-10,2026-01-15,TXN-202511-10001351,CUST-L3-001351,MEGA-1111-2568,5382.00,offline
806560885144,2025-11-10,2025-11-10,2026-01-15,TXN-202511-10001788,CUST-L3-001788,MEGA-1111-2568,1242.00,offline
740444900985,2025-11-10,2025-11-10,2026-01-15,TXN-202511-10002286,CUST-L3-002286,MEGA-1111-2568,2412.00,offline
241275617092,2025-11-10,2025-11-10,2026-01-15,TXN-202511-10002319,CUST-L3-002319,MEGA-1111-2568,10062.00,offline
271455406378,2025-11-10,2025-11-10,2026-01-15,TXN-202511-10002347,CUST-L3-002347,MEGA-1111-2568,882.00,offline
831859936798,2025-11-10,2025-11-10,2026-01-15,TXN-202511-10002386,CUST-L3-002386,MEGA-1111-2568,1242.00,offline
460116313949,2025-11-10,2025-11-10,2026-01-15,TXN-202511-10002489,CUST-L3-002489,MEGA-1111-2568,1530.00,offline
597391116334,2025-11-10,2025-11-10,2026-01-15,TXN-202511-10002927,CUST-L3-002927,MEGA-1111-2568,2322.00,online
1098390040534,2025-11-10,2025-11-10,2026-01-15,TXN-202511-10003272,CUST-L3-003272,MEGA-1111-2568,882.00,offline
983851654128,2025-11-10,2025-11-10,2026-01-15,TXN-202511-10003320,CUST-L3-003320,MEGA-1111-2568,882.00,offline
376396918499,2025-11-10,2025-11-10,2026-01-15,TXN-202511-10003618,CUST-L3-003618,MEGA-1111-2568,5544.00,offline
805782535916,2025-11-10,2025-11-10,2026-01-15,TXN-202511-10003629,CUST-L3-003629,MEGA-1111-2568,1530.00,offline
190164160817,2025-11-10,2025-11-10,2026-01-15,TXN-202511-10003798,CUST-L3-003798,MEGA-1111-2568,1530.00,offline
576127483358,2025-11-10,2025-11-10,2026-01-15,TXN-202511-10004005,CUST-L3-004005,MEGA-1111-2568,2412.00,offline
387501886169,2025-11-10,2025-11-10,2026-01-15,TXN-202511-10004176,CUST-L3-004176,MEGA-1111-2568,1530.00,offline
160677181560,2025-11-10,2025-11-10,2026-01-15,TXN-202511-10004439,CUST-L3-004439,MEGA-1111-2568,5382.00,offline
667987024049,2025-11-10,2025-11-10,2026-01-15,TXN-202511-10004468,CUST-L3-004468,MEGA-1111-2568,5382.00,offline
1061234470080,2025-11-10,2025-11-10,2026-01-15,TXN-202511-10004616,CUST-L3-004616,MEGA-1111-2568,40392.00,online
705760528830,2025-11-10,2025-11-10,2026-01-15,TXN-202511-10004801,CUST-L3-004801,MEGA-1111-2568,3402.00,offline
564904196975,2025-11-10,2025-11-10,2026-01-15,TXN-202511-10004837,CUST-L3-004837,MEGA-1111-2568,882.00,offline
318259411351,2025-11-10,2025-11-10,2026-01-15,TXN-202511-10004894,CUST-L3-004894,MEGA-1111-2568,2322.00,offline
1067018682378,2025-11-10,2025-11-10,2026-01-15,TXN-202511-10005208,CUST-L3-005208,MEGA-1111-2568,22950.00,offline
398118491167,2025-11-10,2025-11-10,2026-01-15,TXN-202511-10005247,CUST-L3-005247,MEGA-1111-2568,9126.00,offline
844248453961,2025-11-10,2025-11-10,2026-01-15,TXN-202511-10005581,CUST-L3-005581,MEGA-1111-2568,2322.00,offline
854008899666,2025-11-10,2025-11-10,2026-01-15,TXN-202511-10005587,CUST-L3-005587,MEGA-1111-2568,10062.00,offline
292434876825,2025-11-10,2025-11-10,2026-01-15,TXN-202511-10005616,CUST-L3-005616,MEGA-1111-2568,6804.00,offline
386360041472,2025-11-10,2025-11-10,2026-01-15,TXN-202511-10005715,CUST-L3-005715,MEGA-1111-2568,9864.00,offline
990261788376,2025-11-10,2025-11-10,2026-01-15,TXN-202511-10005775,CUST-L3-005775,MEGA-1111-2568,2322.00,offline
254050005118,2025-11-10,2025-11-10,2026-01-15,TXN-202511-10005912,CUST-L3-005912,MEGA-1111-2568,7704.00,offline
149633597240,2025-11-10,2025-11-10,2026-01-15,TXN-202511-10005969,CUST-L3-005969,MEGA-1111-2568,8586.00,offline
733693278459,2025-11-10,2025-11-10,2026-01-15,TXN-202511-10006123,CUST-L3-006123,MEGA-1111-2568,4482.00,offline
223697133524,2025-11-10,2025-11-10,2026-01-15,TXN-202511-10006280,CUST-L3-006280,MEGA-1111-2568,1242.00,offline
922932683735,2025-11-10,2025-11-10,2026-01-15,TXN-202511-10006490,CUST-L3-006490,MEGA-1111-2568,17604.00,offline
795982853983,2025-11-10,2025-11-10,2026-01-15,TXN-202511-10006565,CUST-L3-006565,MEGA-1111-2568,6624.00,offline
998334211435,2025-11-10,2025-11-10,2026-01-15,TXN-202511-10006613,CUST-L3-006613,MEGA-1111-2568,3564.00,offline
77743908524,2025-11-10,2025-11-10,2026-01-15,TXN-202511-10006734,CUST-L3-006734,MEGA-1111-2568,2322.00,offline
253855734229,2025-11-10,2025-11-10,2026-01-15,TXN-202511-10007260,CUST-L3-007260,MEGA-1111-2568,3402.00,offline
268040186236,2025-11-10,2025-11-10,2026-01-15,TXN-202511-10007391,CUST-L3-007391,MEGA-1111-2568,2322.00,offline
134862173307,2025-11-10,2025-11-10,2026-01-15,TXN-202511-10007523,CUST-L3-007523,MEGA-1111-2568,8244.00,offline
1060065347758,2025-11-10,2025-11-10,2026-01-15,TXN-202511-10007605,CUST-L3-007605,MEGA-1111-2568,4482.00,offline
52245903310,2025-11-10,2025-11-10,2026-01-15,TXN-202511-10007647,CUST-L3-007647,MEGA-1111-2568,10062.00,offline
443163811761,2025-11-10,2025-11-10,2026-01-15,TXN-202511-10007676,CUST-L3-007676,MEGA-1111-2568,1242.00,offline
179710433471,2025-11-10,2025-11-10,2026-01-15,TXN-202511-10007739,CUST-L3-007739,MEGA-1111-2568,1530.00,offline
495123817283,2025-11-10,2025-11-10,2026-01-15,TXN-202511-10008013,CUST-L3-008013,MEGA-1111-2568,2322.00,offline
455487097834,2025-11-10,2025-11-10,2026-01-15,TXN-202511-10008040,CUST-L3-008040,MEGA-1111-2568,14706.00,offline
972115973132,2025-11-10,2025-11-10,2026-01-15,TXN-202511-10008149,CUST-L3-008149,MEGA-1111-2568,12384.00,offline
444673361739,2025-11-10,2025-11-10,2026-01-15,TXN-202511-10008266,CUST-L3-008266,MEGA-1111-2568,5382.00,offline
849878502413,2025-11-10,2025-11-10,2026-01-15,TXN-202511-10008563,CUST-L3-008563,MEGA-1111-2568,11340.00,offline
568885822832,2025-11-10,2025-11-10,2026-01-15,TXN-202511-10009347,CUST-L3-009347,MEGA-1111-2568,1242.00,offline
489645778676,2025-11-10,2025-11-10,2026-01-15,TXN-202511-10009580,CUST-L3-009580,MEGA-1111-2568,882.00,offline
182242744312,2025-11-10,2025-11-10,2026-01-15,TXN-202511-10009722,CUST-L3-009722,MEGA-1111-2568,4482.00,offline
226840945549,2025-11-10,2025-11-10,2026-01-15,TXN-202511-10010262,CUST-L3-010262,MEGA-1111-2568,4482.00,offline
1035457391407,2025-11-10,2025-11-10,2026-01-15,TXN-202511-10010403,CUST-L3-010403,MEGA-1111-2568,2322.00,offline
965882903715,2025-11-10,2025-11-10,2026-01-15,TXN-202511-10010681,CUST-L3-010681,MEGA-1111-2568,4482.00,offline
151917570331,2025-11-10,2025-11-10,2026-01-15,TXN-202511-10010705,CUST-L3-010705,MEGA-1111-2568,1530.00,offline
162465496186,2025-11-10,2025-11-10,2026-01-15,TXN-202511-10010837,CUST-L3-010837,MEGA-1111-2568,10062.00,offline
607004465047,2025-11-10,2025-11-10,2026-01-15,TXN-202511-10010894,CUST-L3-010894,MEGA-1111-2568,8208.00,offline
926507891502,2025-11-10,2025-11-10,2026-01-15,TXN-202511-10010981,CUST-L3-010981,MEGA-1111-2568,10062.00,offline
1049941194287,2025-11-10,2025-11-10,2026-01-15,TXN-202511-10011262,CUST-L3-011262,MEGA-1111-2568,10044.00,offline
350839725636,2025-11-10,2025-11-10,2026-01-15,TXN-202511-10011404,CUST-L3-011404,MEGA-1111-2568,2322.00,offline
960941038222,2025-11-10,2025-11-10,2026-01-15,TXN-202511-10011541,CUST-L3-011541,MEGA-1111-2568,5364.00,offline
814234336954,2025-11-10,2025-11-10,2026-01-15,TXN-202511-10011647,CUST-L3-011647,MEGA-1111-2568,3402.00,offline
98065445866,2025-11-10,2025-11-10,2026-01-15,TXN-202511-10011699,CUST-L3-011699,MEGA-1111-2568,16632.00,offline
998470415659,2025-11-10,2025-11-10,2026-01-15,TXN-202511-10011876,CUST-L3-011876,MEGA-1111-2568,15444.00,offline
134053537009,2025-11-10,2025-11-10,2026-01-15,TXN-202511-10012281,CUST-L3-012281,MEGA-1111-2568,31932.00,offline
368919136074,2025-11-10,2025-11-10,2026-01-15,TXN-202511-10012367,CUST-L3-012367,MEGA-1111-2568,10062.00,offline
109723434523,2025-11-10,2025-11-10,2026-01-15,TXN-202511-10012540,CUST-L3-012540,MEGA-1111-2568,4482.00,offline
284360060206,2025-11-10,2025-11-10,2026-01-15,TXN-202511-10012688,CUST-L3-012688,MEGA-1111-2568,5382.00,offline
732785831309,2025-11-10,2025-11-10,2026-01-15,TXN-202511-10012885,CUST-L3-012885,MEGA-1111-2568,882.00,offline
346048639750,2025-11-10,2025-11-10,2026-01-15,TXN-202511-10013222,CUST-L3-013222,MEGA-1111-2568,6624.00,offline
931225509584,2025-11-10,2025-11-10,2026-01-15,TXN-202511-10013614,CUST-L3-013614,MEGA-1111-2568,16506.00,offline
13090194066,2025-11-10,2025-11-10,2026-01-15,TXN-202511-10013670,CUST-L3-013670,MEGA-1111-2568,10062.00,offline
690244893898,2025-11-10,2025-11-10,2026-01-15,TXN-202511-10013693,CUST-L3-013693,MEGA-1111-2568,9864.00,offline
382549548379,2025-11-10,2025-11-10,2026-01-15,TXN-202511-10013812,CUST-L3-013812,MEGA-1111-2568,10062.00,offline
791443062554,2025-11-10,2025-11-10,2026-01-15,TXN-202511-10013946,CUST-L3-013946,MEGA-1111-2568,6804.00,offline
119130313806,2025-11-10,2025-11-10,2026-01-15,TXN-202511-10014130,CUST-L3-014130,MEGA-1111-2568,1242.00,offline
266134069403,2025-11-10,2025-11-10,2026-01-15,TXN-202511-10014171,CUST-L3-014171,MEGA-1111-2568,3402.00,offline
891985479015,2025-11-10,2025-11-10,2026-01-15,TXN-202511-10014212,CUST-L3-014212,MEGA-1111-2568,882.00,offline
144590713849,2025-11-10,2025-11-10,2026-01-15,TXN-202511-10014690,CUST-L3-014690,MEGA-1111-2568,10062.00,offline
275883167018,2025-11-10,2025-11-10,2026-01-15,TXN-202511-10014777,CUST-L3-014777,MEGA-1111-2568,1530.00,offline
1012848410336,2025-11-10,2025-11-10,2026-01-15,TXN-202511-10014926,CUST-L3-014926,MEGA-1111-2568,12384.00,offline
249957834384,2025-11-10,2025-11-10,2026-01-15,TXN-202511-10014974,CUST-L3-014974,MEGA-1111-2568,4806.00,offline
391220719711,2025-11-10,2025-11-10,2026-01-15,TXN-202511-10015301,CUST-L3-015301,MEGA-1111-2568,1242.00,offline
662553432043,2025-11-10,2025-11-10,2026-01-15,TXN-202511-10015313,CUST-L3-015313,MEGA-1111-2568,2412.00,offline
753112533140,2025-11-10,2025-11-10,2026-01-15,TXN-202511-10015413,CUST-L3-015413,MEGA-1111-2568,882.00,offline
229265688419,2025-11-10,2025-11-10,2026-01-15,TXN-202511-10015483,CUST-L3-015483,MEGA-1111-2568,10062.00,offline
481156470993,2025-11-10,2025-11-10,2026-01-15,TXN-202511-10015494,CUST-L3-015494,MEGA-1111-2568,2592.00,offline
250431053152,2025-11-10,2025-11-10,2026-01-15,TXN-202511-10015701,CUST-L3-015701,MEGA-1111-2568,1242.00,offline
593913970486,2025-11-10,2025-11-10,2026-01-15,TXN-202511-10015743,CUST-L3-015743,MEGA-1111-2568,2322.00,offline
98323248640,2025-11-10,2025-11-10,2026-01-15,TXN-202511-10015865,CUST-L3-015865,MEGA-1111-2568,4482.00,offline
803644932424,2025-11-10,2025-11-10,2026-01-15,TXN-202511-10016167,CUST-L3-016167,MEGA-1111-2568,3402.00,online
441696592650,2025-11-10,2025-11-10,2026-01-15,TXN-202511-10016267,CUST-L3-016267,MEGA-1111-2568,6624.00,offline
1023516282138,2025-11-10,2025-11-10,2026-01-15,TXN-202511-10016281,CUST-L3-016281,MEGA-1111-2568,20124.00,offline
1042946331319,2025-11-10,2025-11-10,2026-01-15,TXN-202511-10016649,CUST-L3-016649,MEGA-1111-2568,12654.00,offline
461008300541,2025-11-10,2025-11-10,2026-01-15,TXN-202511-10016696,CUST-L3-016696,MEGA-1111-2568,882.00,offline
186465910044,2025-11-10,2025-11-10,2026-01-15,TXN-202511-10016704,CUST-L3-016704,MEGA-1111-2568,1530.00,offline
1030844942387,2025-11-10,2025-11-10,2026-01-15,TXN-202511-10016804,CUST-L3-016804,MEGA-1111-2568,6264.00,offline
545984754282,2025-11-10,2025-11-10,2026-01-15,TXN-202511-10017257,CUST-L3-017257,MEGA-1111-2568,5724.00,offline
738203434891,2025-11-10,2025-11-10,2026-01-15,TXN-202511-10017311,CUST-L3-017311,MEGA-1111-2568,1242.00,offline
808182255283,2025-11-10,2025-11-10,2026-01-15,TXN-202511-10017530,CUST-L3-017530,MEGA-1111-2568,7884.00,offline
846499803547,2025-11-10,2025-11-10,2026-01-15,TXN-202511-10017566,CUST-L3-017566,MEGA-1111-2568,5382.00,offline
977351049619,2025-11-10,2025-11-10,2026-01-15,TXN-202511-10017706,CUST-L3-017706,MEGA-1111-2568,15426.00,offline
571352280680,2025-11-10,2025-11-10,2026-01-15,TXN-202511-10017815,CUST-L3-017815,MEGA-1111-2568,25848.00,offline
290588307668,2025-11-10,2025-11-10,2026-01-15,TXN-202511-10017873,CUST-L3-017873,MEGA-1111-2568,4482.00,online
215124406458,2025-11-10,2025-11-10,2026-01-15,TXN-202511-10017921,CUST-L3-017921,MEGA-1111-2568,1242.00,offline
410874608275,2025-11-10,2025-11-10,2026-01-15,TXN-202511-10018078,CUST-L3-018078,MEGA-1111-2568,8784.00,offline
226889246528,2025-11-10,2025-11-10,2026-01-15,TXN-202511-10018221,CUST-L3-018221,MEGA-1111-2568,882.00,offline
263820967546,2025-11-10,2025-11-10,2026-01-15,TXN-202511-10018232,CUST-L3-018232,MEGA-1111-2568,5382.00,offline
107343137919,2025-11-10,2025-11-10,2026-01-15,TXN-202511-10018328,CUST-L3-018328,MEGA-1111-2568,2322.00,offline
614043314114,2025-11-10,2025-11-10,2026-01-15,TXN-202511-10018779,CUST-L3-018779,MEGA-1111-2568,8532.00,offline
514297407333,2025-11-10,2025-11-10,2026-01-15,TXN-202511-10018814,CUST-L3-018814,MEGA-1111-2568,3402.00,offline
915916053022,2025-11-10,2025-11-10,2026-01-15,TXN-202511-10018995,CUST-L3-018995,MEGA-1111-2568,1242.00,offline
436693991533,2025-11-10,2025-11-10,2026-01-15,TXN-202511-10019007,CUST-L3-019007,MEGA-1111-2568,10062.00,offline
18019145422,2025-11-10,2025-11-10,2026-01-15,TXN-202511-10019080,CUST-L3-019080,MEGA-1111-2568,3402.00,offline
667422548381,2025-11-10,2025-11-10,2026-01-15,TXN-202511-10019260,CUST-L3-019260,MEGA-1111-2568,1242.00,offline
981784334465,2025-11-10,2025-11-10,2026-01-15,TXN-202511-10019572,CUST-L3-019572,MEGA-1111-2568,7884.00,offline
521022518072,2025-11-10,2025-11-10,2026-01-15,TXN-202511-10019692,CUST-L3-019692,MEGA-1111-2568,10944.00,offline
957790988284,2025-11-10,2025-11-10,2026-01-15,TXN-202511-10019867,CUST-L3-019867,MEGA-1111-2568,4482.00,offline
763498842966,2025-11-10,2025-11-10,2026-01-15,TXN-202511-10020022,CUST-L3-020022,MEGA-1111-2568,3402.00,offline
565679590613,2025-11-10,2025-11-10,2026-01-15,TXN-202511-10020073,CUST-L3-020073,MEGA-1111-2568,5382.00,offline
678494332260,2025-11-10,2025-11-10,2026-01-15,TXN-202511-10020409,CUST-L3-020409,MEGA-1111-2568,5382.00,offline
42281280140,2025-11-10,2025-11-10,2026-01-15,TXN-202511-10020624,CUST-L3-020624,MEGA-1111-2568,10062.00,offline
555113204964,2025-11-10,2025-11-10,2026-01-15,TXN-202511-10020778,CUST-L3-020778,MEGA-1111-2568,1530.00,offline
726046504420,2025-11-10,2025-11-10,2026-01-15,TXN-202511-10020953,CUST-L3-020953,MEGA-1111-2568,7524.00,offline
413217533458,2025-11-10,2025-11-10,2026-01-15,TXN-202511-10021067,CUST-L3-021067,MEGA-1111-2568,882.00,offline
1038126613803,2025-11-10,2025-11-10,2026-01-15,TXN-202511-10021259,CUST-L3-021259,MEGA-1111-2568,9126.00,online
691854834277,2025-11-10,2025-11-10,2026-01-15,TXN-202511-10021308,CUST-L3-021308,MEGA-1111-2568,34920.00,offline
837448160821,2025-11-10,2025-11-10,2026-01-15,TXN-202511-10021327,CUST-L3-021327,MEGA-1111-2568,4482.00,offline
1033116267636,2025-11-10,2025-11-10,2026-01-15,TXN-202511-10021445,CUST-L3-021445,MEGA-1111-2568,8136.00,offline
958244283214,2025-11-10,2025-11-10,2026-01-15,TXN-202511-10021495,CUST-L3-021495,MEGA-1111-2568,10008.00,offline
631344119195,2025-11-10,2025-11-10,2026-01-15,TXN-202511-10021593,CUST-L3-021593,MEGA-1111-2568,5382.00,offline
853007807683,2025-11-10,2025-11-10,2026-01-15,TXN-202511-10021869,CUST-L3-021869,MEGA-1111-2568,1530.00,offline
101964282592,2025-11-10,2025-11-10,2026-01-15,TXN-202511-10022122,CUST-L3-022122,MEGA-1111-2568,2124.00,offline
130808596463,2025-11-10,2025-11-10,2026-01-15,TXN-202511-10022427,CUST-L3-022427,MEGA-1111-2568,4482.00,online
1070018611468,2025-11-10,2025-11-10,2026-01-15,TXN-202511-10022451,CUST-L3-022451,MEGA-1111-2568,2124.00,offline
686822970755,2025-11-10,2025-11-10,2026-01-15,TXN-202511-10022690,CUST-L3-022690,MEGA-1111-2568,882.00,offline
984274982916,2025-11-10,2025-11-10,2026-01-15,TXN-202511-10022807,CUST-L3-022807,MEGA-1111-2568,5508.00,offline
1028243152453,2025-11-10,2025-11-10,2026-01-15,TXN-202511-10022862,CUST-L3-022862,MEGA-1111-2568,2322.00,offline
157416900803,2025-11-10,2025-11-10,2026-01-15,TXN-202511-10023325,CUST-L3-023325,MEGA-1111-2568,882.00,offline
104464875854,2025-11-10,2025-11-10,2026-01-15,TXN-202511-10023334,CUST-L3-023334,MEGA-1111-2568,19728.00,online
1990441010,2025-11-10,2025-11-10,2026-01-15,TXN-202511-10023717,CUST-L3-023717,MEGA-1111-2568,1242.00,offline
739219184575,2025-11-10,2025-11-10,2026-01-15,TXN-202511-10023852,CUST-L3-023852,MEGA-1111-2568,2322.00,offline
1004107193964,2025-11-10,2025-11-10,2026-01-15,TXN-202511-10023918,CUST-L3-023918,MEGA-1111-2568,2412.00,offline
137638213473,2025-11-10,2025-11-10,2026-01-15,TXN-202511-10024143,CUST-L3-024143,MEGA-1111-2568,10062.00,offline
379140140425,2025-11-10,2025-11-10,2026-01-15,TXN-202511-10024494,CUST-L3-024494,MEGA-1111-2568,1530.00,online
849291809402,2025-11-10,2025-11-10,2026-01-15,TXN-202511-10024566,CUST-L3-024566,MEGA-1111-2568,1242.00,offline
480000459703,2025-11-10,2025-11-10,2026-01-15,TXN-202511-10024759,CUST-L3-024759,MEGA-1111-2568,1242.00,offline
255107641798,2025-11-10,2025-11-10,2026-01-15,TXN-202511-10024982,CUST-L3-024982,MEGA-1111-2568,3204.00,offline
494388797696,2025-11-10,2025-11-10,2026-01-15,TXN-202511-10025021,CUST-L3-025021,MEGA-1111-2568,3402.00,offline
603890047922,2025-11-10,2025-11-10,2026-01-15,TXN-202511-10025068,CUST-L3-025068,MEGA-1111-2568,21600.00,offline
124654368765,2025-11-10,2025-11-10,2026-01-15,TXN-202511-10025162,CUST-L3-025162,MEGA-1111-2568,3564.00,offline
261961053050,2025-11-10,2025-11-10,2026-01-15,TXN-202511-10025377,CUST-L3-025377,MEGA-1111-2568,882.00,offline
374712159540,2025-11-10,2025-11-10,2026-01-15,TXN-202511-10025705,CUST-L3-025705,MEGA-1111-2568,2124.00,online
155785216403,2025-11-10,2025-11-10,2026-01-15,TXN-202511-10026015,CUST-L3-026015,MEGA-1111-2568,4482.00,offline
183426448221,2025-11-10,2025-11-10,2026-01-15,TXN-202511-10026017,CUST-L3-026017,MEGA-1111-2568,5382.00,offline
927004727806,2025-11-10,2025-11-10,2026-01-15,TXN-202511-10026543,CUST-L3-026543,MEGA-1111-2568,1530.00,offline
154737922531,2025-11-10,2025-11-10,2026-01-15,TXN-202511-10026564,CUST-L3-026564,MEGA-1111-2568,2592.00,offline
899290507222,2025-11-10,2025-11-10,2026-01-15,TXN-202511-10026901,CUST-L3-026901,MEGA-1111-2568,1242.00,offline
835894381655,2025-11-10,2025-11-10,2026-01-15,TXN-202511-10027190,CUST-L3-027190,MEGA-1111-2568,10944.00,offline
535963468048,2025-11-10,2025-11-10,2026-01-15,TXN-202511-10027343,CUST-L3-027343,MEGA-1111-2568,8046.00,offline
22747290002,2025-11-10,2025-11-10,2026-01-15,TXN-202511-10027398,CUST-L3-027398,MEGA-1111-2568,5724.00,offline
505887967486,2025-11-10,2025-11-10,2026-01-15,TXN-202511-10027758,CUST-L3-027758,MEGA-1111-2568,8784.00,offline
935159487572,2025-11-10,2025-11-10,2026-01-15,TXN-202511-10028308,CUST-L3-028308,MEGA-1111-2568,6804.00,offline
308912938590,2025-11-10,2025-11-10,2026-01-15,TXN-202511-10028747,CUST-L3-028747,MEGA-1111-2568,1242.00,offline
530915611462,2025-11-10,2025-11-10,2026-01-15,TXN-202511-10028777,CUST-L3-028777,MEGA-1111-2568,4932.00,offline
303639166901,2025-11-10,2025-11-10,2026-01-15,TXN-202511-10028891,CUST-L3-028891,MEGA-1111-2568,15444.00,online
966172086110,2025-11-10,2025-11-10,2026-01-15,TXN-202511-10029117,CUST-L3-029117,MEGA-1111-2568,22320.00,offline
744049725942,2025-11-10,2025-11-10,2026-01-15,TXN-202511-10029157,CUST-L3-029157,MEGA-1111-2568,10944.00,offline
348338918824,2025-11-10,2025-11-10,2026-01-15,TXN-202511-10029815,CUST-L3-029815,MEGA-1111-2568,17766.00,offline
1022323418654,2025-11-10,2025-11-10,2026-01-15,TXN-202511-10029961,CUST-L3-029961,MEGA-1111-2568,3402.00,offline
227034475921,2025-11-11,2025-11-11,2026-01-15,TXN-202511-11000053,CUST-L3-000053,MEGA-1111-2568,20124.00,online
532488779399,2025-11-11,2025-11-11,2026-01-15,TXN-202511-11000174,CUST-L3-000174,MEGA-1111-2568,3402.00,offline
13862980579,2025-11-11,2025-11-11,2026-01-15,TXN-202511-11000362,CUST-L3-000362,MEGA-1111-2568,24714.00,offline
338837801772,2025-11-11,2025-11-11,2026-01-15,TXN-202511-11000471,CUST-L3-000471,MEGA-1111-2568,1242.00,offline
414859786334,2025-11-11,2025-11-11,2026-01-15,TXN-202511-11000650,CUST-L3-000650,MEGA-1111-2568,6264.00,offline
650199751630,2025-11-11,2025-11-11,2026-01-15,TXN-202511-11000789,CUST-L3-000789,MEGA-1111-2568,4482.00,offline
712706564832,2025-11-11,2025-11-11,2026-01-15,TXN-202511-11000816,CUST-L3-000816,MEGA-1111-2568,16362.00,offline
98089614867,2025-11-11,2025-11-11,2026-01-15,TXN-202511-11000828,CUST-L3-000828,MEGA-1111-2568,1530.00,offline
1067356579482,2025-11-11,2025-11-11,2026-01-15,TXN-202511-11000903,CUST-L3-000903,MEGA-1111-2568,3402.00,online
712928050994,2025-11-11,2025-11-11,2026-01-15,TXN-202511-11001149,CUST-L3-001149,MEGA-1111-2568,11592.00,online
691435047326,2025-11-11,2025-11-11,2026-01-15,TXN-202511-11001635,CUST-L3-001635,MEGA-1111-2568,6804.00,offline
917119104683,2025-11-11,2025-11-11,2026-01-15,TXN-202511-11001704,CUST-L3-001704,MEGA-1111-2568,1242.00,online
516874897174,2025-11-11,2025-11-11,2026-01-15,TXN-202511-11001780,CUST-L3-001780,MEGA-1111-2568,8964.00,online
467021654337,2025-11-11,2025-11-11,2026-01-15,TXN-202511-11001828,CUST-L3-001828,MEGA-1111-2568,2322.00,offline
1083361207241,2025-11-11,2025-11-11,2026-01-15,TXN-202511-11001994,CUST-L3-001994,MEGA-1111-2568,14166.00,offline
325343439345,2025-11-11,2025-11-11,2026-01-15,TXN-202511-11002230,CUST-L3-002230,MEGA-1111-2568,2322.00,offline
58772452025,2025-11-11,2025-11-11,2026-01-15,TXN-202511-11002437,CUST-L3-002437,MEGA-1111-2568,10746.00,offline
771772911326,2025-11-11,2025-11-11,2026-01-15,TXN-202511-11002650,CUST-L3-002650,MEGA-1111-2568,4284.00,offline
523460969541,2025-11-11,2025-11-11,2026-01-15,TXN-202511-11003073,CUST-L3-003073,MEGA-1111-2568,10044.00,offline
505732894281,2025-11-11,2025-11-11,2026-01-15,TXN-202511-11003095,CUST-L3-003095,MEGA-1111-2568,7704.00,offline
1058048640995,2025-11-11,2025-11-11,2026-01-15,TXN-202511-11003106,CUST-L3-003106,MEGA-1111-2568,10062.00,offline
897275755434,2025-11-11,2025-11-11,2026-01-15,TXN-202511-11003426,CUST-L3-003426,MEGA-1111-2568,882.00,offline
237353371883,2025-11-11,2025-11-11,2026-01-15,TXN-202511-11003644,CUST-L3-003644,MEGA-1111-2568,2322.00,offline
93597355223,2025-11-11,2025-11-11,2026-01-15,TXN-202511-11003978,CUST-L3-003978,MEGA-1111-2568,7704.00,offline
608863193043,2025-11-11,2025-11-11,2026-01-15,TXN-202511-11004052,CUST-L3-004052,MEGA-1111-2568,1530.00,offline
298081929857,2025-11-11,2025-11-11,2026-01-15,TXN-202511-11004201,CUST-L3-004201,MEGA-1111-2568,18108.00,offline
533816074514,2025-11-11,2025-11-11,2026-01-15,TXN-202511-11004318,CUST-L3-004318,MEGA-1111-2568,12384.00,offline
241782685446,2025-11-11,2025-11-11,2026-01-15,TXN-202511-11004336,CUST-L3-004336,MEGA-1111-2568,5382.00,offline
537335945343,2025-11-11,2025-11-11,2026-01-15,TXN-202511-11004688,CUST-L3-004688,MEGA-1111-2568,7884.00,offline
447920040364,2025-11-11,2025-11-11,2026-01-15,TXN-202511-11004762,CUST-L3-004762,MEGA-1111-2568,5382.00,offline
758585866758,2025-11-11,2025-11-11,2026-01-15,TXN-202511-11005040,CUST-L3-005040,MEGA-1111-2568,4482.00,offline
1010593126447,2025-11-11,2025-11-11,2026-01-15,TXN-202511-11005113,CUST-L3-005113,MEGA-1111-2568,3402.00,offline
513289765770,2025-11-11,2025-11-11,2026-01-15,TXN-202511-11005445,CUST-L3-005445,MEGA-1111-2568,4482.00,offline
116302239809,2025-11-11,2025-11-11,2026-01-15,TXN-202511-11005755,CUST-L3-005755,MEGA-1111-2568,2322.00,offline
960926674580,2025-11-11,2025-11-11,2026-01-15,TXN-202511-11005997,CUST-L3-005997,MEGA-1111-2568,6804.00,offline
280535735293,2025-11-11,2025-11-11,2026-01-15,TXN-202511-11006220,CUST-L3-006220,MEGA-1111-2568,15282.00,offline
720355771662,2025-11-11,2025-11-11,2026-01-15,TXN-202511-11006223,CUST-L3-006223,MEGA-1111-2568,13464.00,offline
895738704222,2025-11-11,2025-11-11,2026-01-15,TXN-202511-11006235,CUST-L3-006235,MEGA-1111-2568,1530.00,offline
1090081930880,2025-11-11,2025-11-11,2026-01-15,TXN-202511-11006292,CUST-L3-006292,MEGA-1111-2568,23580.00,offline
547996570234,2025-11-11,2025-11-11,2026-01-15,TXN-202511-11006365,CUST-L3-006365,MEGA-1111-2568,7704.00,offline
231715709806,2025-11-11,2025-11-11,2026-01-15,TXN-202511-11006520,CUST-L3-006520,MEGA-1111-2568,26172.00,offline
960513039302,2025-11-11,2025-11-11,2026-01-15,TXN-202511-11006551,CUST-L3-006551,MEGA-1111-2568,15282.00,offline
1005623973760,2025-11-11,2025-11-11,2026-01-15,TXN-202511-11006597,CUST-L3-006597,MEGA-1111-2568,6264.00,online
207494472281,2025-11-11,2025-11-11,2026-01-15,TXN-202511-11006831,CUST-L3-006831,MEGA-1111-2568,10062.00,offline
393540776654,2025-11-11,2025-11-11,2026-01-15,TXN-202511-11007203,CUST-L3-007203,MEGA-1111-2568,14544.00,offline
365874176455,2025-11-11,2025-11-11,2026-01-15,TXN-202511-11007653,CUST-L3-007653,MEGA-1111-2568,3402.00,online
67713427990,2025-11-11,2025-11-11,2026-01-15,TXN-202511-11008117,CUST-L3-008117,MEGA-1111-2568,4482.00,online
474979052434,2025-11-11,2025-11-11,2026-01-15,TXN-202511-11008876,CUST-L3-008876,MEGA-1111-2568,26298.00,offline
356556254736,2025-11-11,2025-11-11,2026-01-15,TXN-202511-11008946,CUST-L3-008946,MEGA-1111-2568,10062.00,offline
487548001017,2025-11-11,2025-11-11,2026-01-15,TXN-202511-11009314,CUST-L3-009314,MEGA-1111-2568,2322.00,offline
906824822312,2025-11-11,2025-11-11,2026-01-15,TXN-202511-11009469,CUST-L3-009469,MEGA-1111-2568,10062.00,offline
380170718058,2025-11-11,2025-11-11,2026-01-15,TXN-202511-11009783,CUST-L3-009783,MEGA-1111-2568,4482.00,offline
8299705264,2025-11-11,2025-11-11,2026-01-15,TXN-202511-11010336,CUST-L3-010336,MEGA-1111-2568,21402.00,offline
815102286629,2025-11-11,2025-11-11,2026-01-15,TXN-202511-11010835,CUST-L3-010835,MEGA-1111-2568,5382.00,offline
1080400154454,2025-11-11,2025-11-11,2026-01-15,TXN-202511-11011052,CUST-L3-011052,MEGA-1111-2568,1242.00,offline
376005046293,2025-11-11,2025-11-11,2026-01-15,TXN-202511-11012228,CUST-L3-012228,MEGA-1111-2568,2322.00,offline
318495987561,2025-11-11,2025-11-11,2026-01-15,TXN-202511-11012430,CUST-L3-012430,MEGA-1111-2568,5364.00,offline
141217673034,2025-11-11,2025-11-11,2026-01-15,TXN-202511-11012624,CUST-L3-012624,MEGA-1111-2568,4482.00,offline
235855961748,2025-11-11,2025-11-11,2026-01-15,TXN-202511-11012694,CUST-L3-012694,MEGA-1111-2568,1764.00,offline
989365166919,2025-11-11,2025-11-11,2026-01-15,TXN-202511-11012865,CUST-L3-012865,MEGA-1111-2568,1242.00,offline
88817977178,2025-11-11,2025-11-11,2026-01-15,TXN-202511-11013245,CUST-L3-013245,MEGA-1111-2568,1530.00,offline
891664719794,2025-11-11,2025-11-11,2026-01-15,TXN-202511-11013425,CUST-L3-013425,MEGA-1111-2568,5382.00,online
45499946592,2025-11-11,2025-11-11,2026-01-15,TXN-202511-11013475,CUST-L3-013475,MEGA-1111-2568,3852.00,offline
14364049871,2025-11-11,2025-11-11,2026-01-15,TXN-202511-11013646,CUST-L3-013646,MEGA-1111-2568,4644.00,offline
847905506814,2025-11-11,2025-11-11,2026-01-15,TXN-202511-11013726,CUST-L3-013726,MEGA-1111-2568,8784.00,offline
1008472853427,2025-11-11,2025-11-11,2026-01-15,TXN-202511-11014001,CUST-L3-014001,MEGA-1111-2568,3402.00,offline
946505321667,2025-11-11,2025-11-11,2026-01-15,TXN-202511-11014114,CUST-L3-014114,MEGA-1111-2568,11592.00,offline
540527162197,2025-11-11,2025-11-11,2026-01-15,TXN-202511-11014152,CUST-L3-014152,MEGA-1111-2568,20124.00,offline
1064027274411,2025-11-11,2025-11-11,2026-01-15,TXN-202511-11014932,CUST-L3-014932,MEGA-1111-2568,2322.00,offline
436223736474,2025-11-11,2025-11-11,2026-01-15,TXN-202511-11015307,CUST-L3-015307,MEGA-1111-2568,27612.00,offline
409271101880,2025-11-11,2025-11-11,2026-01-15,TXN-202511-11015311,CUST-L3-015311,MEGA-1111-2568,882.00,offline
618633911548,2025-11-11,2025-11-11,2026-01-15,TXN-202511-11015418,CUST-L3-015418,MEGA-1111-2568,2322.00,offline
1096421897107,2025-11-11,2025-11-11,2026-01-15,TXN-202511-11015479,CUST-L3-015479,MEGA-1111-2568,10062.00,offline
1009012688639,2025-11-11,2025-11-11,2026-01-15,TXN-202511-11015732,CUST-L3-015732,MEGA-1111-2568,8748.00,offline
847223845042,2025-11-11,2025-11-11,2026-01-15,TXN-202511-11016029,CUST-L3-016029,MEGA-1111-2568,2322.00,offline
154907099706,2025-11-11,2025-11-11,2026-01-15,TXN-202511-11016285,CUST-L3-016285,MEGA-1111-2568,5382.00,online
298312679171,2025-11-11,2025-11-11,2026-01-15,TXN-202511-11016540,CUST-L3-016540,MEGA-1111-2568,1062.00,offline
120568195584,2025-11-11,2025-11-11,2026-01-15,TXN-202511-11016776,CUST-L3-016776,MEGA-1111-2568,2322.00,offline
699168032030,2025-11-11,2025-11-11,2026-01-15,TXN-202511-11017027,CUST-L3-017027,MEGA-1111-2568,4482.00,offline
1079234385190,2025-11-11,2025-11-11,2026-01-15,TXN-202511-11017065,CUST-L3-017065,MEGA-1111-2568,1242.00,offline
731113570492,2025-11-11,2025-11-11,2026-01-15,TXN-202511-11017144,CUST-L3-017144,MEGA-1111-2568,5382.00,offline
999576540219,2025-11-11,2025-11-11,2026-01-15,TXN-202511-11017159,CUST-L3-017159,MEGA-1111-2568,6912.00,offline
61591398936,2025-11-11,2025-11-11,2026-01-15,TXN-202511-11017373,CUST-L3-017373,MEGA-1111-2568,882.00,offline
422284286797,2025-11-11,2025-11-11,2026-01-15,TXN-202511-11017717,CUST-L3-017717,MEGA-1111-2568,7002.00,offline
418453243826,2025-11-11,2025-11-11,2026-01-15,TXN-202511-11017772,CUST-L3-017772,MEGA-1111-2568,1530.00,offline
813434457536,2025-11-11,2025-11-11,2026-01-15,TXN-202511-11017877,CUST-L3-017877,MEGA-1111-2568,3402.00,offline
834652180986,2025-11-11,2025-11-11,2026-01-15,TXN-202511-11017891,CUST-L3-017891,MEGA-1111-2568,35694.00,offline
1060389392570,2025-11-11,2025-11-11,2026-01-15,TXN-202511-11018761,CUST-L3-018761,MEGA-1111-2568,1530.00,offline
72571703467,2025-11-11,2025-11-11,2026-01-15,TXN-202511-11018770,CUST-L3-018770,MEGA-1111-2568,1530.00,offline
908117860445,2025-11-11,2025-11-11,2026-01-15,TXN-202511-11018775,CUST-L3-018775,MEGA-1111-2568,3852.00,offline
940132872720,2025-11-11,2025-11-11,2026-01-15,TXN-202511-11019604,CUST-L3-019604,MEGA-1111-2568,10062.00,offline
889247359899,2025-11-11,2025-11-11,2026-01-15,TXN-202511-11019755,CUST-L3-019755,MEGA-1111-2568,1242.00,offline
794468543577,2025-11-11,2025-11-11,2026-01-15,TXN-202511-11020528,CUST-L3-020528,MEGA-1111-2568,3402.00,offline
35965766128,2025-11-11,2025-11-11,2026-01-15,TXN-202511-11020802,CUST-L3-020802,MEGA-1111-2568,3204.00,online
732706016800,2025-11-11,2025-11-11,2026-01-15,TXN-202511-11020861,CUST-L3-020861,MEGA-1111-2568,1242.00,offline
519746984867,2025-11-11,2025-11-11,2026-01-15,TXN-202511-11021032,CUST-L3-021032,MEGA-1111-2568,9234.00,online
896542034193,2025-11-11,2025-11-11,2026-01-15,TXN-202511-11021129,CUST-L3-021129,MEGA-1111-2568,882.00,offline
879596693107,2025-11-11,2025-11-11,2026-01-15,TXN-202511-11021162,CUST-L3-021162,MEGA-1111-2568,10764.00,offline
61055191253,2025-11-11,2025-11-11,2026-01-15,TXN-202511-11021347,CUST-L3-021347,MEGA-1111-2568,4068.00,offline
195673419366,2025-11-11,2025-11-11,2026-01-15,TXN-202511-11021641,CUST-L3-021641,MEGA-1111-2568,16128.00,offline
108596669672,2025-11-11,2025-11-11,2026-01-15,TXN-202511-11021718,CUST-L3-021718,MEGA-1111-2568,2772.00,offline
229689681614,2025-11-11,2025-11-11,2026-01-15,TXN-202511-11022190,CUST-L3-022190,MEGA-1111-2568,3402.00,offline
821116040631,2025-11-11,2025-11-11,2026-01-15,TXN-202511-11022292,CUST-L3-022292,MEGA-1111-2568,882.00,offline
765721929533,2025-11-11,2025-11-11,2026-01-15,TXN-202511-11022524,CUST-L3-022524,MEGA-1111-2568,30726.00,offline
1058856684148,2025-11-11,2025-11-11,2026-01-15,TXN-202511-11022548,CUST-L3-022548,MEGA-1111-2568,4482.00,offline
400402395657,2025-11-11,2025-11-11,2026-01-15,TXN-202511-11023079,CUST-L3-023079,MEGA-1111-2568,7884.00,offline
303999719069,2025-11-11,2025-11-11,2026-01-15,TXN-202511-11023737,CUST-L3-023737,MEGA-1111-2568,8784.00,offline
352306083881,2025-11-11,2025-11-11,2026-01-15,TXN-202511-11024152,CUST-L3-024152,MEGA-1111-2568,1242.00,offline
304009318280,2025-11-11,2025-11-11,2026-01-15,TXN-202511-11024276,CUST-L3-024276,MEGA-1111-2568,882.00,offline
424955395867,2025-11-11,2025-11-11,2026-01-15,TXN-202511-11024326,CUST-L3-024326,MEGA-1111-2568,2322.00,offline
995524382711,2025-11-11,2025-11-11,2026-01-15,TXN-202511-11024388,CUST-L3-024388,MEGA-1111-2568,1530.00,offline
794398875058,2025-11-11,2025-11-11,2026-01-15,TXN-202511-11024625,CUST-L3-024625,MEGA-1111-2568,10944.00,offline
863663642322,2025-11-11,2025-11-11,2026-01-15,TXN-202511-11024653,CUST-L3-024653,MEGA-1111-2568,5364.00,online
997844396766,2025-11-11,2025-11-11,2026-01-15,TXN-202511-11024747,CUST-L3-024747,MEGA-1111-2568,7722.00,offline
1008075596359,2025-11-11,2025-11-11,2026-01-15,TXN-202511-11025245,CUST-L3-025245,MEGA-1111-2568,4482.00,offline
1058026834305,2025-11-11,2025-11-11,2026-01-15,TXN-202511-11025297,CUST-L3-025297,MEGA-1111-2568,10062.00,offline
395699032871,2025-11-11,2025-11-11,2026-01-15,TXN-202511-11025877,CUST-L3-025877,MEGA-1111-2568,3402.00,online
664012607036,2025-11-11,2025-11-11,2026-01-15,TXN-202511-11025977,CUST-L3-025977,MEGA-1111-2568,4482.00,offline
555798989007,2025-11-11,2025-11-11,2026-01-15,TXN-202511-11026561,CUST-L3-026561,MEGA-1111-2568,6804.00,offline
813198208488,2025-11-11,2025-11-11,2026-01-15,TXN-202511-11026852,CUST-L3-026852,MEGA-1111-2568,16866.00,offline
1001097688358,2025-11-11,2025-11-11,2026-01-15,TXN-202511-11027029,CUST-L3-027029,MEGA-1111-2568,5382.00,online
55355320054,2025-11-11,2025-11-11,2026-01-15,TXN-202511-11027288,CUST-L3-027288,MEGA-1111-2568,1242.00,offline
689925811216,2025-11-11,2025-11-11,2026-01-15,TXN-202511-11027351,CUST-L3-027351,MEGA-1111-2568,1242.00,offline
799555805755,2025-11-11,2025-11-11,2026-01-15,TXN-202511-11027376,CUST-L3-027376,MEGA-1111-2568,4482.00,offline
739422568096,2025-11-11,2025-11-11,2026-01-15,TXN-202511-11027510,CUST-L3-027510,MEGA-1111-2568,2322.00,offline
187692720500,2025-11-11,2025-11-11,2026-01-15,TXN-202511-11027563,CUST-L3-027563,MEGA-1111-2568,22356.00,offline
992578922948,2025-11-11,2025-11-11,2026-01-15,TXN-202511-11027568,CUST-L3-027568,MEGA-1111-2568,2322.00,offline
611418533554,2025-11-11,2025-11-11,2026-01-15,TXN-202511-11027603,CUST-L3-027603,MEGA-1111-2568,4482.00,offline
1087854808622,2025-11-11,2025-11-11,2026-01-15,TXN-202511-11027791,CUST-L3-027791,MEGA-1111-2568,5382.00,offline
259627838733,2025-11-11,2025-11-11,2026-01-15,TXN-202511-11027854,CUST-L3-027854,MEGA-1111-2568,882.00,offline
920820069032,2025-11-11,2025-11-11,2026-01-15,TXN-202511-11028230,CUST-L3-028230,MEGA-1111-2568,5724.00,online
987991337126,2025-11-11,2025-11-11,2026-01-15,TXN-202511-11028685,CUST-L3-028685,MEGA-1111-2568,9234.00,offline
487830030675,2025-11-11,2025-11-11,2026-01-15,TXN-202511-11029151,CUST-L3-029151,MEGA-1111-2568,2124.00,online
61085668062,2025-11-11,2025-11-11,2026-01-15,TXN-202511-11029159,CUST-L3-029159,MEGA-1111-2568,3060.00,offline
110980618587,2025-11-11,2025-11-11,2026-01-15,TXN-202511-11029291,CUST-L3-029291,MEGA-1111-2568,1530.00,online
233129005987,2025-11-11,2025-11-11,2026-01-15,TXN-202511-11029916,CUST-L3-029916,MEGA-1111-2568,1242.00,offline
20493323344,2025-11-11,2025-11-11,2026-01-15,TXN-202511-11029930,CUST-L3-029930,MEGA-1111-2568,10062.00,offline
574157241556,2025-11-11,2025-11-11,2026-01-15,TXN-202511-11029945,CUST-L3-029945,MEGA-1111-2568,2592.00,offline
703096588367,2025-11-12,2025-11-12,2026-01-15,TXN-202511-12000742,CUST-L3-000742,MEGA-1111-2568,2124.00,offline
923321203543,2025-11-12,2025-11-12,2026-01-15,TXN-202511-12000779,CUST-L3-000779,MEGA-1111-2568,882.00,offline
739702534353,2025-11-12,2025-11-12,2026-01-15,TXN-202511-12000843,CUST-L3-000843,MEGA-1111-2568,2772.00,offline
230688910809,2025-11-12,2025-11-12,2026-01-15,TXN-202511-12000869,CUST-L3-000869,MEGA-1111-2568,1242.00,offline
720590410218,2025-11-12,2025-11-12,2026-01-15,TXN-202511-12000892,CUST-L3-000892,MEGA-1111-2568,1242.00,offline
967914164416,2025-11-12,2025-11-12,2026-01-15,TXN-202511-12001275,CUST-L3-001275,MEGA-1111-2568,882.00,offline
404874214561,2025-11-12,2025-11-12,2026-01-15,TXN-202511-12001425,CUST-L3-001425,MEGA-1111-2568,3042.00,offline
377352571909,2025-11-12,2025-11-12,2026-01-15,TXN-202511-12001895,CUST-L3-001895,MEGA-1111-2568,10062.00,offline
496374552635,2025-11-12,2025-11-12,2026-01-15,TXN-202511-12001956,CUST-L3-001956,MEGA-1111-2568,4482.00,offline
416695039484,2025-11-12,2025-11-12,2026-01-15,TXN-202511-12001976,CUST-L3-001976,MEGA-1111-2568,8334.00,offline
654727959761,2025-11-12,2025-11-12,2026-01-15,TXN-202511-12002113,CUST-L3-002113,MEGA-1111-2568,15876.00,offline
995247471639,2025-11-12,2025-11-12,2026-01-15,TXN-202511-12002328,CUST-L3-002328,MEGA-1111-2568,10062.00,offline
509793195805,2025-11-12,2025-11-12,2026-01-15,TXN-202511-12002330,CUST-L3-002330,MEGA-1111-2568,1242.00,online
1079436896431,2025-11-12,2025-11-12,2026-01-15,TXN-202511-12002523,CUST-L3-002523,MEGA-1111-2568,1530.00,offline
1042765585437,2025-11-12,2025-11-12,2026-01-15,TXN-202511-12003174,CUST-L3-003174,MEGA-1111-2568,4644.00,offline
1035745134406,2025-11-12,2025-11-12,2026-01-15,TXN-202511-12003258,CUST-L3-003258,MEGA-1111-2568,882.00,offline
882939089757,2025-11-12,2025-11-12,2026-01-15,TXN-202511-12003449,CUST-L3-003449,MEGA-1111-2568,10062.00,offline
733896233402,2025-11-12,2025-11-12,2026-01-15,TXN-202511-12003628,CUST-L3-003628,MEGA-1111-2568,1530.00,offline
824745627841,2025-11-12,2025-11-12,2026-01-15,TXN-202511-12003985,CUST-L3-003985,MEGA-1111-2568,882.00,offline
874877937049,2025-11-12,2025-11-12,2026-01-15,TXN-202511-12004056,CUST-L3-004056,MEGA-1111-2568,6804.00,offline
1076845676175,2025-11-12,2025-11-12,2026-01-15,TXN-202511-12004189,CUST-L3-004189,MEGA-1111-2568,1530.00,offline
637595331443,2025-11-12,2025-11-12,2026-01-15,TXN-202511-12004477,CUST-L3-004477,MEGA-1111-2568,882.00,offline
353794011927,2025-11-12,2025-11-12,2026-01-15,TXN-202511-12004594,CUST-L3-004594,MEGA-1111-2568,882.00,offline
191586479817,2025-11-12,2025-11-12,2026-01-15,TXN-202511-12004710,CUST-L3-004710,MEGA-1111-2568,19872.00,online
612009160557,2025-11-12,2025-11-12,2026-01-15,TXN-202511-12004908,CUST-L3-004908,MEGA-1111-2568,10062.00,offline
308759260040,2025-11-12,2025-11-12,2026-01-15,TXN-202511-12005490,CUST-L3-005490,MEGA-1111-2568,10062.00,offline
332334565404,2025-11-12,2025-11-12,2026-01-15,TXN-202511-12006289,CUST-L3-006289,MEGA-1111-2568,1530.00,offline
661496038432,2025-11-12,2025-11-12,2026-01-15,TXN-202511-12006345,CUST-L3-006345,MEGA-1111-2568,3402.00,offline
1049342818232,2025-11-12,2025-11-12,2026-01-15,TXN-202511-12006367,CUST-L3-006367,MEGA-1111-2568,5184.00,offline
821509134526,2025-11-12,2025-11-12,2026-01-15,TXN-202511-12006543,CUST-L3-006543,MEGA-1111-2568,10062.00,offline
194015353276,2025-11-12,2025-11-12,2026-01-15,TXN-202511-12006554,CUST-L3-006554,MEGA-1111-2568,11592.00,offline
396391131183,2025-11-12,2025-11-12,2026-01-15,TXN-202511-12007002,CUST-L3-007002,MEGA-1111-2568,1242.00,offline
537993471564,2025-11-12,2025-11-12,2026-01-15,TXN-202511-12007279,CUST-L3-007279,MEGA-1111-2568,6912.00,offline
507858050598,2025-11-12,2025-11-12,2026-01-15,TXN-202511-12007444,CUST-L3-007444,MEGA-1111-2568,2322.00,offline
838945378374,2025-11-12,2025-11-12,2026-01-15,TXN-202511-12007485,CUST-L3-007485,MEGA-1111-2568,6804.00,offline
71032437879,2025-11-12,2025-11-12,2026-01-15,TXN-202511-12007489,CUST-L3-007489,MEGA-1111-2568,1530.00,offline
345550404932,2025-11-12,2025-11-12,2026-01-15,TXN-202511-12007532,CUST-L3-007532,MEGA-1111-2568,10062.00,offline
770479963577,2025-11-12,2025-11-12,2026-01-15,TXN-202511-12007963,CUST-L3-007963,MEGA-1111-2568,4482.00,offline
729431669444,2025-11-12,2025-11-12,2026-01-15,TXN-202511-12007999,CUST-L3-007999,MEGA-1111-2568,16164.00,offline
614990907343,2025-11-12,2025-11-12,2026-01-15,TXN-202511-12008331,CUST-L3-008331,MEGA-1111-2568,12384.00,offline
403873607977,2025-11-12,2025-11-12,2026-01-15,TXN-202511-12008387,CUST-L3-008387,MEGA-1111-2568,5724.00,online
133361281877,2025-11-12,2025-11-12,2026-01-15,TXN-202511-12008409,CUST-L3-008409,MEGA-1111-2568,7002.00,offline
203916263637,2025-11-12,2025-11-12,2026-01-15,TXN-202511-12009297,CUST-L3-009297,MEGA-1111-2568,7254.00,offline
557525983821,2025-11-12,2025-11-12,2026-01-15,TXN-202511-12009376,CUST-L3-009376,MEGA-1111-2568,4482.00,offline
304373416898,2025-11-12,2025-11-12,2026-01-15,TXN-202511-12009487,CUST-L3-009487,MEGA-1111-2568,4644.00,offline
692248564142,2025-11-12,2025-11-12,2026-01-15,TXN-202511-12009580,CUST-L3-009580,MEGA-1111-2568,5382.00,offline
782295218820,2025-11-12,2025-11-12,2026-01-15,TXN-202511-12009668,CUST-L3-009668,MEGA-1111-2568,1242.00,offline
197945870601,2025-11-12,2025-11-12,2026-01-15,TXN-202511-12009776,CUST-L3-009776,MEGA-1111-2568,16866.00,offline
76615356278,2025-11-12,2025-11-12,2026-01-15,TXN-202511-12009866,CUST-L3-009866,MEGA-1111-2568,16668.00,offline
902346527121,2025-11-12,2025-11-12,2026-01-15,TXN-202511-12009881,CUST-L3-009881,MEGA-1111-2568,9990.00,offline
915465387575,2025-11-12,2025-11-12,2026-01-15,TXN-202511-12010171,CUST-L3-010171,MEGA-1111-2568,1530.00,offline
138984398306,2025-11-12,2025-11-12,2026-01-15,TXN-202511-12010271,CUST-L3-010271,MEGA-1111-2568,4482.00,offline
36776180638,2025-11-12,2025-11-12,2026-01-15,TXN-202511-12010633,CUST-L3-010633,MEGA-1111-2568,1242.00,offline
143212554816,2025-11-12,2025-11-12,2026-01-15,TXN-202511-12010654,CUST-L3-010654,MEGA-1111-2568,19476.00,offline
339935517360,2025-11-12,2025-11-12,2026-01-15,TXN-202511-12011060,CUST-L3-011060,MEGA-1111-2568,4482.00,offline
424487874871,2025-11-12,2025-11-12,2026-01-15,TXN-202511-12011216,CUST-L3-011216,MEGA-1111-2568,1530.00,offline
169610713926,2025-11-12,2025-11-12,2026-01-15,TXN-202511-12011302,CUST-L3-011302,MEGA-1111-2568,3402.00,offline
741540474179,2025-11-12,2025-11-12,2026-01-15,TXN-202511-12011412,CUST-L3-011412,MEGA-1111-2568,15444.00,offline
760980040694,2025-11-12,2025-11-12,2026-01-15,TXN-202511-12011588,CUST-L3-011588,MEGA-1111-2568,7884.00,offline
498072107090,2025-11-12,2025-11-12,2026-01-15,TXN-202511-12011936,CUST-L3-011936,MEGA-1111-2568,8064.00,offline
1041939449445,2025-11-12,2025-11-12,2026-01-15,TXN-202511-12011995,CUST-L3-011995,MEGA-1111-2568,2322.00,offline
336075462052,2025-11-12,2025-11-12,2026-01-15,TXN-202511-12012133,CUST-L3-012133,MEGA-1111-2568,15282.00,offline
715250063358,2025-11-12,2025-11-12,2026-01-15,TXN-202511-12012175,CUST-L3-012175,MEGA-1111-2568,5724.00,offline
923795379320,2025-11-12,2025-11-12,2026-01-15,TXN-202511-12012292,CUST-L3-012292,MEGA-1111-2568,1530.00,offline
945243996044,2025-11-12,2025-11-12,2026-01-15,TXN-202511-12013389,CUST-L3-013389,MEGA-1111-2568,1242.00,offline
329860586136,2025-11-12,2025-11-12,2026-01-15,TXN-202511-12013464,CUST-L3-013464,MEGA-1111-2568,2412.00,offline
20546044288,2025-11-12,2025-11-12,2026-01-15,TXN-202511-12013939,CUST-L3-013939,MEGA-1111-2568,4482.00,offline
314467385580,2025-11-12,2025-11-12,2026-01-15,TXN-202511-12014432,CUST-L3-014432,MEGA-1111-2568,4482.00,offline
381472993376,2025-11-12,2025-11-12,2026-01-15,TXN-202511-12014668,CUST-L3-014668,MEGA-1111-2568,1530.00,offline
91649479171,2025-11-12,2025-11-12,2026-01-15,TXN-202511-12014873,CUST-L3-014873,MEGA-1111-2568,1530.00,offline
374186024427,2025-11-12,2025-11-12,2026-01-15,TXN-202511-12015119,CUST-L3-015119,MEGA-1111-2568,1242.00,offline
856179206600,2025-11-12,2025-11-12,2026-01-15,TXN-202511-12015556,CUST-L3-015556,MEGA-1111-2568,10062.00,offline
350314448671,2025-11-12,2025-11-12,2026-01-15,TXN-202511-12015825,CUST-L3-015825,MEGA-1111-2568,4482.00,offline
299096345137,2025-11-12,2025-11-12,2026-01-15,TXN-202511-12015868,CUST-L3-015868,MEGA-1111-2568,2322.00,offline
657916094725,2025-11-12,2025-11-12,2026-01-15,TXN-202511-12015946,CUST-L3-015946,MEGA-1111-2568,1242.00,online
261912407880,2025-11-12,2025-11-12,2026-01-15,TXN-202511-12016112,CUST-L3-016112,MEGA-1111-2568,4482.00,offline
593376293606,2025-11-12,2025-11-12,2026-01-15,TXN-202511-12016318,CUST-L3-016318,MEGA-1111-2568,10062.00,offline
853988993865,2025-11-12,2025-11-12,2026-01-15,TXN-202511-12016610,CUST-L3-016610,MEGA-1111-2568,4482.00,offline
392935025383,2025-11-12,2025-11-12,2026-01-15,TXN-202511-12017142,CUST-L3-017142,MEGA-1111-2568,5382.00,offline
54552425397,2025-11-12,2025-11-12,2026-01-15,TXN-202511-12017243,CUST-L3-017243,MEGA-1111-2568,5382.00,offline
107709094516,2025-11-12,2025-11-12,2026-01-15,TXN-202511-12017391,CUST-L3-017391,MEGA-1111-2568,10062.00,offline
390056036529,2025-11-12,2025-11-12,2026-01-15,TXN-202511-12017424,CUST-L3-017424,MEGA-1111-2568,10062.00,offline
197289615308,2025-11-12,2025-11-12,2026-01-15,TXN-202511-12017539,CUST-L3-017539,MEGA-1111-2568,1530.00,offline
425946555812,2025-11-12,2025-11-12,2026-01-15,TXN-202511-12017794,CUST-L3-017794,MEGA-1111-2568,6912.00,offline
465632073085,2025-11-12,2025-11-12,2026-01-15,TXN-202511-12017941,CUST-L3-017941,MEGA-1111-2568,4932.00,offline
216710037723,2025-11-12,2025-11-12,2026-01-15,TXN-202511-12017978,CUST-L3-017978,MEGA-1111-2568,2322.00,offline
416118022245,2025-11-12,2025-11-12,2026-01-15,TXN-202511-12018342,CUST-L3-018342,MEGA-1111-2568,5724.00,offline
208027027909,2025-11-12,2025-11-12,2026-01-15,TXN-202511-12018614,CUST-L3-018614,MEGA-1111-2568,1764.00,offline
610935714268,2025-11-12,2025-11-12,2026-01-15,TXN-202511-12018790,CUST-L3-018790,MEGA-1111-2568,2322.00,offline
139789081749,2025-11-12,2025-11-12,2026-01-15,TXN-202511-12019087,CUST-L3-019087,MEGA-1111-2568,11304.00,offline
885371207633,2025-11-12,2025-11-12,2026-01-15,TXN-202511-12019153,CUST-L3-019153,MEGA-1111-2568,12384.00,offline
81706183474,2025-11-12,2025-11-12,2026-01-15,TXN-202511-12019399,CUST-L3-019399,MEGA-1111-2568,5382.00,offline
1044758904159,2025-11-12,2025-11-12,2026-01-15,TXN-202511-12019763,CUST-L3-019763,MEGA-1111-2568,9648.00,offline
182167530292,2025-11-12,2025-11-12,2026-01-15,TXN-202511-12019861,CUST-L3-019861,MEGA-1111-2568,6048.00,online
743707022930,2025-11-12,2025-11-12,2026-01-15,TXN-202511-12020306,CUST-L3-020306,MEGA-1111-2568,3402.00,offline
608674683659,2025-11-12,2025-11-12,2026-01-15,TXN-202511-12021492,CUST-L3-021492,MEGA-1111-2568,10062.00,offline
222159636381,2025-11-12,2025-11-12,2026-01-15,TXN-202511-12022028,CUST-L3-022028,MEGA-1111-2568,3852.00,offline
747878943820,2025-11-12,2025-11-12,2026-01-15,TXN-202511-12022153,CUST-L3-022153,MEGA-1111-2568,26892.00,offline
848520486476,2025-11-12,2025-11-12,2026-01-15,TXN-202511-12022749,CUST-L3-022749,MEGA-1111-2568,1062.00,offline
118663610624,2025-11-12,2025-11-12,2026-01-15,TXN-202511-12022809,CUST-L3-022809,MEGA-1111-2568,3402.00,offline
281924718006,2025-11-12,2025-11-12,2026-01-15,TXN-202511-12023558,CUST-L3-023558,MEGA-1111-2568,11124.00,offline
768142681985,2025-11-12,2025-11-12,2026-01-15,TXN-202511-12023565,CUST-L3-023565,MEGA-1111-2568,5526.00,offline
1084930630655,2025-11-12,2025-11-12,2026-01-15,TXN-202511-12023786,CUST-L3-023786,MEGA-1111-2568,5724.00,offline
54423561133,2025-11-12,2025-11-12,2026-01-15,TXN-202511-12023797,CUST-L3-023797,MEGA-1111-2568,3924.00,offline
418813806146,2025-11-12,2025-11-12,2026-01-15,TXN-202511-12023964,CUST-L3-023964,MEGA-1111-2568,2322.00,offline
455190598310,2025-11-12,2025-11-12,2026-01-15,TXN-202511-12024103,CUST-L3-024103,MEGA-1111-2568,3042.00,offline
374745289903,2025-11-12,2025-11-12,2026-01-15,TXN-202511-12024241,CUST-L3-024241,MEGA-1111-2568,9396.00,offline
1086017723316,2025-11-12,2025-11-12,2026-01-15,TXN-202511-12024305,CUST-L3-024305,MEGA-1111-2568,10944.00,online
69277401121,2025-11-12,2025-11-12,2026-01-15,TXN-202511-12024332,CUST-L3-024332,MEGA-1111-2568,1242.00,offline
184718578984,2025-11-12,2025-11-12,2026-01-15,TXN-202511-12024352,CUST-L3-024352,MEGA-1111-2568,10062.00,offline
788682528575,2025-11-12,2025-11-12,2026-01-15,TXN-202511-12024431,CUST-L3-024431,MEGA-1111-2568,882.00,offline
1012789067467,2025-11-12,2025-11-12,2026-01-15,TXN-202511-12024602,CUST-L3-024602,MEGA-1111-2568,1062.00,online
1084479762580,2025-11-12,2025-11-12,2026-01-15,TXN-202511-12024749,CUST-L3-024749,MEGA-1111-2568,22446.00,offline
563394271246,2025-11-12,2025-11-12,2026-01-15,TXN-202511-12024835,CUST-L3-024835,MEGA-1111-2568,11286.00,offline
443383855329,2025-11-12,2025-11-12,2026-01-15,TXN-202511-12025466,CUST-L3-025466,MEGA-1111-2568,8154.00,online
633397089341,2025-11-12,2025-11-12,2026-01-15,TXN-202511-12025754,CUST-L3-025754,MEGA-1111-2568,2322.00,offline
592557025516,2025-11-12,2025-11-12,2026-01-15,TXN-202511-12025781,CUST-L3-025781,MEGA-1111-2568,9864.00,online
745023566002,2025-11-12,2025-11-12,2026-01-15,TXN-202511-12025888,CUST-L3-025888,MEGA-1111-2568,3402.00,offline
889822629531,2025-11-12,2025-11-12,2026-01-15,TXN-202511-12026024,CUST-L3-026024,MEGA-1111-2568,9324.00,offline
891145719319,2025-11-12,2025-11-12,2026-01-15,TXN-202511-12026163,CUST-L3-026163,MEGA-1111-2568,2322.00,offline
769351331265,2025-11-12,2025-11-12,2026-01-15,TXN-202511-12026665,CUST-L3-026665,MEGA-1111-2568,10062.00,offline
637076160983,2025-11-12,2025-11-12,2026-01-15,TXN-202511-12026954,CUST-L3-026954,MEGA-1111-2568,4482.00,offline
477902283713,2025-11-12,2025-11-12,2026-01-15,TXN-202511-12027102,CUST-L3-027102,MEGA-1111-2568,12294.00,offline
212796158963,2025-11-12,2025-11-12,2026-01-15,TXN-202511-12027285,CUST-L3-027285,MEGA-1111-2568,3402.00,offline
921695187321,2025-11-12,2025-11-12,2026-01-15,TXN-202511-12027298,CUST-L3-027298,MEGA-1111-2568,1530.00,offline
981601421246,2025-11-12,2025-11-12,2026-01-15,TXN-202511-12027721,CUST-L3-027721,MEGA-1111-2568,15444.00,online
648411079187,2025-11-12,2025-11-12,2026-01-15,TXN-202511-12028190,CUST-L3-028190,MEGA-1111-2568,1062.00,offline
765983725835,2025-11-12,2025-11-12,2026-01-15,TXN-202511-12028262,CUST-L3-028262,MEGA-1111-2568,2322.00,offline
738823267481,2025-11-12,2025-11-12,2026-01-15,TXN-202511-12028689,CUST-L3-028689,MEGA-1111-2568,3402.00,offline
408588843737,2025-11-12,2025-11-12,2026-01-15,TXN-202511-12028723,CUST-L3-028723,MEGA-1111-2568,10062.00,offline
913037445417,2025-11-12,2025-11-12,2026-01-15,TXN-202511-12029483,CUST-L3-029483,MEGA-1111-2568,2322.00,offline
398928666051,2025-11-12,2025-11-12,2026-01-15,TXN-202511-12029958,CUST-L3-029958,MEGA-1111-2568,5382.00,online
356855857375,2025-12-11,2025-12-11,2026-01-15,TXN-202512-11000052,CUST-L3-000052,MEGA-1212-2568,3780.00,offline
241594238359,2025-12-11,2025-12-11,2026-01-15,TXN-202512-11000196,CUST-L3-000196,MEGA-1212-2568,32260.00,offline
101494015875,2025-12-11,2025-12-11,2026-01-15,TXN-202512-11000270,CUST-L3-000270,MEGA-1212-2568,6960.00,offline
641007760363,2025-12-11,2025-12-11,2026-01-15,TXN-202512-11000654,CUST-L3-000654,MEGA-1212-2568,6360.00,offline
619676895606,2025-12-11,2025-12-11,2026-01-15,TXN-202512-11000677,CUST-L3-000677,MEGA-1212-2568,3780.00,offline
827629996401,2025-12-11,2025-12-11,2026-01-15,TXN-202512-11000905,CUST-L3-000905,MEGA-1212-2568,5980.00,online
524645012504,2025-12-11,2025-12-11,2026-01-15,TXN-202512-11001107,CUST-L3-001107,MEGA-1212-2568,8660.00,offline
985210674359,2025-12-11,2025-12-11,2026-01-15,TXN-202512-11001217,CUST-L3-001217,MEGA-1212-2568,3560.00,offline
364233027971,2025-12-11,2025-12-11,2026-01-15,TXN-202512-11001303,CUST-L3-001303,MEGA-1212-2568,1700.00,offline
321332065077,2025-12-11,2025-12-11,2026-01-15,TXN-202512-11001370,CUST-L3-001370,MEGA-1212-2568,21380.00,offline
27676452429,2025-12-11,2025-12-11,2026-01-15,TXN-202512-11001513,CUST-L3-001513,MEGA-1212-2568,11180.00,offline
1025635640303,2025-12-11,2025-12-11,2026-01-15,TXN-202512-11001622,CUST-L3-001622,MEGA-1212-2568,980.00,offline
309802730615,2025-12-11,2025-12-11,2026-01-15,TXN-202512-11001626,CUST-L3-001626,MEGA-1212-2568,6680.00,offline
58512090376,2025-12-11,2025-12-11,2026-01-15,TXN-202512-11001947,CUST-L3-001947,MEGA-1212-2568,7780.00,offline
259454824412,2025-12-11,2025-12-11,2026-01-15,TXN-202512-11002266,CUST-L3-002266,MEGA-1212-2568,3780.00,offline
893157395966,2025-12-11,2025-12-11,2026-01-15,TXN-202512-11002316,CUST-L3-002316,MEGA-1212-2568,5160.00,offline
409073133877,2025-12-11,2025-12-11,2026-01-15,TXN-202512-11002487,CUST-L3-002487,MEGA-1212-2568,1380.00,offline
145950345830,2025-12-11,2025-12-11,2026-01-15,TXN-202512-11002795,CUST-L3-002795,MEGA-1212-2568,33860.00,offline
703523488499,2025-12-11,2025-12-11,2026-01-15,TXN-202512-11002927,CUST-L3-002927,MEGA-1212-2568,21600.00,online
505710427796,2025-12-11,2025-12-11,2026-01-15,TXN-202512-11002991,CUST-L3-002991,MEGA-1212-2568,1700.00,offline
764857082283,2025-12-11,2025-12-11,2026-01-15,TXN-202512-11003009,CUST-L3-003009,MEGA-1212-2568,4280.00,offline
189449182299,2025-12-11,2025-12-11,2026-01-15,TXN-202512-11003070,CUST-L3-003070,MEGA-1212-2568,13760.00,offline
1001837047883,2025-12-11,2025-12-11,2026-01-15,TXN-202512-11003092,CUST-L3-003092,MEGA-1212-2568,23660.00,online
793453748020,2025-12-11,2025-12-11,2026-01-15,TXN-202512-11003165,CUST-L3-003165,MEGA-1212-2568,980.00,offline
959329137447,2025-12-11,2025-12-11,2026-01-15,TXN-202512-11003168,CUST-L3-003168,MEGA-1212-2568,7560.00,offline
809332392374,2025-12-11,2025-12-11,2026-01-15,TXN-202512-11003284,CUST-L3-003284,MEGA-1212-2568,13760.00,offline
678422294537,2025-12-11,2025-12-11,2026-01-15,TXN-202512-11003698,CUST-L3-003698,MEGA-1212-2568,11180.00,offline
85384911675,2025-12-11,2025-12-11,2026-01-15,TXN-202512-11003710,CUST-L3-003710,MEGA-1212-2568,9760.00,offline
682494448939,2025-12-11,2025-12-11,2026-01-15,TXN-202512-11004442,CUST-L3-004442,MEGA-1212-2568,9520.00,offline
948295234399,2025-12-11,2025-12-11,2026-01-15,TXN-202512-11004612,CUST-L3-004612,MEGA-1212-2568,9760.00,offline
96823911669,2025-12-11,2025-12-11,2026-01-15,TXN-202512-11005080,CUST-L3-005080,MEGA-1212-2568,11180.00,offline
609196916332,2025-12-11,2025-12-11,2026-01-15,TXN-202512-11005099,CUST-L3-005099,MEGA-1212-2568,11180.00,offline
331305374812,2025-12-11,2025-12-11,2026-01-15,TXN-202512-11005548,CUST-L3-005548,MEGA-1212-2568,4980.00,offline
408643856151,2025-12-11,2025-12-11,2026-01-15,TXN-202512-11006188,CUST-L3-006188,MEGA-1212-2568,5980.00,offline
926917180622,2025-12-11,2025-12-11,2026-01-15,TXN-202512-11006625,CUST-L3-006625,MEGA-1212-2568,2580.00,offline
720629046461,2025-12-11,2025-12-11,2026-01-15,TXN-202512-11006725,CUST-L3-006725,MEGA-1212-2568,11180.00,offline
495962352314,2025-12-11,2025-12-11,2026-01-15,TXN-202512-11006895,CUST-L3-006895,MEGA-1212-2568,12880.00,offline
880866838891,2025-12-11,2025-12-11,2026-01-15,TXN-202512-11007068,CUST-L3-007068,MEGA-1212-2568,12160.00,offline
732778456798,2025-12-11,2025-12-11,2026-01-15,TXN-202512-11007660,CUST-L3-007660,MEGA-1212-2568,1380.00,offline
727156593201,2025-12-11,2025-12-11,2026-01-15,TXN-202512-11007702,CUST-L3-007702,MEGA-1212-2568,1700.00,offline
1046840309214,2025-12-11,2025-12-11,2026-01-15,TXN-202512-11007774,CUST-L3-007774,MEGA-1212-2568,3400.00,online
871295194170,2025-12-11,2025-12-11,2026-01-15,TXN-202512-11007813,CUST-L3-007813,MEGA-1212-2568,16980.00,offline
369793538647,2025-12-11,2025-12-11,2026-01-15,TXN-202512-11007880,CUST-L3-007880,MEGA-1212-2568,3780.00,offline
564871418108,2025-12-11,2025-12-11,2026-01-15,TXN-202512-11008041,CUST-L3-008041,MEGA-1212-2568,4980.00,offline
776273441952,2025-12-11,2025-12-11,2026-01-15,TXN-202512-11008120,CUST-L3-008120,MEGA-1212-2568,5980.00,offline
259752610469,2025-12-11,2025-12-11,2026-01-15,TXN-202512-11008985,CUST-L3-008985,MEGA-1212-2568,11180.00,offline
492880862258,2025-12-11,2025-12-11,2026-01-15,TXN-202512-11009184,CUST-L3-009184,MEGA-1212-2568,6680.00,offline
375271926065,2025-12-11,2025-12-11,2026-01-15,TXN-202512-11009324,CUST-L3-009324,MEGA-1212-2568,1700.00,offline
296485400338,2025-12-11,2025-12-11,2026-01-15,TXN-202512-11009371,CUST-L3-009371,MEGA-1212-2568,4980.00,offline
654960105620,2025-12-11,2025-12-11,2026-01-15,TXN-202512-11009729,CUST-L3-009729,MEGA-1212-2568,19920.00,offline
502783674864,2025-12-11,2025-12-11,2026-01-15,TXN-202512-11009886,CUST-L3-009886,MEGA-1212-2568,11180.00,offline
521286881594,2025-12-11,2025-12-11,2026-01-15,TXN-202512-11010078,CUST-L3-010078,MEGA-1212-2568,5480.00,offline
769306433106,2025-12-11,2025-12-11,2026-01-15,TXN-202512-11010730,CUST-L3-010730,MEGA-1212-2568,3780.00,offline
212242583193,2025-12-11,2025-12-11,2026-01-15,TXN-202512-11010792,CUST-L3-010792,MEGA-1212-2568,11180.00,offline
466916347653,2025-12-11,2025-12-11,2026-01-15,TXN-202512-11011048,CUST-L3-011048,MEGA-1212-2568,980.00,offline
412709467114,2025-12-11,2025-12-11,2026-01-15,TXN-202512-11011373,CUST-L3-011373,MEGA-1212-2568,5980.00,offline
125821780534,2025-12-11,2025-12-11,2026-01-15,TXN-202512-11011417,CUST-L3-011417,MEGA-1212-2568,5980.00,offline
631316869987,2025-12-11,2025-12-11,2026-01-15,TXN-202512-11011426,CUST-L3-011426,MEGA-1212-2568,11180.00,offline
512706155663,2025-12-11,2025-12-11,2026-01-15,TXN-202512-11011513,CUST-L3-011513,MEGA-1212-2568,980.00,offline
805025281243,2025-12-11,2025-12-11,2026-01-15,TXN-202512-11011579,CUST-L3-011579,MEGA-1212-2568,10960.00,offline
422064781949,2025-12-11,2025-12-11,2026-01-15,TXN-202512-11011581,CUST-L3-011581,MEGA-1212-2568,5980.00,offline
1054494974612,2025-12-11,2025-12-11,2026-01-15,TXN-202512-11011902,CUST-L3-011902,MEGA-1212-2568,12160.00,offline
98717543534,2025-12-11,2025-12-11,2026-01-15,TXN-202512-11012189,CUST-L3-012189,MEGA-1212-2568,3780.00,offline
310520056333,2025-12-11,2025-12-11,2026-01-15,TXN-202512-11012695,CUST-L3-012695,MEGA-1212-2568,11180.00,offline
1078641129688,2025-12-11,2025-12-11,2026-01-15,TXN-202512-11012733,CUST-L3-012733,MEGA-1212-2568,8940.00,offline
929591519130,2025-12-11,2025-12-11,2026-01-15,TXN-202512-11012820,CUST-L3-012820,MEGA-1212-2568,1700.00,offline
444322424384,2025-12-11,2025-12-11,2026-01-15,TXN-202512-11013078,CUST-L3-013078,MEGA-1212-2568,4960.00,offline
428422167644,2025-12-11,2025-12-11,2026-01-15,TXN-202512-11013127,CUST-L3-013127,MEGA-1212-2568,2580.00,offline
660693046842,2025-12-11,2025-12-11,2026-01-15,TXN-202512-11013234,CUST-L3-013234,MEGA-1212-2568,1380.00,offline
349568626116,2025-12-11,2025-12-11,2026-01-15,TXN-202512-11013691,CUST-L3-013691,MEGA-1212-2568,8760.00,offline
9414016900,2025-12-11,2025-12-11,2026-01-15,TXN-202512-11014128,CUST-L3-014128,MEGA-1212-2568,8560.00,offline
753280721809,2025-12-11,2025-12-11,2026-01-15,TXN-202512-11014490,CUST-L3-014490,MEGA-1212-2568,14560.00,offline
190097567333,2025-12-11,2025-12-11,2026-01-15,TXN-202512-11014776,CUST-L3-014776,MEGA-1212-2568,5980.00,offline
986614764788,2025-12-11,2025-12-11,2026-01-15,TXN-202512-11014885,CUST-L3-014885,MEGA-1212-2568,11180.00,offline
1021661020398,2025-12-11,2025-12-11,2026-01-15,TXN-202512-11015128,CUST-L3-015128,MEGA-1212-2568,8560.00,offline
927437707493,2025-12-11,2025-12-11,2026-01-15,TXN-202512-11015502,CUST-L3-015502,MEGA-1212-2568,4980.00,offline
600715684068,2025-12-11,2025-12-11,2026-01-15,TXN-202512-11015596,CUST-L3-015596,MEGA-1212-2568,980.00,offline
1033624599412,2025-12-11,2025-12-11,2026-01-15,TXN-202512-11015869,CUST-L3-015869,MEGA-1212-2568,4980.00,offline
352965484586,2025-12-11,2025-12-11,2026-01-15,TXN-202512-11016190,CUST-L3-016190,MEGA-1212-2568,10960.00,offline
148912789271,2025-12-11,2025-12-11,2026-01-15,TXN-202512-11016314,CUST-L3-016314,MEGA-1212-2568,7740.00,offline
227511204397,2025-12-11,2025-12-11,2026-01-15,TXN-202512-11016730,CUST-L3-016730,MEGA-1212-2568,5980.00,offline
844717628199,2025-12-11,2025-12-11,2026-01-15,TXN-202512-11016775,CUST-L3-016775,MEGA-1212-2568,3780.00,offline
603864361741,2025-12-11,2025-12-11,2026-01-15,TXN-202512-11016921,CUST-L3-016921,MEGA-1212-2568,19940.00,offline
412068495443,2025-12-11,2025-12-11,2026-01-15,TXN-202512-11016969,CUST-L3-016969,MEGA-1212-2568,980.00,offline
605128750621,2025-12-11,2025-12-11,2026-01-15,TXN-202512-11017167,CUST-L3-017167,MEGA-1212-2568,4980.00,offline
411274712091,2025-12-11,2025-12-11,2026-01-15,TXN-202512-11017281,CUST-L3-017281,MEGA-1212-2568,1380.00,offline
1010479165672,2025-12-11,2025-12-11,2026-01-15,TXN-202512-11017459,CUST-L3-017459,MEGA-1212-2568,6360.00,online
1036596210326,2025-12-11,2025-12-11,2026-01-15,TXN-202512-11017699,CUST-L3-017699,MEGA-1212-2568,2580.00,offline
323929054911,2025-12-11,2025-12-11,2026-01-15,TXN-202512-11018041,CUST-L3-018041,MEGA-1212-2568,14700.00,online
387375461008,2025-12-11,2025-12-11,2026-01-15,TXN-202512-11018145,CUST-L3-018145,MEGA-1212-2568,1180.00,offline
333718500751,2025-12-11,2025-12-11,2026-01-15,TXN-202512-11018233,CUST-L3-018233,MEGA-1212-2568,980.00,offline
63303192754,2025-12-11,2025-12-11,2026-01-15,TXN-202512-11018327,CUST-L3-018327,MEGA-1212-2568,5980.00,offline
212919217698,2025-12-11,2025-12-11,2026-01-15,TXN-202512-11018435,CUST-L3-018435,MEGA-1212-2568,8060.00,offline
438689854007,2025-12-11,2025-12-11,2026-01-15,TXN-202512-11018669,CUST-L3-018669,MEGA-1212-2568,11180.00,offline
188436133683,2025-12-11,2025-12-11,2026-01-15,TXN-202512-11019146,CUST-L3-019146,MEGA-1212-2568,4980.00,offline
459318229400,2025-12-11,2025-12-11,2026-01-15,TXN-202512-11019230,CUST-L3-019230,MEGA-1212-2568,3780.00,offline
427613545695,2025-12-11,2025-12-11,2026-01-15,TXN-202512-11019490,CUST-L3-019490,MEGA-1212-2568,4760.00,offline
445100025704,2025-12-11,2025-12-11,2026-01-15,TXN-202512-11019525,CUST-L3-019525,MEGA-1212-2568,5980.00,online
82799416890,2025-12-11,2025-12-11,2026-01-15,TXN-202512-11019591,CUST-L3-019591,MEGA-1212-2568,17140.00,offline
489249479880,2025-12-11,2025-12-11,2026-01-15,TXN-202512-11019840,CUST-L3-019840,MEGA-1212-2568,4960.00,offline
999971688860,2025-12-11,2025-12-11,2026-01-15,TXN-202512-11019988,CUST-L3-019988,MEGA-1212-2568,3380.00,offline
99085069774,2025-12-11,2025-12-11,2026-01-15,TXN-202512-11020053,CUST-L3-020053,MEGA-1212-2568,11800.00,offline
619680300773,2025-12-11,2025-12-11,2026-01-15,TXN-202512-11020344,CUST-L3-020344,MEGA-1212-2568,11180.00,offline
349480371837,2025-12-11,2025-12-11,2026-01-15,TXN-202512-11020610,CUST-L3-020610,MEGA-1212-2568,3780.00,online
1079722069293,2025-12-11,2025-12-11,2026-01-15,TXN-202512-11020683,CUST-L3-020683,MEGA-1212-2568,4940.00,offline
778963331082,2025-12-11,2025-12-11,2026-01-15,TXN-202512-11020720,CUST-L3-020720,MEGA-1212-2568,3780.00,offline
643334518511,2025-12-11,2025-12-11,2026-01-15,TXN-202512-11021330,CUST-L3-021330,MEGA-1212-2568,9760.00,offline
120353863025,2025-12-11,2025-12-11,2026-01-15,TXN-202512-11022117,CUST-L3-022117,MEGA-1212-2568,11960.00,offline
534456467362,2025-12-11,2025-12-11,2026-01-15,TXN-202512-11022127,CUST-L3-022127,MEGA-1212-2568,23320.00,offline
1033505492485,2025-12-11,2025-12-11,2026-01-15,TXN-202512-11022159,CUST-L3-022159,MEGA-1212-2568,1700.00,offline
699533276396,2025-12-11,2025-12-11,2026-01-15,TXN-202512-11022448,CUST-L3-022448,MEGA-1212-2568,2580.00,offline
30292065559,2025-12-11,2025-12-11,2026-01-15,TXN-202512-11022666,CUST-L3-022666,MEGA-1212-2568,4980.00,offline
27536472269,2025-12-11,2025-12-11,2026-01-15,TXN-202512-11023025,CUST-L3-023025,MEGA-1212-2568,1700.00,offline
190781822478,2025-12-11,2025-12-11,2026-01-15,TXN-202512-11023231,CUST-L3-023231,MEGA-1212-2568,4980.00,offline
747561016737,2025-12-11,2025-12-11,2026-01-15,TXN-202512-11023255,CUST-L3-023255,MEGA-1212-2568,1700.00,offline
965435477625,2025-12-11,2025-12-11,2026-01-15,TXN-202512-11023350,CUST-L3-023350,MEGA-1212-2568,3380.00,offline
506495787513,2025-12-11,2025-12-11,2026-01-15,TXN-202512-11023438,CUST-L3-023438,MEGA-1212-2568,3780.00,offline
833717610701,2025-12-11,2025-12-11,2026-01-15,TXN-202512-11023531,CUST-L3-023531,MEGA-1212-2568,1380.00,offline
74486539223,2025-12-11,2025-12-11,2026-01-15,TXN-202512-11023650,CUST-L3-023650,MEGA-1212-2568,4980.00,offline
12385219436,2025-12-11,2025-12-11,2026-01-15,TXN-202512-11024037,CUST-L3-024037,MEGA-1212-2568,10960.00,online
385569639956,2025-12-11,2025-12-11,2026-01-15,TXN-202512-11024039,CUST-L3-024039,MEGA-1212-2568,2580.00,offline
1046368617034,2025-12-11,2025-12-11,2026-01-15,TXN-202512-11024073,CUST-L3-024073,MEGA-1212-2568,980.00,offline
73606840786,2025-12-11,2025-12-11,2026-01-15,TXN-202512-11024154,CUST-L3-024154,MEGA-1212-2568,5980.00,offline
740153716399,2025-12-11,2025-12-11,2026-01-15,TXN-202512-11024165,CUST-L3-024165,MEGA-1212-2568,2580.00,online
847297561563,2025-12-11,2025-12-11,2026-01-15,TXN-202512-11024380,CUST-L3-024380,MEGA-1212-2568,10960.00,offline
825734757773,2025-12-11,2025-12-11,2026-01-15,TXN-202512-11024752,CUST-L3-024752,MEGA-1212-2568,16980.00,offline
568896917097,2025-12-11,2025-12-11,2026-01-15,TXN-202512-11024916,CUST-L3-024916,MEGA-1212-2568,11180.00,offline
812975589958,2025-12-11,2025-12-11,2026-01-15,TXN-202512-11025042,CUST-L3-025042,MEGA-1212-2568,3960.00,offline
603514484099,2025-12-11,2025-12-11,2026-01-15,TXN-202512-11025077,CUST-L3-025077,MEGA-1212-2568,7560.00,offline
599764732106,2025-12-11,2025-12-11,2026-01-15,TXN-202512-11025752,CUST-L3-025752,MEGA-1212-2568,5980.00,online
357704463464,2025-12-11,2025-12-11,2026-01-15,TXN-202512-11025772,CUST-L3-025772,MEGA-1212-2568,12560.00,offline
1043164021430,2025-12-11,2025-12-11,2026-01-15,TXN-202512-11026026,CUST-L3-026026,MEGA-1212-2568,23520.00,offline
372670174686,2025-12-11,2025-12-11,2026-01-15,TXN-202512-11026359,CUST-L3-026359,MEGA-1212-2568,9760.00,online
422883488712,2025-12-11,2025-12-11,2026-01-15,TXN-202512-11026640,CUST-L3-026640,MEGA-1212-2568,28700.00,offline
61447749041,2025-12-11,2025-12-11,2026-01-15,TXN-202512-11026649,CUST-L3-026649,MEGA-1212-2568,1380.00,offline
187558558839,2025-12-11,2025-12-11,2026-01-15,TXN-202512-11026879,CUST-L3-026879,MEGA-1212-2568,39480.00,offline
774357790637,2025-12-11,2025-12-11,2026-01-15,TXN-202512-11026901,CUST-L3-026901,MEGA-1212-2568,4280.00,offline
1081592014878,2025-12-11,2025-12-11,2026-01-15,TXN-202512-11027080,CUST-L3-027080,MEGA-1212-2568,3380.00,offline
992585492502,2025-12-11,2025-12-11,2026-01-15,TXN-202512-11027634,CUST-L3-027634,MEGA-1212-2568,1380.00,offline
1004013805429,2025-12-11,2025-12-11,2026-01-15,TXN-202512-11028235,CUST-L3-028235,MEGA-1212-2568,3780.00,offline
828830245987,2025-12-11,2025-12-11,2026-01-15,TXN-202512-11028703,CUST-L3-028703,MEGA-1212-2568,7680.00,offline
255981767464,2025-12-11,2025-12-11,2026-01-15,TXN-202512-11028816,CUST-L3-028816,MEGA-1212-2568,1960.00,offline
965372950809,2025-12-11,2025-12-11,2026-01-15,TXN-202512-11028846,CUST-L3-028846,MEGA-1212-2568,12560.00,offline
502726179744,2025-12-11,2025-12-11,2026-01-15,TXN-202512-11028902,CUST-L3-028902,MEGA-1212-2568,3960.00,offline
395113822380,2025-12-11,2025-12-11,2026-01-15,TXN-202512-11029151,CUST-L3-029151,MEGA-1212-2568,20660.00,offline
246939675921,2025-12-11,2025-12-11,2026-01-15,TXN-202512-11029444,CUST-L3-029444,MEGA-1212-2568,13760.00,offline
689224473314,2025-12-11,2025-12-11,2026-01-15,TXN-202512-11029471,CUST-L3-029471,MEGA-1212-2568,5980.00,offline
932976589402,2025-12-11,2025-12-11,2026-01-15,TXN-202512-11029524,CUST-L3-029524,MEGA-1212-2568,1380.00,offline
592155040452,2025-12-11,2025-12-11,2026-01-15,TXN-202512-11029556,CUST-L3-029556,MEGA-1212-2568,3780.00,offline
628725002331,2025-12-11,2025-12-11,2026-01-15,TXN-202512-11029608,CUST-L3-029608,MEGA-1212-2568,12560.00,offline
450129079594,2025-12-11,2025-12-11,2026-01-15,TXN-202512-11029641,CUST-L3-029641,MEGA-1212-2568,17540.00,offline
222981008717,2025-12-11,2025-12-11,2026-01-15,TXN-202512-11029673,CUST-L3-029673,MEGA-1212-2568,11180.00,offline
354996966729,2025-12-11,2025-12-11,2026-01-15,TXN-202512-11029715,CUST-L3-029715,MEGA-1212-2568,1700.00,offline
586288658071,2025-12-11,2025-12-11,2026-01-15,TXN-202512-11029761,CUST-L3-029761,MEGA-1212-2568,5980.00,offline
523047746032,2025-12-11,2025-12-11,2026-01-15,TXN-202512-11029814,CUST-L3-029814,MEGA-1212-2568,2360.00,offline
918793562859,2025-12-12,2025-12-12,2026-01-15,TXN-202512-12000190,CUST-L3-000190,MEGA-1212-2568,15460.00,offline
107498713015,2025-12-12,2025-12-12,2026-01-15,TXN-202512-12000297,CUST-L3-000297,MEGA-1212-2568,5980.00,offline
993397713653,2025-12-12,2025-12-12,2026-01-15,TXN-202512-12000417,CUST-L3-000417,MEGA-1212-2568,5980.00,offline
737382130965,2025-12-12,2025-12-12,2026-01-15,TXN-202512-12000491,CUST-L3-000491,MEGA-1212-2568,3780.00,offline
709257305805,2025-12-12,2025-12-12,2026-01-15,TXN-202512-12001252,CUST-L3-001252,MEGA-1212-2568,5980.00,offline
134768251179,2025-12-12,2025-12-12,2026-01-15,TXN-202512-12001306,CUST-L3-001306,MEGA-1212-2568,1700.00,offline
199771895802,2025-12-12,2025-12-12,2026-01-15,TXN-202512-12001702,CUST-L3-001702,MEGA-1212-2568,6140.00,offline
148176500025,2025-12-12,2025-12-12,2026-01-15,TXN-202512-12001904,CUST-L3-001904,MEGA-1212-2568,1380.00,offline
1049212894448,2025-12-12,2025-12-12,2026-01-15,TXN-202512-12001925,CUST-L3-001925,MEGA-1212-2568,2580.00,offline
462485412427,2025-12-12,2025-12-12,2026-01-15,TXN-202512-12002714,CUST-L3-002714,MEGA-1212-2568,1380.00,offline
413784954640,2025-12-12,2025-12-12,2026-01-15,TXN-202512-12002917,CUST-L3-002917,MEGA-1212-2568,4980.00,offline
357108995414,2025-12-12,2025-12-12,2026-01-15,TXN-202512-12002922,CUST-L3-002922,MEGA-1212-2568,4980.00,offline
663170443846,2025-12-12,2025-12-12,2026-01-15,TXN-202512-12002959,CUST-L3-002959,MEGA-1212-2568,16160.00,offline
390303844375,2025-12-12,2025-12-12,2026-01-15,TXN-202512-12003435,CUST-L3-003435,MEGA-1212-2568,980.00,online
577333342786,2025-12-12,2025-12-12,2026-01-15,TXN-202512-12003484,CUST-L3-003484,MEGA-1212-2568,14960.00,offline
1032233917588,2025-12-12,2025-12-12,2026-01-15,TXN-202512-12003888,CUST-L3-003888,MEGA-1212-2568,5980.00,offline
851453470556,2025-12-12,2025-12-12,2026-01-15,TXN-202512-12003912,CUST-L3-003912,MEGA-1212-2568,1380.00,offline
161516182403,2025-12-12,2025-12-12,2026-01-15,TXN-202512-12004017,CUST-L3-004017,MEGA-1212-2568,7680.00,offline
547985955261,2025-12-12,2025-12-12,2026-01-15,TXN-202512-12004160,CUST-L3-004160,MEGA-1212-2568,11180.00,offline
997297388501,2025-12-12,2025-12-12,2026-01-15,TXN-202512-12004559,CUST-L3-004559,MEGA-1212-2568,30080.00,offline
557366621000,2025-12-12,2025-12-12,2026-01-15,TXN-202512-12004933,CUST-L3-004933,MEGA-1212-2568,4380.00,offline
843510811162,2025-12-12,2025-12-12,2026-01-15,TXN-202512-12005141,CUST-L3-005141,MEGA-1212-2568,3780.00,offline
281286831913,2025-12-12,2025-12-12,2026-01-15,TXN-202512-12005873,CUST-L3-005873,MEGA-1212-2568,19720.00,online
107288029805,2025-12-12,2025-12-12,2026-01-15,TXN-202512-12005964,CUST-L3-005964,MEGA-1212-2568,7560.00,offline
198348077941,2025-12-12,2025-12-12,2026-01-15,TXN-202512-12006366,CUST-L3-006366,MEGA-1212-2568,3780.00,offline
812992112798,2025-12-12,2025-12-12,2026-01-15,TXN-202512-12006541,CUST-L3-006541,MEGA-1212-2568,980.00,offline
326933116764,2025-12-12,2025-12-12,2026-01-15,TXN-202512-12007121,CUST-L3-007121,MEGA-1212-2568,2580.00,offline
988502699997,2025-12-12,2025-12-12,2026-01-15,TXN-202512-12007287,CUST-L3-007287,MEGA-1212-2568,4980.00,offline
1061152686529,2025-12-12,2025-12-12,2026-01-15,TXN-202512-12007676,CUST-L3-007676,MEGA-1212-2568,2760.00,offline
1014403517189,2025-12-12,2025-12-12,2026-01-15,TXN-202512-12007687,CUST-L3-007687,MEGA-1212-2568,3780.00,offline
417193443746,2025-12-12,2025-12-12,2026-01-15,TXN-202512-12007705,CUST-L3-007705,MEGA-1212-2568,14960.00,online
308894479586,2025-12-12,2025-12-12,2026-01-15,TXN-202512-12007709,CUST-L3-007709,MEGA-1212-2568,21320.00,offline
1062974399126,2025-12-12,2025-12-12,2026-01-15,TXN-202512-12008234,CUST-L3-008234,MEGA-1212-2568,980.00,offline
9934996592,2025-12-12,2025-12-12,2026-01-15,TXN-202512-12008275,CUST-L3-008275,MEGA-1212-2568,7680.00,offline
124377529136,2025-12-12,2025-12-12,2026-01-15,TXN-202512-12008548,CUST-L3-008548,MEGA-1212-2568,16160.00,offline
368085867377,2025-12-12,2025-12-12,2026-01-15,TXN-202512-12008627,CUST-L3-008627,MEGA-1212-2568,2680.00,offline
1049452105915,2025-12-12,2025-12-12,2026-01-15,TXN-202512-12008753,CUST-L3-008753,MEGA-1212-2568,3780.00,offline
105463888311,2025-12-12,2025-12-12,2026-01-15,TXN-202512-12008869,CUST-L3-008869,MEGA-1212-2568,1380.00,offline
287234827174,2025-12-12,2025-12-12,2026-01-15,TXN-202512-12009161,CUST-L3-009161,MEGA-1212-2568,26260.00,offline
754465087280,2025-12-12,2025-12-12,2026-01-15,TXN-202512-12009191,CUST-L3-009191,MEGA-1212-2568,980.00,offline
927472173250,2025-12-12,2025-12-12,2026-01-15,TXN-202512-12009371,CUST-L3-009371,MEGA-1212-2568,10280.00,offline
766434821507,2025-12-12,2025-12-12,2026-01-15,TXN-202512-12009909,CUST-L3-009909,MEGA-1212-2568,3780.00,offline
532313809563,2025-12-12,2025-12-12,2026-01-15,TXN-202512-12009948,CUST-L3-009948,MEGA-1212-2568,5980.00,offline
535805785585,2025-12-12,2025-12-12,2026-01-15,TXN-202512-12010039,CUST-L3-010039,MEGA-1212-2568,2760.00,offline
248701486979,2025-12-12,2025-12-12,2026-01-15,TXN-202512-12011536,CUST-L3-011536,MEGA-1212-2568,13760.00,offline
932159018279,2025-12-12,2025-12-12,2026-01-15,TXN-202512-12012406,CUST-L3-012406,MEGA-1212-2568,24720.00,offline
263254624384,2025-12-12,2025-12-12,2026-01-15,TXN-202512-12012530,CUST-L3-012530,MEGA-1212-2568,5980.00,offline
532466178078,2025-12-12,2025-12-12,2026-01-15,TXN-202512-12013120,CUST-L3-013120,MEGA-1212-2568,6960.00,offline
296490490040,2025-12-12,2025-12-12,2026-01-15,TXN-202512-12013255,CUST-L3-013255,MEGA-1212-2568,26700.00,offline
75720238165,2025-12-12,2025-12-12,2026-01-15,TXN-202512-12013316,CUST-L3-013316,MEGA-1212-2568,4980.00,offline
974760264104,2025-12-12,2025-12-12,2026-01-15,TXN-202512-12013603,CUST-L3-013603,MEGA-1212-2568,7360.00,offline
302437483364,2025-12-12,2025-12-12,2026-01-15,TXN-202512-12014030,CUST-L3-014030,MEGA-1212-2568,3780.00,offline
528060844678,2025-12-12,2025-12-12,2026-01-15,TXN-202512-12014263,CUST-L3-014263,MEGA-1212-2568,5960.00,offline
44992997755,2025-12-12,2025-12-12,2026-01-15,TXN-202512-12014286,CUST-L3-014286,MEGA-1212-2568,9620.00,offline
450759872134,2025-12-12,2025-12-12,2026-01-15,TXN-202512-12014419,CUST-L3-014419,MEGA-1212-2568,11180.00,offline
494590615540,2025-12-12,2025-12-12,2026-01-15,TXN-202512-12014513,CUST-L3-014513,MEGA-1212-2568,14800.00,online
730528935831,2025-12-12,2025-12-12,2026-01-15,TXN-202512-12014533,CUST-L3-014533,MEGA-1212-2568,11180.00,offline
555152461807,2025-12-12,2025-12-12,2026-01-15,TXN-202512-12015454,CUST-L3-015454,MEGA-1212-2568,3780.00,offline
396040379168,2025-12-12,2025-12-12,2026-01-15,TXN-202512-12015632,CUST-L3-015632,MEGA-1212-2568,2580.00,offline
952968279255,2025-12-12,2025-12-12,2026-01-15,TXN-202512-12015770,CUST-L3-015770,MEGA-1212-2568,2580.00,offline
638753220368,2025-12-12,2025-12-12,2026-01-15,TXN-202512-12016058,CUST-L3-016058,MEGA-1212-2568,2580.00,online
41668251041,2025-12-12,2025-12-12,2026-01-15,TXN-202512-12016257,CUST-L3-016257,MEGA-1212-2568,3780.00,offline
579519384876,2025-12-12,2025-12-12,2026-01-15,TXN-202512-12016430,CUST-L3-016430,MEGA-1212-2568,17480.00,offline
179475525962,2025-12-12,2025-12-12,2026-01-15,TXN-202512-12017076,CUST-L3-017076,MEGA-1212-2568,980.00,offline
1065337768877,2025-12-12,2025-12-12,2026-01-15,TXN-202512-12017179,CUST-L3-017179,MEGA-1212-2568,1700.00,offline
149664916153,2025-12-12,2025-12-12,2026-01-15,TXN-202512-12017282,CUST-L3-017282,MEGA-1212-2568,5980.00,offline
369974324655,2025-12-12,2025-12-12,2026-01-15,TXN-202512-12017405,CUST-L3-017405,MEGA-1212-2568,3780.00,offline
216191277314,2025-12-12,2025-12-12,2026-01-15,TXN-202512-12017501,CUST-L3-017501,MEGA-1212-2568,4980.00,offline
238301478410,2025-12-12,2025-12-12,2026-01-15,TXN-202512-12017719,CUST-L3-017719,MEGA-1212-2568,1700.00,offline
936090926793,2025-12-12,2025-12-12,2026-01-15,TXN-202512-12017793,CUST-L3-017793,MEGA-1212-2568,4980.00,offline
385923000591,2025-12-12,2025-12-12,2026-01-15,TXN-202512-12018354,CUST-L3-018354,MEGA-1212-2568,1380.00,offline
10334002350,2025-12-12,2025-12-12,2026-01-15,TXN-202512-12018699,CUST-L3-018699,MEGA-1212-2568,1700.00,online
775953444616,2025-12-12,2025-12-12,2026-01-15,TXN-202512-12018705,CUST-L3-018705,MEGA-1212-2568,2580.00,offline
538037185821,2025-12-12,2025-12-12,2026-01-15,TXN-202512-12019743,CUST-L3-019743,MEGA-1212-2568,1700.00,offline
741116832502,2025-12-12,2025-12-12,2026-01-15,TXN-202512-12019799,CUST-L3-019799,MEGA-1212-2568,4980.00,offline
1037501779847,2025-12-12,2025-12-12,2026-01-15,TXN-202512-12020262,CUST-L3-020262,MEGA-1212-2568,16440.00,offline
72087147275,2025-12-12,2025-12-12,2026-01-15,TXN-202512-12020392,CUST-L3-020392,MEGA-1212-2568,11180.00,offline
93876052931,2025-12-12,2025-12-12,2026-01-15,TXN-202512-12020581,CUST-L3-020581,MEGA-1212-2568,4980.00,offline
858878585609,2025-12-12,2025-12-12,2026-01-15,TXN-202512-12020610,CUST-L3-020610,MEGA-1212-2568,4980.00,offline
603306675390,2025-12-12,2025-12-12,2026-01-15,TXN-202512-12020721,CUST-L3-020721,MEGA-1212-2568,20660.00,offline
856469301619,2025-12-12,2025-12-12,2026-01-15,TXN-202512-12021255,CUST-L3-021255,MEGA-1212-2568,1700.00,offline
712199404839,2025-12-12,2025-12-12,2026-01-15,TXN-202512-12021346,CUST-L3-021346,MEGA-1212-2568,1380.00,online
366860842162,2025-12-12,2025-12-12,2026-01-15,TXN-202512-12021507,CUST-L3-021507,MEGA-1212-2568,12560.00,offline
1043152834673,2025-12-12,2025-12-12,2026-01-15,TXN-202512-12021769,CUST-L3-021769,MEGA-1212-2568,11180.00,offline
478777236224,2025-12-12,2025-12-12,2026-01-15,TXN-202512-12022186,CUST-L3-022186,MEGA-1212-2568,8360.00,offline
1011975905596,2025-12-12,2025-12-12,2026-01-15,TXN-202512-12022651,CUST-L3-022651,MEGA-1212-2568,1380.00,offline
516184724496,2025-12-12,2025-12-12,2026-01-15,TXN-202512-12022866,CUST-L3-022866,MEGA-1212-2568,980.00,offline
793509478784,2025-12-12,2025-12-12,2026-01-15,TXN-202512-12022885,CUST-L3-022885,MEGA-1212-2568,1700.00,offline
456993312247,2025-12-12,2025-12-12,2026-01-15,TXN-202512-12023110,CUST-L3-023110,MEGA-1212-2568,14960.00,offline
753227099920,2025-12-12,2025-12-12,2026-01-15,TXN-202512-12023305,CUST-L3-023305,MEGA-1212-2568,1700.00,offline
309691572564,2025-12-12,2025-12-12,2026-01-15,TXN-202512-12023769,CUST-L3-023769,MEGA-1212-2568,4980.00,offline
40732292830,2025-12-12,2025-12-12,2026-01-15,TXN-202512-12024207,CUST-L3-024207,MEGA-1212-2568,5980.00,offline
122248849751,2025-12-12,2025-12-12,2026-01-15,TXN-202512-12024256,CUST-L3-024256,MEGA-1212-2568,3780.00,online
891507748671,2025-12-12,2025-12-12,2026-01-15,TXN-202512-12024495,CUST-L3-024495,MEGA-1212-2568,14960.00,offline
93323312198,2025-12-12,2025-12-12,2026-01-15,TXN-202512-12024737,CUST-L3-024737,MEGA-1212-2568,4980.00,offline
594487750791,2025-12-12,2025-12-12,2026-01-15,TXN-202512-12025526,CUST-L3-025526,MEGA-1212-2568,6460.00,offline
669273665379,2025-12-12,2025-12-12,2026-01-15,TXN-202512-12025632,CUST-L3-025632,MEGA-1212-2568,11180.00,offline
365441897480,2025-12-12,2025-12-12,2026-01-15,TXN-202512-12025691,CUST-L3-025691,MEGA-1212-2568,1700.00,offline
526419552833,2025-12-12,2025-12-12,2026-01-15,TXN-202512-12026060,CUST-L3-026060,MEGA-1212-2568,5980.00,offline
195387538926,2025-12-12,2025-12-12,2026-01-15,TXN-202512-12026322,CUST-L3-026322,MEGA-1212-2568,2580.00,offline
1053105361653,2025-12-12,2025-12-12,2026-01-15,TXN-202512-12026593,CUST-L3-026593,MEGA-1212-2568,1380.00,offline
757928793041,2025-12-12,2025-12-12,2026-01-15,TXN-202512-12026654,CUST-L3-026654,MEGA-1212-2568,11180.00,offline
1040457712611,2025-12-12,2025-12-12,2026-01-15,TXN-202512-12026966,CUST-L3-026966,MEGA-1212-2568,1380.00,online
1064765077884,2025-12-12,2025-12-12,2026-01-15,TXN-202512-12027657,CUST-L3-027657,MEGA-1212-2568,15940.00,offline
743437800741,2025-12-12,2025-12-12,2026-01-15,TXN-202512-12027921,CUST-L3-027921,MEGA-1212-2568,3780.00,offline
60485042081,2025-12-12,2025-12-12,2026-01-15,TXN-202512-12028066,CUST-L3-028066,MEGA-1212-2568,10740.00,offline
777313959400,2025-12-12,2025-12-12,2026-01-15,TXN-202512-12028459,CUST-L3-028459,MEGA-1212-2568,2580.00,offline
179163177688,2025-12-12,2025-12-12,2026-01-15,TXN-202512-12028468,CUST-L3-028468,MEGA-1212-2568,2580.00,offline
463343001804,2025-12-12,2025-12-12,2026-01-15,TXN-202512-12028549,CUST-L3-028549,MEGA-1212-2568,7780.00,offline
614917929699,2025-12-12,2025-12-12,2026-01-15,TXN-202512-12028645,CUST-L3-028645,MEGA-1212-2568,1700.00,offline
144703948474,2025-12-12,2025-12-12,2026-01-15,TXN-202512-12029247,CUST-L3-029247,MEGA-1212-2568,12880.00,offline
488539961022,2025-12-12,2025-12-12,2026-01-15,TXN-202512-12029321,CUST-L3-029321,MEGA-1212-2568,5980.00,offline
1073316234261,2025-12-12,2025-12-12,2026-01-15,TXN-202512-12029401,CUST-L3-029401,MEGA-1212-2568,1960.00,offline
796467104607,2025-12-12,2025-12-12,2026-01-15,TXN-202512-12029752,CUST-L3-029752,MEGA-1212-2568,3780.00,offline
549112014869,2025-12-12,2025-12-12,2026-01-15,TXN-202512-12029935,CUST-L3-029935,MEGA-1212-2568,22640.00,offline
798028839406,2025-12-13,2025-12-13,2026-01-15,TXN-202512-13000247,CUST-L3-000247,MEGA-1212-2568,980.00,offline
653548787803,2025-12-13,2025-12-13,2026-01-15,TXN-202512-13000299,CUST-L3-000299,MEGA-1212-2568,22780.00,offline
1081130131970,2025-12-13,2025-12-13,2026-01-15,TXN-202512-13000367,CUST-L3-000367,MEGA-1212-2568,20200.00,offline
44974652447,2025-12-13,2025-12-13,2026-01-15,TXN-202512-13000602,CUST-L3-000602,MEGA-1212-2568,2580.00,online
871455838034,2025-12-13,2025-12-13,2026-01-15,TXN-202512-13000759,CUST-L3-000759,MEGA-1212-2568,4980.00,online
349511735062,2025-12-13,2025-12-13,2026-01-15,TXN-202512-13001233,CUST-L3-001233,MEGA-1212-2568,2360.00,offline
709226712512,2025-12-13,2025-12-13,2026-01-15,TXN-202512-13001810,CUST-L3-001810,MEGA-1212-2568,4980.00,offline
653878511993,2025-12-13,2025-12-13,2026-01-15,TXN-202512-13002208,CUST-L3-002208,MEGA-1212-2568,3780.00,offline
437339279651,2025-12-13,2025-12-13,2026-01-15,TXN-202512-13002495,CUST-L3-002495,MEGA-1212-2568,2580.00,offline
1005515141925,2025-12-13,2025-12-13,2026-01-15,TXN-202512-13002612,CUST-L3-002612,MEGA-1212-2568,980.00,offline
911875722056,2025-12-13,2025-12-13,2026-01-15,TXN-202512-13002722,CUST-L3-002722,MEGA-1212-2568,2580.00,offline
30956403724,2025-12-13,2025-12-13,2026-01-15,TXN-202512-13003168,CUST-L3-003168,MEGA-1212-2568,1700.00,online
323513671568,2025-12-13,2025-12-13,2026-01-15,TXN-202512-13003197,CUST-L3-003197,MEGA-1212-2568,1700.00,offline
687574282564,2025-12-13,2025-12-13,2026-01-15,TXN-202512-13003262,CUST-L3-003262,MEGA-1212-2568,11180.00,offline
228761346820,2025-12-13,2025-12-13,2026-01-15,TXN-202512-13003322,CUST-L3-003322,MEGA-1212-2568,1700.00,offline
1056896322690,2025-12-13,2025-12-13,2026-01-15,TXN-202512-13003374,CUST-L3-003374,MEGA-1212-2568,8760.00,offline
563472328662,2025-12-13,2025-12-13,2026-01-15,TXN-202512-13003933,CUST-L3-003933,MEGA-1212-2568,2680.00,offline
221863860830,2025-12-13,2025-12-13,2026-01-15,TXN-202512-13004028,CUST-L3-004028,MEGA-1212-2568,980.00,offline
421650933881,2025-12-13,2025-12-13,2026-01-15,TXN-202512-13004144,CUST-L3-004144,MEGA-1212-2568,5980.00,online
324903201466,2025-12-13,2025-12-13,2026-01-15,TXN-202512-13004383,CUST-L3-004383,MEGA-1212-2568,1380.00,offline
538753797939,2025-12-13,2025-12-13,2026-01-15,TXN-202512-13004530,CUST-L3-004530,MEGA-1212-2568,11180.00,offline
1048193092190,2025-12-13,2025-12-13,2026-01-15,TXN-202512-13005309,CUST-L3-005309,MEGA-1212-2568,2360.00,offline
697223233434,2025-12-13,2025-12-13,2026-01-15,TXN-202512-13005533,CUST-L3-005533,MEGA-1212-2568,4760.00,offline
946304671766,2025-12-13,2025-12-13,2026-01-15,TXN-202512-13005850,CUST-L3-005850,MEGA-1212-2568,1700.00,offline
231193159167,2025-12-13,2025-12-13,2026-01-15,TXN-202512-13005953,CUST-L3-005953,MEGA-1212-2568,8560.00,offline
305079499929,2025-12-13,2025-12-13,2026-01-15,TXN-202512-13006058,CUST-L3-006058,MEGA-1212-2568,4760.00,offline
547705041434,2025-12-13,2025-12-13,2026-01-15,TXN-202512-13006580,CUST-L3-006580,MEGA-1212-2568,3080.00,offline
1025811349933,2025-12-13,2025-12-13,2026-01-15,TXN-202512-13006641,CUST-L3-006641,MEGA-1212-2568,2580.00,offline
674681311737,2025-12-13,2025-12-13,2026-01-15,TXN-202512-13007303,CUST-L3-007303,MEGA-1212-2568,5980.00,offline
162921705263,2025-12-13,2025-12-13,2026-01-15,TXN-202512-13007334,CUST-L3-007334,MEGA-1212-2568,5980.00,offline
349360387555,2025-12-13,2025-12-13,2026-01-15,TXN-202512-13007359,CUST-L3-007359,MEGA-1212-2568,8560.00,offline
227670774055,2025-12-13,2025-12-13,2026-01-15,TXN-202512-13007916,CUST-L3-007916,MEGA-1212-2568,4980.00,offline
579895078411,2025-12-13,2025-12-13,2026-01-15,TXN-202512-13007938,CUST-L3-007938,MEGA-1212-2568,2580.00,offline
754066385397,2025-12-13,2025-12-13,2026-01-15,TXN-202512-13008392,CUST-L3-008392,MEGA-1212-2568,11180.00,offline
560270961452,2025-12-13,2025-12-13,2026-01-15,TXN-202512-13008610,CUST-L3-008610,MEGA-1212-2568,1380.00,offline
369245612543,2025-12-13,2025-12-13,2026-01-15,TXN-202512-13008958,CUST-L3-008958,MEGA-1212-2568,7360.00,online
272131822555,2025-12-13,2025-12-13,2026-01-15,TXN-202512-13009038,CUST-L3-009038,MEGA-1212-2568,1380.00,offline
878026528866,2025-12-13,2025-12-13,2026-01-15,TXN-202512-13009970,CUST-L3-009970,MEGA-1212-2568,2360.00,offline
773357017136,2025-12-13,2025-12-13,2026-01-15,TXN-202512-13010240,CUST-L3-010240,MEGA-1212-2568,9740.00,offline
296622943993,2025-12-13,2025-12-13,2026-01-15,TXN-202512-13010256,CUST-L3-010256,MEGA-1212-2568,980.00,offline
1093611798218,2025-12-13,2025-12-13,2026-01-15,TXN-202512-13010314,CUST-L3-010314,MEGA-1212-2568,2580.00,offline
505533079879,2025-12-13,2025-12-13,2026-01-15,TXN-202512-13010596,CUST-L3-010596,MEGA-1212-2568,1700.00,offline
389123694482,2025-12-13,2025-12-13,2026-01-15,TXN-202512-13010836,CUST-L3-010836,MEGA-1212-2568,9540.00,offline
649029821218,2025-12-13,2025-12-13,2026-01-15,TXN-202512-13011094,CUST-L3-011094,MEGA-1212-2568,11180.00,offline
607222038695,2025-12-13,2025-12-13,2026-01-15,TXN-202512-13011538,CUST-L3-011538,MEGA-1212-2568,29780.00,offline
17044815995,2025-12-13,2025-12-13,2026-01-15,TXN-202512-13011635,CUST-L3-011635,MEGA-1212-2568,11180.00,offline
699840597556,2025-12-13,2025-12-13,2026-01-15,TXN-202512-13011909,CUST-L3-011909,MEGA-1212-2568,1700.00,offline
687929073707,2025-12-13,2025-12-13,2026-01-15,TXN-202512-13011913,CUST-L3-011913,MEGA-1212-2568,980.00,offline
325716212998,2025-12-13,2025-12-13,2026-01-15,TXN-202512-13012115,CUST-L3-012115,MEGA-1212-2568,1700.00,offline
395245458990,2025-12-13,2025-12-13,2026-01-15,TXN-202512-13012295,CUST-L3-012295,MEGA-1212-2568,17320.00,offline
634466790605,2025-12-13,2025-12-13,2026-01-15,TXN-202512-13012330,CUST-L3-012330,MEGA-1212-2568,34680.00,offline
684932140629,2025-12-13,2025-12-13,2026-01-15,TXN-202512-13012345,CUST-L3-012345,MEGA-1212-2568,22360.00,offline
1053325941230,2025-12-13,2025-12-13,2026-01-15,TXN-202512-13012449,CUST-L3-012449,MEGA-1212-2568,14960.00,offline
963447623405,2025-12-13,2025-12-13,2026-01-15,TXN-202512-13012870,CUST-L3-012870,MEGA-1212-2568,2580.00,offline
425203415022,2025-12-13,2025-12-13,2026-01-15,TXN-202512-13013868,CUST-L3-013868,MEGA-1212-2568,14140.00,offline
525891077361,2025-12-13,2025-12-13,2026-01-15,TXN-202512-13013875,CUST-L3-013875,MEGA-1212-2568,5980.00,offline
520187104666,2025-12-13,2025-12-13,2026-01-15,TXN-202512-13013902,CUST-L3-013902,MEGA-1212-2568,30080.00,offline
997121690966,2025-12-13,2025-12-13,2026-01-15,TXN-202512-13014298,CUST-L3-014298,MEGA-1212-2568,2680.00,online
836849178315,2025-12-13,2025-12-13,2026-01-15,TXN-202512-13014435,CUST-L3-014435,MEGA-1212-2568,5980.00,offline
839936084086,2025-12-13,2025-12-13,2026-01-15,TXN-202512-13014972,CUST-L3-014972,MEGA-1212-2568,2580.00,offline
484886153945,2025-12-13,2025-12-13,2026-01-15,TXN-202512-13014974,CUST-L3-014974,MEGA-1212-2568,11180.00,offline
736767359126,2025-12-13,2025-12-13,2026-01-15,TXN-202512-13015196,CUST-L3-015196,MEGA-1212-2568,12880.00,online
133764289079,2025-12-13,2025-12-13,2026-01-15,TXN-202512-13015363,CUST-L3-015363,MEGA-1212-2568,1700.00,offline
517197689200,2025-12-13,2025-12-13,2026-01-15,TXN-202512-13015535,CUST-L3-015535,MEGA-1212-2568,5980.00,offline
65769611817,2025-12-13,2025-12-13,2026-01-15,TXN-202512-13015757,CUST-L3-015757,MEGA-1212-2568,2580.00,offline
620645652494,2025-12-13,2025-12-13,2026-01-15,TXN-202512-13016079,CUST-L3-016079,MEGA-1212-2568,10960.00,offline
394568111947,2025-12-13,2025-12-13,2026-01-15,TXN-202512-13016555,CUST-L3-016555,MEGA-1212-2568,5980.00,offline
1051203665197,2025-12-13,2025-12-13,2026-01-15,TXN-202512-13016613,CUST-L3-016613,MEGA-1212-2568,3780.00,offline
263526492575,2025-12-13,2025-12-13,2026-01-15,TXN-202512-13016720,CUST-L3-016720,MEGA-1212-2568,29080.00,offline
903288304535,2025-12-13,2025-12-13,2026-01-15,TXN-202512-13016942,CUST-L3-016942,MEGA-1212-2568,5980.00,offline
76432598257,2025-12-13,2025-12-13,2026-01-15,TXN-202512-13017312,CUST-L3-017312,MEGA-1212-2568,1380.00,offline
846900007549,2025-12-13,2025-12-13,2026-01-15,TXN-202512-13017451,CUST-L3-017451,MEGA-1212-2568,980.00,offline
732361250224,2025-12-13,2025-12-13,2026-01-15,TXN-202512-13017793,CUST-L3-017793,MEGA-1212-2568,3780.00,offline
334592714826,2025-12-13,2025-12-13,2026-01-15,TXN-202512-13017912,CUST-L3-017912,MEGA-1212-2568,11180.00,offline
520260581461,2025-12-13,2025-12-13,2026-01-15,TXN-202512-13018053,CUST-L3-018053,MEGA-1212-2568,4980.00,offline
761699308301,2025-12-13,2025-12-13,2026-01-15,TXN-202512-13018161,CUST-L3-018161,MEGA-1212-2568,4980.00,offline
463292487765,2025-12-13,2025-12-13,2026-01-15,TXN-202512-13018597,CUST-L3-018597,MEGA-1212-2568,11180.00,offline
322771965310,2025-12-13,2025-12-13,2026-01-15,TXN-202512-13018793,CUST-L3-018793,MEGA-1212-2568,3560.00,offline
264521629660,2025-12-13,2025-12-13,2026-01-15,TXN-202512-13019512,CUST-L3-019512,MEGA-1212-2568,4980.00,online
441347341264,2025-12-13,2025-12-13,2026-01-15,TXN-202512-13019548,CUST-L3-019548,MEGA-1212-2568,5980.00,offline
622236688664,2025-12-13,2025-12-13,2026-01-15,TXN-202512-13019723,CUST-L3-019723,MEGA-1212-2568,980.00,offline
60625558025,2025-12-13,2025-12-13,2026-01-15,TXN-202512-13020219,CUST-L3-020219,MEGA-1212-2568,4460.00,offline
319143537349,2025-12-13,2025-12-13,2026-01-15,TXN-202512-13020266,CUST-L3-020266,MEGA-1212-2568,2580.00,offline
273367583865,2025-12-13,2025-12-13,2026-01-15,TXN-202512-13020709,CUST-L3-020709,MEGA-1212-2568,13380.00,offline
707031671375,2025-12-13,2025-12-13,2026-01-15,TXN-202512-13020942,CUST-L3-020942,MEGA-1212-2568,6360.00,offline
1030018569778,2025-12-13,2025-12-13,2026-01-15,TXN-202512-13021103,CUST-L3-021103,MEGA-1212-2568,7560.00,offline
448414877860,2025-12-13,2025-12-13,2026-01-15,TXN-202512-13021192,CUST-L3-021192,MEGA-1212-2568,3560.00,offline
442585232246,2025-12-13,2025-12-13,2026-01-15,TXN-202512-13021386,CUST-L3-021386,MEGA-1212-2568,2580.00,offline
319482376627,2025-12-13,2025-12-13,2026-01-15,TXN-202512-13021628,CUST-L3-021628,MEGA-1212-2568,1700.00,offline
385121061478,2025-12-13,2025-12-13,2026-01-15,TXN-202512-13021679,CUST-L3-021679,MEGA-1212-2568,10960.00,offline
1077213640838,2025-12-13,2025-12-13,2026-01-15,TXN-202512-13021869,CUST-L3-021869,MEGA-1212-2568,1380.00,offline
447038978761,2025-12-13,2025-12-13,2026-01-15,TXN-202512-13021944,CUST-L3-021944,MEGA-1212-2568,17960.00,offline
853046627992,2025-12-13,2025-12-13,2026-01-15,TXN-202512-13022064,CUST-L3-022064,MEGA-1212-2568,1700.00,offline
104160226225,2025-12-13,2025-12-13,2026-01-15,TXN-202512-13022561,CUST-L3-022561,MEGA-1212-2568,5980.00,offline
1004941000864,2025-12-13,2025-12-13,2026-01-15,TXN-202512-13022635,CUST-L3-022635,MEGA-1212-2568,5980.00,offline
364638558400,2025-12-13,2025-12-13,2026-01-15,TXN-202512-13022679,CUST-L3-022679,MEGA-1212-2568,2760.00,offline
412320456516,2025-12-13,2025-12-13,2026-01-15,TXN-202512-13023145,CUST-L3-023145,MEGA-1212-2568,980.00,offline
268818787592,2025-12-13,2025-12-13,2026-01-15,TXN-202512-13023162,CUST-L3-023162,MEGA-1212-2568,6680.00,offline
928147119556,2025-12-13,2025-12-13,2026-01-15,TXN-202512-13023224,CUST-L3-023224,MEGA-1212-2568,11180.00,offline
822367523700,2025-12-13,2025-12-13,2026-01-15,TXN-202512-13023570,CUST-L3-023570,MEGA-1212-2568,5980.00,offline
1078967922078,2025-12-13,2025-12-13,2026-01-15,TXN-202512-13023604,CUST-L3-023604,MEGA-1212-2568,11180.00,offline
889473123086,2025-12-13,2025-12-13,2026-01-15,TXN-202512-13023651,CUST-L3-023651,MEGA-1212-2568,2580.00,offline
643337074160,2025-12-13,2025-12-13,2026-01-15,TXN-202512-13023890,CUST-L3-023890,MEGA-1212-2568,12160.00,online
591370279609,2025-12-13,2025-12-13,2026-01-15,TXN-202512-13024086,CUST-L3-024086,MEGA-1212-2568,8580.00,offline
560483378625,2025-12-13,2025-12-13,2026-01-15,TXN-202512-13024166,CUST-L3-024166,MEGA-1212-2568,4980.00,offline
1072067019754,2025-12-13,2025-12-13,2026-01-15,TXN-202512-13024282,CUST-L3-024282,MEGA-1212-2568,13760.00,offline
279100854461,2025-12-13,2025-12-13,2026-01-15,TXN-202512-13024562,CUST-L3-024562,MEGA-1212-2568,5980.00,online
223846778800,2025-12-13,2025-12-13,2026-01-15,TXN-202512-13024830,CUST-L3-024830,MEGA-1212-2568,1380.00,offline
913674041129,2025-12-13,2025-12-13,2026-01-15,TXN-202512-13024947,CUST-L3-024947,MEGA-1212-2568,5980.00,offline
50492883706,2025-12-13,2025-12-13,2026-01-15,TXN-202512-13024952,CUST-L3-024952,MEGA-1212-2568,3780.00,offline
102078452006,2025-12-13,2025-12-13,2026-01-15,TXN-202512-13024996,CUST-L3-024996,MEGA-1212-2568,15940.00,offline
70875359063,2025-12-13,2025-12-13,2026-01-15,TXN-202512-13025049,CUST-L3-025049,MEGA-1212-2568,1380.00,offline
715593661622,2025-12-13,2025-12-13,2026-01-15,TXN-202512-13025230,CUST-L3-025230,MEGA-1212-2568,6360.00,offline
211611265350,2025-12-13,2025-12-13,2026-01-15,TXN-202512-13025768,CUST-L3-025768,MEGA-1212-2568,1380.00,offline
883726536757,2025-12-13,2025-12-13,2026-01-15,TXN-202512-13025822,CUST-L3-025822,MEGA-1212-2568,5980.00,offline
214704948684,2025-12-13,2025-12-13,2026-01-15,TXN-202512-13025914,CUST-L3-025914,MEGA-1212-2568,4980.00,offline
509553812424,2025-12-13,2025-12-13,2026-01-15,TXN-202512-13026182,CUST-L3-026182,MEGA-1212-2568,980.00,offline
726696679591,2025-12-13,2025-12-13,2026-01-15,TXN-202512-13026274,CUST-L3-026274,MEGA-1212-2568,18740.00,offline
860637857636,2025-12-13,2025-12-13,2026-01-15,TXN-202512-13026288,CUST-L3-026288,MEGA-1212-2568,2360.00,offline
765431861104,2025-12-13,2025-12-13,2026-01-15,TXN-202512-13026739,CUST-L3-026739,MEGA-1212-2568,11180.00,offline
857098421359,2025-12-13,2025-12-13,2026-01-15,TXN-202512-13026828,CUST-L3-026828,MEGA-1212-2568,2580.00,offline
776157548069,2025-12-13,2025-12-13,2026-01-15,TXN-202512-13026995,CUST-L3-026995,MEGA-1212-2568,5980.00,offline
1096610333773,2025-12-13,2025-12-13,2026-01-15,TXN-202512-13027271,CUST-L3-027271,MEGA-1212-2568,14740.00,offline
512733430239,2025-12-13,2025-12-13,2026-01-15,TXN-202512-13027344,CUST-L3-027344,MEGA-1212-2568,3780.00,offline
207026531992,2025-12-13,2025-12-13,2026-01-15,TXN-202512-13027688,CUST-L3-027688,MEGA-1212-2568,21420.00,offline
1049309507052,2025-12-13,2025-12-13,2026-01-15,TXN-202512-13027995,CUST-L3-027995,MEGA-1212-2568,21140.00,offline
969525066720,2025-12-13,2025-12-13,2026-01-15,TXN-202512-13028179,CUST-L3-028179,MEGA-1212-2568,2580.00,offline
707065173292,2025-12-13,2025-12-13,2026-01-15,TXN-202512-13028945,CUST-L3-028945,MEGA-1212-2568,4980.00,offline
486332400327,2025-12-13,2025-12-13,2026-01-15,TXN-202512-13028987,CUST-L3-028987,MEGA-1212-2568,4760.00,offline
323153975952,2025-12-13,2025-12-13,2026-01-15,TXN-202512-13029334,CUST-L3-029334,MEGA-1212-2568,1700.00,offline
94666346226,2025-12-13,2025-12-13,2026-01-15,TXN-202512-13029943,CUST-L3-029943,MEGA-1212-2568,9760.00,offline
852090167817,2025-12-13,2025-12-13,2026-01-15,TXN-202512-13029961,CUST-L3-029961,MEGA-1212-2568,1700.00,offline
146823254173,2025-12-20,2025-12-20,2026-01-15,TXN-202512-20000633,CUST-L3-000633,CLEAR-EOY-2568,5070.00,offline
106404162849,2025-12-20,2025-12-20,2026-01-15,TXN-202512-20003027,CUST-L3-003027,CLEAR-EOY-2568,14040.00,offline
1000185852976,2025-12-20,2025-12-20,2026-01-15,TXN-202512-20004285,CUST-L3-004285,CLEAR-EOY-2568,21090.00,offline
738792653355,2025-12-20,2025-12-20,2026-01-15,TXN-202512-20005959,CUST-L3-005959,CLEAR-EOY-2568,1770.00,offline
170598894474,2025-12-20,2025-12-20,2026-01-15,TXN-202512-20010875,CUST-L3-010875,CLEAR-EOY-2568,34920.00,online
977898279608,2025-12-20,2025-12-20,2026-01-15,TXN-202512-20029888,CUST-L3-029888,CLEAR-EOY-2568,21960.00,offline
194127620455,2025-12-21,2025-12-21,2026-01-15,TXN-202512-21001768,CUST-L3-001768,CLEAR-EOY-2568,39300.00,offline
725171143735,2025-12-21,2025-12-21,2026-01-15,TXN-202512-21006725,CUST-L3-006725,CLEAR-EOY-2568,92190.00,offline
832272782042,2025-12-21,2025-12-21,2026-01-15,TXN-202512-21015680,CUST-L3-015680,CLEAR-EOY-2568,7440.00,offline
211836428752,2025-12-21,2025-12-21,2026-01-15,TXN-202512-21020323,CUST-L3-020323,CLEAR-EOY-2568,24360.00,offline
214782156718,2025-12-22,2025-12-22,2026-01-15,TXN-202512-22001676,CUST-L3-001676,CLEAR-EOY-2568,3240.00,offline
789438955760,2025-12-22,2025-12-22,2026-01-15,TXN-202512-22009844,CUST-L3-009844,CLEAR-EOY-2568,1770.00,offline
688803022857,2025-12-22,2025-12-22,2026-01-15,TXN-202512-22010744,CUST-L3-010744,CLEAR-EOY-2568,25470.00,offline
37170031172,2025-12-22,2025-12-22,2026-01-15,TXN-202512-22014272,CUST-L3-014272,CLEAR-EOY-2568,1770.00,offline
651490442342,2025-12-22,2025-12-22,2026-01-15,TXN-202512-22015070,CUST-L3-015070,CLEAR-EOY-2568,31620.00,offline
400451426703,2025-12-22,2025-12-22,2026-01-15,TXN-202512-22021227,CUST-L3-021227,CLEAR-EOY-2568,64620.00,offline
857063664208,2025-12-22,2025-12-22,2026-01-15,TXN-202512-22028696,CUST-L3-028696,CLEAR-EOY-2568,25470.00,offline
203436223158,2025-12-22,2025-12-22,2026-01-15,TXN-202512-22029302,CUST-L3-029302,CLEAR-EOY-2568,33360.00,offline
184799380904,2025-12-23,2025-12-23,2026-01-15,TXN-202512-23009392,CUST-L3-009392,CLEAR-EOY-2568,1770.00,offline
817183317534,2025-12-23,2025-12-23,2026-01-15,TXN-202512-23011041,CUST-L3-011041,CLEAR-EOY-2568,31140.00,offline
394384189895,2025-12-23,2025-12-23,2026-01-15,TXN-202512-23011532,CUST-L3-011532,CLEAR-EOY-2568,1770.00,offline
952734920777,2025-12-23,2025-12-23,2026-01-15,TXN-202512-23013970,CUST-L3-013970,CLEAR-EOY-2568,25800.00,offline
568559449132,2025-12-23,2025-12-23,2026-01-15,TXN-202512-23017148,CUST-L3-017148,CLEAR-EOY-2568,31590.00,offline
585247184321,2025-12-23,2025-12-23,2026-01-15,TXN-202512-23018133,CUST-L3-018133,CLEAR-EOY-2568,29340.00,offline
739978991110,2025-12-23,2025-12-23,2026-01-15,TXN-202512-23018445,CUST-L3-018445,CLEAR-EOY-2568,32940.00,offline
951787122943,2025-12-23,2025-12-23,2026-01-15,TXN-202512-23018463,CUST-L3-018463,CLEAR-EOY-2568,5070.00,offline
402912892817,2025-12-23,2025-12-23,2026-01-15,TXN-202512-23022094,CUST-L3-022094,CLEAR-EOY-2568,1770.00,offline
70305493783,2025-12-23,2025-12-23,2026-01-15,TXN-202512-23025119,CUST-L3-025119,CLEAR-EOY-2568,25470.00,offline
277014795187,2025-12-23,2025-12-23,2026-01-15,TXN-202512-23026518,CUST-L3-026518,CLEAR-EOY-2568,62190.00,online
211038144134,2025-12-23,2025-12-23,2026-01-15,TXN-202512-23028671,CUST-L3-028671,CLEAR-EOY-2568,25470.00,offline
793043262608,2025-12-24,2025-12-24,2026-01-15,TXN-202512-24009294,CUST-L3-009294,CLEAR-EOY-2568,6540.00,online
292143008842,2025-12-24,2025-12-24,2026-01-15,TXN-202512-24015066,CUST-L3-015066,CLEAR-EOY-2568,34440.00,offline
314931820019,2025-12-24,2025-12-24,2026-01-15,TXN-202512-24015479,CUST-L3-015479,CLEAR-EOY-2568,10560.00,offline
161341242764,2025-12-24,2025-12-24,2026-01-15,TXN-202512-24016286,CUST-L3-016286,CLEAR-EOY-2568,31140.00,online
790580148139,2025-12-24,2025-12-24,2026-01-15,TXN-202512-24018416,CUST-L3-018416,CLEAR-EOY-2568,51270.00,offline
445996971187,2025-12-24,2025-12-24,2026-01-15,TXN-202512-24025251,CUST-L3-025251,CLEAR-EOY-2568,10260.00,offline
119249306182,2025-12-25,2025-12-25,2026-01-15,TXN-202512-25012765,CUST-L3-012765,CLEAR-EOY-2568,56490.00,offline
342098292244,2025-12-25,2025-12-25,2026-01-15,TXN-202512-25013558,CUST-L3-013558,CLEAR-EOY-2568,47790.00,online
1007329500298,2025-12-25,2025-12-25,2026-01-15,TXN-202512-25019227,CUST-L3-019227,CLEAR-EOY-2568,8610.00,offline
182412925792,2025-12-25,2025-12-25,2026-01-15,TXN-202512-25022061,CUST-L3-022061,CLEAR-EOY-2568,5070.00,offline
1097347963224,2025-12-26,2025-12-26,2026-01-15,TXN-202512-26004909,CUST-L3-004909,CLEAR-EOY-2568,29460.00,offline
127188476100,2025-12-26,2025-12-26,2026-01-15,TXN-202512-26005436,CUST-L3-005436,CLEAR-EOY-2568,32940.00,offline
922908350936,2025-12-26,2025-12-26,2026-01-15,TXN-202512-26006702,CUST-L3-006702,CLEAR-EOY-2568,27510.00,offline
1048245804952,2025-12-26,2025-12-26,2026-01-15,TXN-202512-26013628,CUST-L3-013628,CLEAR-EOY-2568,50850.00,offline
371485178558,2025-12-26,2025-12-26,2026-01-15,TXN-202512-26025713,CUST-L3-025713,CLEAR-EOY-2568,1770.00,offline
1054132539294,2025-12-26,2025-12-26,2026-01-15,TXN-202512-26026353,CUST-L3-026353,CLEAR-EOY-2568,25470.00,offline
830273611567,2025-12-27,2025-12-27,2026-01-15,TXN-202512-27002423,CUST-L3-002423,CLEAR-EOY-2568,1770.00,offline
579539734105,2025-12-27,2025-12-27,2026-01-15,TXN-202512-27007711,CUST-L3-007711,CLEAR-EOY-2568,3840.00,online
637894004503,2025-12-27,2025-12-27,2026-01-15,TXN-202512-27013952,CUST-L3-013952,CLEAR-EOY-2568,12210.00,offline
818167175109,2025-12-27,2025-12-27,2026-01-15,TXN-202512-27017718,CUST-L3-017718,CLEAR-EOY-2568,3240.00,offline
997360422477,2025-12-27,2025-12-27,2026-01-15,TXN-202512-27023631,CUST-L3-023631,CLEAR-EOY-2568,5070.00,offline
987787750873,2025-12-27,2025-12-27,2026-01-15,TXN-202512-27024401,CUST-L3-024401,CLEAR-EOY-2568,10260.00,offline
555096025966,2025-12-27,2025-12-27,2026-01-15,TXN-202512-27028292,CUST-L3-028292,CLEAR-EOY-2568,18780.00,offline
1066815317910,2025-12-27,2025-12-27,2026-01-15,TXN-202512-27028845,CUST-L3-028845,CLEAR-EOY-2568,32940.00,offline
368874866948,2025-12-28,2025-12-28,2026-01-15,TXN-202512-28004054,CUST-L3-004054,CLEAR-EOY-2568,52470.00,offline
335045514140,2025-12-28,2025-12-28,2026-01-15,TXN-202512-28005511,CUST-L3-005511,CLEAR-EOY-2568,29340.00,offline
268992580020,2025-12-28,2025-12-28,2026-01-15,TXN-202512-28014632,CUST-L3-014632,CLEAR-EOY-2568,16410.00,offline
661926476548,2025-12-28,2025-12-28,2026-01-15,TXN-202512-28021951,CUST-L3-021951,CLEAR-EOY-2568,43710.00,offline
775809615676,2025-12-28,2025-12-28,2026-01-15,TXN-202512-28023954,CUST-L3-023954,CLEAR-EOY-2568,5070.00,offline
576297224729,2025-12-28,2025-12-28,2026-01-15,TXN-202512-28025664,CUST-L3-025664,CLEAR-EOY-2568,1770.00,offline
51913489805,2025-12-28,2025-12-28,2026-01-15,TXN-202512-28028732,CUST-L3-028732,CLEAR-EOY-2568,20610.00,offline
2082373982,2025-12-28,2025-12-28,2026-01-15,TXN-202512-28029293,CUST-L3-029293,CLEAR-EOY-2568,25470.00,offline
650221293137,2025-12-29,2025-12-29,2026-01-15,TXN-202512-29003009,CUST-L3-003009,CLEAR-EOY-2568,25470.00,offline
78858420870,2025-12-29,2025-12-29,2026-01-15,TXN-202512-29009778,CUST-L3-009778,CLEAR-EOY-2568,25470.00,offline
407319718991,2025-12-29,2025-12-29,2026-01-15,TXN-202512-29020098,CUST-L3-020098,CLEAR-EOY-2568,7440.00,offline
1063900916164,2025-12-29,2025-12-29,2026-01-15,TXN-202512-29022322,CUST-L3-022322,CLEAR-EOY-2568,5070.00,offline
415700445351,2025-12-29,2025-12-29,2026-01-15,TXN-202512-29023219,CUST-L3-023219,CLEAR-EOY-2568,7440.00,offline
776875858916,2025-12-30,2025-12-30,2026-01-15,TXN-202512-30004730,CUST-L3-004730,CLEAR-EOY-2568,15360.00,offline
990580365709,2025-12-30,2025-12-30,2026-01-15,TXN-202512-30005126,CUST-L3-005126,CLEAR-EOY-2568,12210.00,online
146679720778,2025-12-30,2025-12-30,2026-01-15,TXN-202512-30024620,CUST-L3-024620,CLEAR-EOY-2568,3840.00,offline
174840446217,2025-12-30,2025-12-30,2026-01-15,TXN-202512-30025887,CUST-L3-025887,CLEAR-EOY-2568,6540.00,online
798594091413,2025-12-31,2025-12-31,2026-01-15,TXN-202512-31011415,CUST-L3-011415,CLEAR-EOY-2568,29340.00,offline
582398871932,2025-12-31,2025-12-31,2026-01-15,TXN-202512-31012646,CUST-L3-012646,CLEAR-EOY-2568,27600.00,offline
370573606459,2025-12-31,2025-12-31,2026-01-15,TXN-202512-31013737,CUST-L3-013737,CLEAR-EOY-2568,27540.00,offline
639324444049,2025-12-31,2025-12-31,2026-01-15,TXN-202512-31014378,CUST-L3-014378,CLEAR-EOY-2568,25470.00,online
31021241709,2025-12-31,2025-12-31,2026-01-15,TXN-202512-31015360,CUST-L3-015360,CLEAR-EOY-2568,27540.00,offline
223755415492,2025-12-31,2025-12-31,2026-01-15,TXN-202512-31016388,CUST-L3-016388,CLEAR-EOY-2568,19980.00,offline
666033032588,2025-12-31,2025-12-31,2026-01-15,TXN-202512-31020899,CUST-L3-020899,CLEAR-EOY-2568,34440.00,offline
37691459356,2025-12-31,2025-12-31,2026-01-15,TXN-202512-31026752,CUST-L3-026752,CLEAR-EOY-2568,5070.00,offline
959673607239,2025-12-31,2025-12-31,2026-01-15,TXN-202512-31028001,CUST-L3-028001,CLEAR-EOY-2568,53820.00,offline
