payment_id,business_event_date,posting_date,as_of_date,vendor_id,vendor_invoice_id,invoice_period_start,invoice_period_end,paid_amount_thb,vendor_contract_version_id,request_date,signing_employee_id,cosig_employee_id,bank_txn_id
VP-202401-8584003,2024-01-01,2024-01-01,2026-01-15,V-001,V-001-INV-2567-180460,2023-12-01,2023-12-31,85000.00,13,2024-01-01,EMP-L3-00005,,BT-202401-160695623562
VP-202401-14427228,2024-01-01,2024-01-01,2026-01-15,V-002,V-002-INV-2567-537043,2023-12-01,2023-12-31,42000.00,5,2024-01-01,EMP-L3-00005,,BT-202401-245384114094
VP-202401-13226606,2024-01-01,2024-01-01,2026-01-15,V-006,V-006-INV-2567-647668,2023-12-01,2023-12-31,18500.00,9,2024-01-01,EMP-L3-00005,,BT-202401-114016678594
VP-202401-11818583,2024-01-01,2024-01-01,2026-01-15,V-014,V-014-INV-2567-775657,2023-12-01,2023-12-31,16800.00,17,2024-01-01,EMP-L3-00005,,BT-202401-788599466404
VP-202401-11214155,2024-01-01,2024-01-04,2026-01-15,V-001,V-001-INV-2567-201847,2023-12-01,2023-12-31,85000.00,13,2024-01-04,EMP-L3-00005,,BT-202401-627319780108
VP-202401-7522911,2024-01-01,2024-01-04,2026-01-15,V-002,V-002-INV-2567-969199,2023-12-01,2023-12-31,42000.00,5,2024-01-04,EMP-L3-00005,,BT-202401-711348642225
VP-202401-3256864,2024-01-01,2024-01-04,2026-01-15,V-006,V-006-INV-2567-645184,2023-12-01,2023-12-31,18500.00,9,2024-01-04,EMP-L3-00005,,BT-202401-449452780983
VP-202401-3426051,2024-01-01,2024-01-04,2026-01-15,V-014,V-014-INV-2567-215369,2023-12-01,2023-12-31,16800.00,17,2024-01-04,EMP-L3-00005,,BT-202401-301970964246
VP-202401-1767490,2024-01-01,2024-01-08,2026-01-15,V-001,V-001-INV-2567-499067,2023-12-01,2023-12-31,85000.00,13,2024-01-08,EMP-L3-00005,,BT-202401-984835950238
VP-202401-10174133,2024-01-01,2024-01-08,2026-01-15,V-002,V-002-INV-2567-122791,2023-12-01,2023-12-31,42000.00,5,2024-01-08,EMP-L3-00005,,BT-202401-961550836893
VP-202401-2300443,2024-01-01,2024-01-08,2026-01-15,V-006,V-006-INV-2567-584602,2023-12-01,2023-12-31,18500.00,9,2024-01-08,EMP-L3-00005,,BT-202401-9524956016
VP-202401-8938453,2024-01-01,2024-01-08,2026-01-15,V-014,V-014-INV-2567-236232,2023-12-01,2023-12-31,16800.00,17,2024-01-08,EMP-L3-00005,,BT-202401-663672476521
VP-202401-9977403,2024-01-01,2024-01-11,2026-01-15,V-001,V-001-INV-2567-900773,2023-12-01,2023-12-31,85000.00,13,2024-01-11,EMP-L3-00005,,BT-202401-1066061805927
VP-202401-2372053,2024-01-01,2024-01-11,2026-01-15,V-002,V-002-INV-2567-949517,2023-12-01,2023-12-31,42000.00,5,2024-01-11,EMP-L3-00005,,BT-202401-169181680050
VP-202401-4500119,2024-01-01,2024-01-11,2026-01-15,V-006,V-006-INV-2567-669367,2023-12-01,2023-12-31,18500.00,9,2024-01-11,EMP-L3-00005,,BT-202401-599552576343
VP-202401-3775794,2024-01-01,2024-01-11,2026-01-15,V-014,V-014-INV-2567-853643,2023-12-01,2023-12-31,16800.00,17,2024-01-11,EMP-L3-00005,,BT-202401-1096940919472
VP-202401-14988297,2024-01-01,2024-01-15,2026-01-15,V-001,V-001-INV-2567-561978,2023-12-01,2023-12-31,85000.00,13,2024-01-15,EMP-L3-00005,,BT-202401-615292010297
VP-202401-9022555,2024-01-01,2024-01-15,2026-01-15,V-002,V-002-INV-2567-580912,2023-12-01,2023-12-31,42000.00,5,2024-01-15,EMP-L3-00005,,BT-202401-366225203698
VP-202401-6126073,2024-01-01,2024-01-15,2026-01-15,V-006,V-006-INV-2567-959989,2023-12-01,2023-12-31,18500.00,9,2024-01-15,EMP-L3-00005,,BT-202401-483923244226
VP-202401-368165,2024-01-01,2024-01-15,2026-01-15,V-014,V-014-INV-2567-540503,2023-12-01,2023-12-31,16800.00,17,2024-01-15,EMP-L3-00005,,BT-202401-441909776118
VP-202401-1423956,2024-01-01,2024-01-18,2026-01-15,V-001,V-001-INV-2567-701169,2023-12-01,2023-12-31,85000.00,13,2024-01-18,EMP-L3-00005,,BT-202401-52180700046
VP-202401-2727330,2024-01-01,2024-01-18,2026-01-15,V-002,V-002-INV-2567-147295,2023-12-01,2023-12-31,42000.00,5,2024-01-18,EMP-L3-00005,,BT-202401-516778343470
VP-202401-11915421,2024-01-01,2024-01-18,2026-01-15,V-006,V-006-INV-2567-407470,2023-12-01,2023-12-31,18500.00,9,2024-01-18,EMP-L3-00005,,BT-202401-858453135297
VP-202401-14911723,2024-01-01,2024-01-18,2026-01-15,V-014,V-014-INV-2567-763634,2023-12-01,2023-12-31,16800.00,17,2024-01-18,EMP-L3-00005,,BT-202401-233292583791
VP-202401-6305489,2024-01-01,2024-01-22,2026-01-15,V-001,V-001-INV-2567-825235,2023-12-01,2023-12-31,85000.00,13,2024-01-22,EMP-L3-00005,,BT-202401-662415724968
VP-202401-420640,2024-01-01,2024-01-22,2026-01-15,V-002,V-002-INV-2567-444103,2023-12-01,2023-12-31,42000.00,5,2024-01-22,EMP-L3-00005,,BT-202401-195822423646
VP-202401-9495684,2024-01-01,2024-01-22,2026-01-15,V-006,V-006-INV-2567-802112,2023-12-01,2023-12-31,18500.00,9,2024-01-22,EMP-L3-00005,,BT-202401-789514774690
VP-202401-628912,2024-01-01,2024-01-22,2026-01-15,V-014,V-014-INV-2567-448273,2023-12-01,2023-12-31,16800.00,17,2024-01-22,EMP-L3-00005,,BT-202401-992245722023
VP-202401-13189784,2024-01-01,2024-01-25,2026-01-15,V-001,V-001-INV-2567-685280,2023-12-01,2023-12-31,85000.00,13,2024-01-25,EMP-L3-00005,,BT-202401-463929202726
VP-202401-6143707,2024-01-01,2024-01-25,2026-01-15,V-002,V-002-INV-2567-778598,2023-12-01,2023-12-31,42000.00,5,2024-01-25,EMP-L3-00005,,BT-202401-57335223450
VP-202401-8545329,2024-01-01,2024-01-25,2026-01-15,V-006,V-006-INV-2567-567382,2023-12-01,2023-12-31,18500.00,9,2024-01-25,EMP-L3-00005,,BT-202401-512508707906
VP-202401-3801153,2024-01-01,2024-01-25,2026-01-15,V-014,V-014-INV-2567-987519,2023-12-01,2023-12-31,16800.00,17,2024-01-25,EMP-L3-00005,,BT-202401-234547279917
VP-202401-15225974,2024-01-01,2024-01-28,2026-01-15,V-013,V-013-INV-2567-683788,2023-12-01,2023-12-31,12500.00,1,2024-01-28,EMP-L3-00005,,BT-202401-752225238306
VP-202402-13632922,2024-01-31,2024-02-01,2026-01-15,V-001,V-001-INV-2567-317225,2024-01-01,2024-01-31,85000.00,13,2024-02-01,EMP-L3-00005,,BT-202402-489992320247
VP-202402-8028127,2024-01-31,2024-02-01,2026-01-15,V-002,V-002-INV-2567-935526,2024-01-01,2024-01-31,42000.00,5,2024-02-01,EMP-L3-00005,,BT-202402-918664373559
VP-202402-10330181,2024-01-31,2024-02-01,2026-01-15,V-006,V-006-INV-2567-637517,2024-01-01,2024-01-31,18500.00,9,2024-02-01,EMP-L3-00005,,BT-202402-627269380612
VP-202402-6994480,2024-01-31,2024-02-01,2026-01-15,V-014,V-014-INV-2567-558954,2024-01-01,2024-01-31,16800.00,17,2024-02-01,EMP-L3-00005,,BT-202402-72360288518
VP-202402-12474327,2024-01-31,2024-02-04,2026-01-15,V-001,V-001-INV-2567-403253,2024-01-01,2024-01-31,85000.00,13,2024-02-04,EMP-L3-00005,,BT-202402-298560493309
VP-202402-16384784,2024-01-31,2024-02-04,2026-01-15,V-002,V-002-INV-2567-331075,2024-01-01,2024-01-31,42000.00,5,2024-02-04,EMP-L3-00005,,BT-202402-765902418862
VP-202402-14616532,2024-01-31,2024-02-04,2026-01-15,V-006,V-006-INV-2567-200945,2024-01-01,2024-01-31,18500.00,9,2024-02-04,EMP-L3-00005,,BT-202402-548291682374
VP-202402-12110004,2024-01-31,2024-02-04,2026-01-15,V-014,V-014-INV-2567-434125,2024-01-01,2024-01-31,16800.00,17,2024-02-04,EMP-L3-00005,,BT-202402-282097852844
VP-202402-2267348,2024-01-31,2024-02-08,2026-01-15,V-001,V-001-INV-2567-64030,2024-01-01,2024-01-31,85000.00,13,2024-02-08,EMP-L3-00005,,BT-202402-305543407136
VP-202402-5456928,2024-01-31,2024-02-08,2026-01-15,V-002,V-002-INV-2567-389098,2024-01-01,2024-01-31,42000.00,5,2024-02-08,EMP-L3-00005,,BT-202402-271519841083
VP-202402-10407172,2024-01-31,2024-02-08,2026-01-15,V-006,V-006-INV-2567-512923,2024-01-01,2024-01-31,18500.00,9,2024-02-08,EMP-L3-00005,,BT-202402-340229529358
VP-202402-10805983,2024-01-31,2024-02-08,2026-01-15,V-014,V-014-INV-2567-693440,2024-01-01,2024-01-31,16800.00,17,2024-02-08,EMP-L3-00005,,BT-202402-924243903456
VP-202402-5596890,2024-01-31,2024-02-11,2026-01-15,V-001,V-001-INV-2567-115435,2024-01-01,2024-01-31,85000.00,13,2024-02-11,EMP-L3-00005,,BT-202402-580459663220
VP-202402-15179780,2024-01-31,2024-02-11,2026-01-15,V-002,V-002-INV-2567-504708,2024-01-01,2024-01-31,42000.00,5,2024-02-11,EMP-L3-00005,,BT-202402-51621006145
VP-202402-10312874,2024-01-31,2024-02-11,2026-01-15,V-006,V-006-INV-2567-212133,2024-01-01,2024-01-31,18500.00,9,2024-02-11,EMP-L3-00005,,BT-202402-370647819413
VP-202402-2178716,2024-01-31,2024-02-11,2026-01-15,V-014,V-014-INV-2567-223994,2024-01-01,2024-01-31,16800.00,17,2024-02-11,EMP-L3-00005,,BT-202402-685369058469
VP-202402-12380590,2024-01-31,2024-02-15,2026-01-15,V-001,V-001-INV-2567-230870,2024-01-01,2024-01-31,85000.00,13,2024-02-15,EMP-L3-00005,,BT-202402-482161811534
VP-202402-10054213,2024-01-31,2024-02-15,2026-01-15,V-002,V-002-INV-2567-359463,2024-01-01,2024-01-31,42000.00,5,2024-02-15,EMP-L3-00005,,BT-202402-1064861980949
VP-202402-12252985,2024-01-31,2024-02-15,2026-01-15,V-006,V-006-INV-2567-906389,2024-01-01,2024-01-31,18500.00,9,2024-02-15,EMP-L3-00005,,BT-202402-189139452400
VP-202402-5511501,2024-01-31,2024-02-15,2026-01-15,V-014,V-014-INV-2567-683215,2024-01-01,2024-01-31,16800.00,17,2024-02-15,EMP-L3-00005,,BT-202402-430003491642
VP-202402-4393814,2024-01-31,2024-02-18,2026-01-15,V-001,V-001-INV-2567-264634,2024-01-01,2024-01-31,85000.00,13,2024-02-18,EMP-L3-00005,,BT-202402-893322649284
VP-202402-756246,2024-01-31,2024-02-18,2026-01-15,V-002,V-002-INV-2567-345686,2024-01-01,2024-01-31,42000.00,5,2024-02-18,EMP-L3-00005,,BT-202402-1026050408180
VP-202402-1518210,2024-01-31,2024-02-18,2026-01-15,V-006,V-006-INV-2567-27959,2024-01-01,2024-01-31,18500.00,9,2024-02-18,EMP-L3-00005,,BT-202402-734835355289
VP-202402-12751799,2024-01-31,2024-02-18,2026-01-15,V-014,V-014-INV-2567-307440,2024-01-01,2024-01-31,16800.00,17,2024-02-18,EMP-L3-00005,,BT-202402-758038139005
VP-202402-7116221,2024-01-31,2024-02-22,2026-01-15,V-001,V-001-INV-2567-871357,2024-01-01,2024-01-31,85000.00,13,2024-02-22,EMP-L3-00005,,BT-202402-79336098019
VP-202402-3724887,2024-01-31,2024-02-22,2026-01-15,V-002,V-002-INV-2567-27563,2024-01-01,2024-01-31,42000.00,5,2024-02-22,EMP-L3-00005,,BT-202402-907183408016
VP-202402-7891281,2024-01-31,2024-02-22,2026-01-15,V-006,V-006-INV-2567-1023633,2024-01-01,2024-01-31,18500.00,9,2024-02-22,EMP-L3-00005,,BT-202402-1059755864293
VP-202402-324326,2024-01-31,2024-02-22,2026-01-15,V-014,V-014-INV-2567-926277,2024-01-01,2024-01-31,16800.00,17,2024-02-22,EMP-L3-00005,,BT-202402-414979858196
VP-202402-15830172,2024-01-31,2024-02-25,2026-01-15,V-001,V-001-INV-2567-611341,2024-01-01,2024-01-31,85000.00,13,2024-02-25,EMP-L3-00005,,BT-202402-730962007358
VP-202402-462859,2024-01-31,2024-02-25,2026-01-15,V-002,V-002-INV-2567-17967,2024-01-01,2024-01-31,42000.00,5,2024-02-25,EMP-L3-00005,,BT-202402-553788427407
VP-202402-6615196,2024-01-31,2024-02-25,2026-01-15,V-006,V-006-INV-2567-1006621,2024-01-01,2024-01-31,18500.00,9,2024-02-25,EMP-L3-00005,,BT-202402-1043537735217
VP-202402-5486923,2024-01-31,2024-02-25,2026-01-15,V-014,V-014-INV-2567-708811,2024-01-01,2024-01-31,16800.00,17,2024-02-25,EMP-L3-00005,,BT-202402-221715154684
VP-202402-608580,2024-01-31,2024-02-28,2026-01-15,V-013,V-013-INV-2567-226313,2024-01-01,2024-01-31,12500.00,1,2024-02-28,EMP-L3-00005,,BT-202402-340727329532
VP-202403-14539310,2024-02-29,2024-03-01,2026-01-15,V-001,V-001-INV-2567-623158,2024-02-01,2024-02-29,85000.00,13,2024-03-01,EMP-L3-00005,,BT-202403-806126685983
VP-202403-15293427,2024-02-29,2024-03-01,2026-01-15,V-002,V-002-INV-2567-652002,2024-02-01,2024-02-29,42000.00,5,2024-03-01,EMP-L3-00005,,BT-202403-487113534173
VP-202403-13905593,2024-02-29,2024-03-01,2026-01-15,V-006,V-006-INV-2567-740846,2024-02-01,2024-02-29,18500.00,9,2024-03-01,EMP-L3-00005,,BT-202403-816109340258
VP-202403-9451300,2024-02-29,2024-03-01,2026-01-15,V-014,V-014-INV-2567-879963,2024-02-01,2024-02-29,16800.00,17,2024-03-01,EMP-L3-00005,,BT-202403-32690865995
VP-202403-7906542,2024-02-29,2024-03-04,2026-01-15,V-001,V-001-INV-2567-211363,2024-02-01,2024-02-29,85000.00,13,2024-03-04,EMP-L3-00005,,BT-202403-639657224221
VP-202403-15221773,2024-02-29,2024-03-04,2026-01-15,V-002,V-002-INV-2567-98297,2024-02-01,2024-02-29,42000.00,5,2024-03-04,EMP-L3-00005,,BT-202403-759331799405
VP-202403-1641254,2024-02-29,2024-03-04,2026-01-15,V-006,V-006-INV-2567-18544,2024-02-01,2024-02-29,18500.00,9,2024-03-04,EMP-L3-00005,,BT-202403-256577750984
VP-202403-6327303,2024-02-29,2024-03-04,2026-01-15,V-014,V-014-INV-2567-213360,2024-02-01,2024-02-29,16800.00,17,2024-03-04,EMP-L3-00005,,BT-202403-827130140907
VP-202403-16587410,2024-02-29,2024-03-08,2026-01-15,V-001,V-001-INV-2567-475232,2024-02-01,2024-02-29,85000.00,13,2024-03-08,EMP-L3-00005,,BT-202403-315419916693
VP-202403-12236140,2024-02-29,2024-03-08,2026-01-15,V-002,V-002-INV-2567-484682,2024-02-01,2024-02-29,42000.00,5,2024-03-08,EMP-L3-00005,,BT-202403-656627070863
VP-202403-11173797,2024-02-29,2024-03-08,2026-01-15,V-006,V-006-INV-2567-02257,2024-02-01,2024-02-29,18500.00,9,2024-03-08,EMP-L3-00005,,BT-202403-697290238442
VP-202403-10344072,2024-02-29,2024-03-08,2026-01-15,V-014,V-014-INV-2567-389318,2024-02-01,2024-02-29,16800.00,17,2024-03-08,EMP-L3-00005,,BT-202403-38048505414
VP-202403-14389596,2024-02-29,2024-03-11,2026-01-15,V-001,V-001-INV-2567-772071,2024-02-01,2024-02-29,85000.00,13,2024-03-11,EMP-L3-00005,,BT-202403-1071640195004
VP-202403-16709040,2024-02-29,2024-03-11,2026-01-15,V-002,V-002-INV-2567-307172,2024-02-01,2024-02-29,42000.00,5,2024-03-11,EMP-L3-00005,,BT-202403-807912104725
VP-202403-335018,2024-02-29,2024-03-11,2026-01-15,V-006,V-006-INV-2567-289091,2024-02-01,2024-02-29,18500.00,9,2024-03-11,EMP-L3-00005,,BT-202403-517238159698
VP-202403-10853081,2024-02-29,2024-03-11,2026-01-15,V-014,V-014-INV-2567-331596,2024-02-01,2024-02-29,16800.00,17,2024-03-11,EMP-L3-00005,,BT-202403-116131647618
VP-202403-8927732,2024-02-29,2024-03-15,2026-01-15,V-001,V-001-INV-2567-234587,2024-02-01,2024-02-29,85000.00,13,2024-03-15,EMP-L3-00005,,BT-202403-667238549636
VP-202403-14139031,2024-02-29,2024-03-15,2026-01-15,V-002,V-002-INV-2567-381013,2024-02-01,2024-02-29,42000.00,5,2024-03-15,EMP-L3-00005,,BT-202403-517821172003
VP-202403-2628693,2024-02-29,2024-03-15,2026-01-15,V-006,V-006-INV-2567-519164,2024-02-01,2024-02-29,18500.00,9,2024-03-15,EMP-L3-00005,,BT-202403-447159071078
VP-202403-4420947,2024-02-29,2024-03-15,2026-01-15,V-014,V-014-INV-2567-906927,2024-02-01,2024-02-29,16800.00,17,2024-03-15,EMP-L3-00005,,BT-202403-1061627116631
VP-202403-3163231,2024-02-29,2024-03-18,2026-01-15,V-001,V-001-INV-2567-894537,2024-02-01,2024-02-29,85000.00,13,2024-03-18,EMP-L3-00005,,BT-202403-891315975349
VP-202403-5590848,2024-02-29,2024-03-18,2026-01-15,V-002,V-002-INV-2567-232850,2024-02-01,2024-02-29,42000.00,5,2024-03-18,EMP-L3-00005,,BT-202403-276491153873
VP-202403-157813,2024-02-29,2024-03-18,2026-01-15,V-006,V-006-INV-2567-864671,2024-02-01,2024-02-29,18500.00,9,2024-03-18,EMP-L3-00005,,BT-202403-964911933886
VP-202403-11981605,2024-02-29,2024-03-18,2026-01-15,V-014,V-014-INV-2567-635387,2024-02-01,2024-02-29,16800.00,17,2024-03-18,EMP-L3-00005,,BT-202403-207007630133
VP-202403-12655081,2024-02-29,2024-03-22,2026-01-15,V-001,V-001-INV-2567-326323,2024-02-01,2024-02-29,85000.00,13,2024-03-22,EMP-L3-00005,,BT-202403-719207973902
VP-202403-14780695,2024-02-29,2024-03-22,2026-01-15,V-002,V-002-INV-2567-484503,2024-02-01,2024-02-29,42000.00,5,2024-03-22,EMP-L3-00005,,BT-202403-170042473727
VP-202403-3840576,2024-02-29,2024-03-22,2026-01-15,V-006,V-006-INV-2567-357251,2024-02-01,2024-02-29,18500.00,9,2024-03-22,EMP-L3-00005,,BT-202403-569498152773
VP-202403-8059580,2024-02-29,2024-03-22,2026-01-15,V-014,V-014-INV-2567-725107,2024-02-01,2024-02-29,16800.00,17,2024-03-22,EMP-L3-00005,,BT-202403-698141882678
VP-202403-4298865,2024-02-29,2024-03-25,2026-01-15,V-001,V-001-INV-2567-204538,2024-02-01,2024-02-29,85000.00,13,2024-03-25,EMP-L3-00005,,BT-202403-590135159287
VP-202403-2472918,2024-02-29,2024-03-25,2026-01-15,V-002,V-002-INV-2567-219392,2024-02-01,2024-02-29,42000.00,5,2024-03-25,EMP-L3-00005,,BT-202403-780963104987
VP-202403-1801328,2024-02-29,2024-03-25,2026-01-15,V-006,V-006-INV-2567-614663,2024-02-01,2024-02-29,18500.00,9,2024-03-25,EMP-L3-00005,,BT-202403-659027137246
VP-202403-975247,2024-02-29,2024-03-25,2026-01-15,V-014,V-014-INV-2567-970269,2024-02-01,2024-02-29,16800.00,17,2024-03-25,EMP-L3-00005,,BT-202403-239626995506
VP-202403-129763,2024-02-29,2024-03-28,2026-01-15,V-013,V-013-INV-2567-942163,2024-02-01,2024-02-29,12500.00,1,2024-03-28,EMP-L3-00005,,BT-202403-446129582135
VP-202404-13460544,2024-03-31,2024-04-01,2026-01-15,V-001,V-001-INV-2567-500051,2024-03-01,2024-03-31,85000.00,13,2024-04-01,EMP-L3-00005,,BT-202404-169015364868
VP-202404-3679847,2024-03-31,2024-04-01,2026-01-15,V-002,V-002-INV-2567-688697,2024-03-01,2024-03-31,42000.00,5,2024-04-01,EMP-L3-00005,,BT-202404-369422889196
VP-202404-15980668,2024-03-31,2024-04-01,2026-01-15,V-006,V-006-INV-2567-159054,2024-03-01,2024-03-31,18500.00,9,2024-04-01,EMP-L3-00005,,BT-202404-830024813666
VP-202404-10938245,2024-03-31,2024-04-01,2026-01-15,V-014,V-014-INV-2567-310384,2024-03-01,2024-03-31,16800.00,17,2024-04-01,EMP-L3-00005,,BT-202404-338914866339
VP-202404-11850246,2024-03-31,2024-04-04,2026-01-15,V-001,V-001-INV-2567-515498,2024-03-01,2024-03-31,85000.00,13,2024-04-04,EMP-L3-00005,,BT-202404-705855435858
VP-202404-5091293,2024-03-31,2024-04-04,2026-01-15,V-002,V-002-INV-2567-146522,2024-03-01,2024-03-31,42000.00,5,2024-04-04,EMP-L3-00005,,BT-202404-718435851684
VP-202404-1641501,2024-03-31,2024-04-04,2026-01-15,V-006,V-006-INV-2567-854594,2024-03-01,2024-03-31,18500.00,9,2024-04-04,EMP-L3-00005,,BT-202404-78895625530
VP-202404-8205040,2024-03-31,2024-04-04,2026-01-15,V-014,V-014-INV-2567-376099,2024-03-01,2024-03-31,16800.00,17,2024-04-04,EMP-L3-00005,,BT-202404-447026740173
VP-202404-3506181,2024-03-31,2024-04-08,2026-01-15,V-001,V-001-INV-2567-941701,2024-03-01,2024-03-31,85000.00,13,2024-04-08,EMP-L3-00005,,BT-202404-870854807135
VP-202404-14160808,2024-03-31,2024-04-08,2026-01-15,V-002,V-002-INV-2567-242907,2024-03-01,2024-03-31,42000.00,5,2024-04-08,EMP-L3-00005,,BT-202404-412654435180
VP-202404-5208781,2024-03-31,2024-04-08,2026-01-15,V-006,V-006-INV-2567-158218,2024-03-01,2024-03-31,18500.00,9,2024-04-08,EMP-L3-00005,,BT-202404-331881641756
VP-202404-2636477,2024-03-31,2024-04-08,2026-01-15,V-014,V-014-INV-2567-212582,2024-03-01,2024-03-31,16800.00,17,2024-04-08,EMP-L3-00005,,BT-202404-109561386820
VP-202404-363924,2024-03-31,2024-04-11,2026-01-15,V-001,V-001-INV-2567-939854,2024-03-01,2024-03-31,85000.00,13,2024-04-11,EMP-L3-00005,,BT-202404-894866465587
VP-202404-7985620,2024-03-31,2024-04-11,2026-01-15,V-002,V-002-INV-2567-344170,2024-03-01,2024-03-31,42000.00,5,2024-04-11,EMP-L3-00005,,BT-202404-416930141578
VP-202404-3093602,2024-03-31,2024-04-11,2026-01-15,V-006,V-006-INV-2567-336644,2024-03-01,2024-03-31,18500.00,9,2024-04-11,EMP-L3-00005,,BT-202404-324757548819
VP-202404-14992428,2024-03-31,2024-04-11,2026-01-15,V-014,V-014-INV-2567-932065,2024-03-01,2024-03-31,16800.00,17,2024-04-11,EMP-L3-00005,,BT-202404-478198720807
VP-202404-13292338,2024-03-31,2024-04-15,2026-01-15,V-001,V-001-INV-2567-29028,2024-03-01,2024-03-31,85000.00,13,2024-04-15,EMP-L3-00005,,BT-202404-747481766938
VP-202404-1105148,2024-03-31,2024-04-15,2026-01-15,V-002,V-002-INV-2567-450700,2024-03-01,2024-03-31,42000.00,5,2024-04-15,EMP-L3-00005,,BT-202404-974790848623
VP-202404-10228271,2024-03-31,2024-04-15,2026-01-15,V-006,V-006-INV-2567-793982,2024-03-01,2024-03-31,18500.00,9,2024-04-15,EMP-L3-00005,,BT-202404-529360556787
VP-202404-9951548,2024-03-31,2024-04-15,2026-01-15,V-014,V-014-INV-2567-236129,2024-03-01,2024-03-31,16800.00,17,2024-04-15,EMP-L3-00005,,BT-202404-320629938320
VP-202404-3699370,2024-03-31,2024-04-18,2026-01-15,V-001,V-001-INV-2567-287819,2024-03-01,2024-03-31,85000.00,13,2024-04-18,EMP-L3-00005,,BT-202404-404099743852
VP-202404-8702857,2024-03-31,2024-04-18,2026-01-15,V-002,V-002-INV-2567-781654,2024-03-01,2024-03-31,42000.00,5,2024-04-18,EMP-L3-00005,,BT-202404-938060545837
VP-202404-2739506,2024-03-31,2024-04-18,2026-01-15,V-006,V-006-INV-2567-1010219,2024-03-01,2024-03-31,18500.00,9,2024-04-18,EMP-L3-00005,,BT-202404-629827510201
VP-202404-1249389,2024-03-31,2024-04-18,2026-01-15,V-014,V-014-INV-2567-814073,2024-03-01,2024-03-31,16800.00,17,2024-04-18,EMP-L3-00005,,BT-202404-652146311716
VP-202404-1547517,2024-03-31,2024-04-22,2026-01-15,V-001,V-001-INV-2567-131480,2024-03-01,2024-03-31,85000.00,13,2024-04-22,EMP-L3-00005,,BT-202404-642634685428
VP-202404-5697394,2024-03-31,2024-04-22,2026-01-15,V-002,V-002-INV-2567-86757,2024-03-01,2024-03-31,42000.00,5,2024-04-22,EMP-L3-00005,,BT-202404-871366747639
VP-202404-16304813,2024-03-31,2024-04-22,2026-01-15,V-006,V-006-INV-2567-933470,2024-03-01,2024-03-31,18500.00,9,2024-04-22,EMP-L3-00005,,BT-202404-1024325814139
VP-202404-8346682,2024-03-31,2024-04-22,2026-01-15,V-014,V-014-INV-2567-248444,2024-03-01,2024-03-31,16800.00,17,2024-04-22,EMP-L3-00005,,BT-202404-1080868961796
VP-202404-10906945,2024-03-31,2024-04-25,2026-01-15,V-001,V-001-INV-2567-241193,2024-03-01,2024-03-31,85000.00,13,2024-04-25,EMP-L3-00005,,BT-202404-26203676033
VP-202404-1727222,2024-03-31,2024-04-25,2026-01-15,V-002,V-002-INV-2567-643046,2024-03-01,2024-03-31,42000.00,5,2024-04-25,EMP-L3-00005,,BT-202404-14130240894
VP-202404-4248959,2024-03-31,2024-04-25,2026-01-15,V-006,V-006-INV-2567-229003,2024-03-01,2024-03-31,18500.00,9,2024-04-25,EMP-L3-00005,,BT-202404-836958990313
VP-202404-16051478,2024-03-31,2024-04-25,2026-01-15,V-014,V-014-INV-2567-433777,2024-03-01,2024-03-31,16800.00,17,2024-04-25,EMP-L3-00005,,BT-202404-295623955565
VP-202404-14107276,2024-03-31,2024-04-28,2026-01-15,V-013,V-013-INV-2567-114868,2024-03-01,2024-03-31,12500.00,1,2024-04-28,EMP-L3-00005,,BT-202404-418539879125
VP-202405-11817984,2024-04-30,2024-05-01,2026-01-15,V-001,V-001-INV-2567-980348,2024-04-01,2024-04-30,85000.00,13,2024-05-01,EMP-L3-00005,,BT-202405-795843567193
VP-202405-8679402,2024-04-30,2024-05-01,2026-01-15,V-002,V-002-INV-2567-404667,2024-04-01,2024-04-30,42000.00,5,2024-05-01,EMP-L3-00005,,BT-202405-140792161620
VP-202405-553619,2024-04-30,2024-05-01,2026-01-15,V-006,V-006-INV-2567-610493,2024-04-01,2024-04-30,18500.00,9,2024-05-01,EMP-L3-00005,,BT-202405-121123814651
VP-202405-10552266,2024-04-30,2024-05-01,2026-01-15,V-014,V-014-INV-2567-360350,2024-04-01,2024-04-30,16800.00,17,2024-05-01,EMP-L3-00005,,BT-202405-968468210084
VP-202405-2725189,2024-04-30,2024-05-04,2026-01-15,V-001,V-001-INV-2567-863770,2024-04-01,2024-04-30,85000.00,13,2024-05-04,EMP-L3-00005,,BT-202405-1005752727967
VP-202405-1168202,2024-04-30,2024-05-04,2026-01-15,V-002,V-002-INV-2567-587816,2024-04-01,2024-04-30,42000.00,5,2024-05-04,EMP-L3-00005,,BT-202405-859383634531
VP-202405-10569650,2024-04-30,2024-05-04,2026-01-15,V-006,V-006-INV-2567-733271,2024-04-01,2024-04-30,18500.00,9,2024-05-04,EMP-L3-00005,,BT-202405-236360382948
VP-202405-8113907,2024-04-30,2024-05-04,2026-01-15,V-014,V-014-INV-2567-362500,2024-04-01,2024-04-30,16800.00,17,2024-05-04,EMP-L3-00005,,BT-202405-1011299675743
VP-202405-16542933,2024-04-30,2024-05-08,2026-01-15,V-001,V-001-INV-2567-450031,2024-04-01,2024-04-30,85000.00,13,2024-05-08,EMP-L3-00005,,BT-202405-896555261138
VP-202405-15096831,2024-04-30,2024-05-08,2026-01-15,V-002,V-002-INV-2567-859017,2024-04-01,2024-04-30,42000.00,5,2024-05-08,EMP-L3-00005,,BT-202405-405404512434
VP-202405-4084815,2024-04-30,2024-05-08,2026-01-15,V-006,V-006-INV-2567-768970,2024-04-01,2024-04-30,18500.00,9,2024-05-08,EMP-L3-00005,,BT-202405-478915901911
VP-202405-236017,2024-04-30,2024-05-08,2026-01-15,V-014,V-014-INV-2567-601322,2024-04-01,2024-04-30,16800.00,17,2024-05-08,EMP-L3-00005,,BT-202405-893398411587
VP-202405-5845795,2024-04-30,2024-05-11,2026-01-15,V-001,V-001-INV-2567-121804,2024-04-01,2024-04-30,85000.00,13,2024-05-11,EMP-L3-00005,,BT-202405-790780389832
VP-202405-15501649,2024-04-30,2024-05-11,2026-01-15,V-002,V-002-INV-2567-09206,2024-04-01,2024-04-30,42000.00,5,2024-05-11,EMP-L3-00005,,BT-202405-488550889456
VP-202405-11795203,2024-04-30,2024-05-11,2026-01-15,V-006,V-006-INV-2567-1035689,2024-04-01,2024-04-30,18500.00,9,2024-05-11,EMP-L3-00005,,BT-202405-276096493399
VP-202405-6418270,2024-04-30,2024-05-11,2026-01-15,V-014,V-014-INV-2567-395715,2024-04-01,2024-04-30,16800.00,17,2024-05-11,EMP-L3-00005,,BT-202405-941863006093
VP-202405-10669899,2024-04-30,2024-05-15,2026-01-15,V-001,V-001-INV-2567-760042,2024-04-01,2024-04-30,85000.00,13,2024-05-15,EMP-L3-00005,,BT-202405-433259701790
VP-202405-14549501,2024-04-30,2024-05-15,2026-01-15,V-002,V-002-INV-2567-970919,2024-04-01,2024-04-30,42000.00,5,2024-05-15,EMP-L3-00005,,BT-202405-145564756403
VP-202405-10926496,2024-04-30,2024-05-15,2026-01-15,V-006,V-006-INV-2567-736880,2024-04-01,2024-04-30,18500.00,9,2024-05-15,EMP-L3-00005,,BT-202405-717849472672
VP-202405-11608485,2024-04-30,2024-05-15,2026-01-15,V-014,V-014-INV-2567-246625,2024-04-01,2024-04-30,16800.00,17,2024-05-15,EMP-L3-00005,,BT-202405-1041964642614
VP-202405-3545443,2024-04-30,2024-05-18,2026-01-15,V-001,V-001-INV-2567-125301,2024-04-01,2024-04-30,85000.00,13,2024-05-18,EMP-L3-00005,,BT-202405-216429240881
VP-202405-2833864,2024-04-30,2024-05-18,2026-01-15,V-002,V-002-INV-2567-192906,2024-04-01,2024-04-30,42000.00,5,2024-05-18,EMP-L3-00005,,BT-202405-497876867353
VP-202405-13607176,2024-04-30,2024-05-18,2026-01-15,V-006,V-006-INV-2567-759755,2024-04-01,2024-04-30,18500.00,9,2024-05-18,EMP-L3-00005,,BT-202405-707766606804
VP-202405-1955246,2024-04-30,2024-05-18,2026-01-15,V-014,V-014-INV-2567-730240,2024-04-01,2024-04-30,16800.00,17,2024-05-18,EMP-L3-00005,,BT-202405-969854610926
VP-202405-9011717,2024-04-30,2024-05-22,2026-01-15,V-001,V-001-INV-2567-710984,2024-04-01,2024-04-30,85000.00,13,2024-05-22,EMP-L3-00005,,BT-202405-275308383874
VP-202405-9954837,2024-04-30,2024-05-22,2026-01-15,V-002,V-002-INV-2567-739819,2024-04-01,2024-04-30,42000.00,5,2024-05-22,EMP-L3-00005,,BT-202405-204550858847
VP-202405-8416405,2024-04-30,2024-05-22,2026-01-15,V-006,V-006-INV-2567-634579,2024-04-01,2024-04-30,18500.00,9,2024-05-22,EMP-L3-00005,,BT-202405-821405229726
VP-202405-8842681,2024-04-30,2024-05-22,2026-01-15,V-014,V-014-INV-2567-672542,2024-04-01,2024-04-30,16800.00,17,2024-05-22,EMP-L3-00005,,BT-202405-228389914212
VP-202405-16231461,2024-04-30,2024-05-25,2026-01-15,V-001,V-001-INV-2567-848843,2024-04-01,2024-04-30,85000.00,13,2024-05-25,EMP-L3-00005,,BT-202405-616592512912
VP-202405-16666998,2024-04-30,2024-05-25,2026-01-15,V-002,V-002-INV-2567-756441,2024-04-01,2024-04-30,42000.00,5,2024-05-25,EMP-L3-00005,,BT-202405-864205276652
VP-202405-7751473,2024-04-30,2024-05-25,2026-01-15,V-006,V-006-INV-2567-971419,2024-04-01,2024-04-30,18500.00,9,2024-05-25,EMP-L3-00005,,BT-202405-937562938119
VP-202405-8189076,2024-04-30,2024-05-25,2026-01-15,V-014,V-014-INV-2567-991952,2024-04-01,2024-04-30,16800.00,17,2024-05-25,EMP-L3-00005,,BT-202405-361133355642
VP-202405-10772626,2024-04-30,2024-05-28,2026-01-15,V-013,V-013-INV-2567-592574,2024-04-01,2024-04-30,12500.00,1,2024-05-28,EMP-L3-00005,,BT-202405-855303394774
VP-202406-14629060,2024-05-31,2024-06-01,2026-01-15,V-001,V-001-INV-2567-735242,2024-05-01,2024-05-31,85000.00,13,2024-06-01,EMP-L3-00005,,BT-202406-274759765193
VP-202406-13031477,2024-05-31,2024-06-01,2026-01-15,V-002,V-002-INV-2567-619689,2024-05-01,2024-05-31,42000.00,5,2024-06-01,EMP-L3-00005,,BT-202406-881821098242
VP-202406-11445332,2024-05-31,2024-06-01,2026-01-15,V-006,V-006-INV-2567-523354,2024-05-01,2024-05-31,18500.00,9,2024-06-01,EMP-L3-00005,,BT-202406-924550187590
VP-202406-7307943,2024-05-31,2024-06-01,2026-01-15,V-014,V-014-INV-2567-482593,2024-05-01,2024-05-31,16800.00,17,2024-06-01,EMP-L3-00005,,BT-202406-839075327070
VP-202406-14172508,2024-05-31,2024-06-04,2026-01-15,V-001,V-001-INV-2567-955222,2024-05-01,2024-05-31,85000.00,13,2024-06-04,EMP-L3-00005,,BT-202406-91451919166
VP-202406-8419096,2024-05-31,2024-06-04,2026-01-15,V-002,V-002-INV-2567-384963,2024-05-01,2024-05-31,42000.00,5,2024-06-04,EMP-L3-00005,,BT-202406-1034971045841
VP-202406-2511175,2024-05-31,2024-06-04,2026-01-15,V-006,V-006-INV-2567-431080,2024-05-01,2024-05-31,18500.00,9,2024-06-04,EMP-L3-00005,,BT-202406-838441811948
VP-202406-12327883,2024-05-31,2024-06-04,2026-01-15,V-014,V-014-INV-2567-922630,2024-05-01,2024-05-31,16800.00,17,2024-06-04,EMP-L3-00005,,BT-202406-381374422853
VP-202406-10944392,2024-05-31,2024-06-08,2026-01-15,V-001,V-001-INV-2567-651198,2024-05-01,2024-05-31,85000.00,13,2024-06-08,EMP-L3-00005,,BT-202406-297049170247
VP-202406-2972742,2024-05-31,2024-06-08,2026-01-15,V-002,V-002-INV-2567-298627,2024-05-01,2024-05-31,42000.00,5,2024-06-08,EMP-L3-00005,,BT-202406-984776882403
VP-202406-13109529,2024-05-31,2024-06-08,2026-01-15,V-006,V-006-INV-2567-322889,2024-05-01,2024-05-31,18500.00,9,2024-06-08,EMP-L3-00005,,BT-202406-284435247781
VP-202406-1993992,2024-05-31,2024-06-08,2026-01-15,V-014,V-014-INV-2567-516040,2024-05-01,2024-05-31,16800.00,17,2024-06-08,EMP-L3-00005,,BT-202406-957983738119
VP-202406-9626714,2024-05-31,2024-06-11,2026-01-15,V-001,V-001-INV-2567-206528,2024-05-01,2024-05-31,85000.00,13,2024-06-11,EMP-L3-00005,,BT-202406-247817086351
VP-202406-14794263,2024-05-31,2024-06-11,2026-01-15,V-002,V-002-INV-2567-405141,2024-05-01,2024-05-31,42000.00,5,2024-06-11,EMP-L3-00005,,BT-202406-713408146084
VP-202406-187727,2024-05-31,2024-06-11,2026-01-15,V-006,V-006-INV-2567-120387,2024-05-01,2024-05-31,18500.00,9,2024-06-11,EMP-L3-00005,,BT-202406-1087860230284
VP-202406-2389258,2024-05-31,2024-06-11,2026-01-15,V-014,V-014-INV-2567-55937,2024-05-01,2024-05-31,16800.00,17,2024-06-11,EMP-L3-00005,,BT-202406-164558260581
VP-202406-14462896,2024-05-31,2024-06-15,2026-01-15,V-001,V-001-INV-2567-610353,2024-05-01,2024-05-31,85000.00,13,2024-06-15,EMP-L3-00005,,BT-202406-178296666675
VP-202406-13835953,2024-05-31,2024-06-15,2026-01-15,V-002,V-002-INV-2567-672926,2024-05-01,2024-05-31,42000.00,5,2024-06-15,EMP-L3-00005,,BT-202406-514494816763
VP-202406-5410172,2024-05-31,2024-06-15,2026-01-15,V-006,V-006-INV-2567-454915,2024-05-01,2024-05-31,18500.00,9,2024-06-15,EMP-L3-00005,,BT-202406-925752368274
VP-202406-14314083,2024-05-31,2024-06-15,2026-01-15,V-014,V-014-INV-2567-907145,2024-05-01,2024-05-31,16800.00,17,2024-06-15,EMP-L3-00005,,BT-202406-79565144201
VP-202406-049742,2024-05-31,2024-06-18,2026-01-15,V-001,V-001-INV-2567-140036,2024-05-01,2024-05-31,85000.00,13,2024-06-18,EMP-L3-00005,,BT-202406-1018021430075
VP-202406-4216292,2024-05-31,2024-06-18,2026-01-15,V-002,V-002-INV-2567-927602,2024-05-01,2024-05-31,42000.00,5,2024-06-18,EMP-L3-00005,,BT-202406-749937325280
VP-202406-6575573,2024-05-31,2024-06-18,2026-01-15,V-006,V-006-INV-2567-553480,2024-05-01,2024-05-31,18500.00,9,2024-06-18,EMP-L3-00005,,BT-202406-448754051134
VP-202406-7054295,2024-05-31,2024-06-18,2026-01-15,V-014,V-014-INV-2567-383399,2024-05-01,2024-05-31,16800.00,17,2024-06-18,EMP-L3-00005,,BT-202406-141435615542
VP-202406-4647046,2024-05-31,2024-06-22,2026-01-15,V-001,V-001-INV-2567-126247,2024-05-01,2024-05-31,85000.00,13,2024-06-22,EMP-L3-00005,,BT-202406-161075859968
VP-202406-7340524,2024-05-31,2024-06-22,2026-01-15,V-002,V-002-INV-2567-752283,2024-05-01,2024-05-31,42000.00,5,2024-06-22,EMP-L3-00005,,BT-202406-161697901596
VP-202406-1871390,2024-05-31,2024-06-22,2026-01-15,V-006,V-006-INV-2567-816385,2024-05-01,2024-05-31,18500.00,9,2024-06-22,EMP-L3-00005,,BT-202406-5096167244
VP-202406-6370310,2024-05-31,2024-06-22,2026-01-15,V-014,V-014-INV-2567-672117,2024-05-01,2024-05-31,16800.00,17,2024-06-22,EMP-L3-00005,,BT-202406-590679100526
VP-202406-9427305,2024-05-31,2024-06-25,2026-01-15,V-001,V-001-INV-2567-999814,2024-05-01,2024-05-31,85000.00,13,2024-06-25,EMP-L3-00005,,BT-202406-267917096519
VP-202406-1362586,2024-05-31,2024-06-25,2026-01-15,V-002,V-002-INV-2567-319644,2024-05-01,2024-05-31,42000.00,5,2024-06-25,EMP-L3-00005,,BT-202406-538136512739
VP-202406-10309863,2024-05-31,2024-06-25,2026-01-15,V-006,V-006-INV-2567-1003713,2024-05-01,2024-05-31,18500.00,9,2024-06-25,EMP-L3-00005,,BT-202406-1046346630262
VP-202406-11939083,2024-05-31,2024-06-25,2026-01-15,V-014,V-014-INV-2567-644810,2024-05-01,2024-05-31,16800.00,17,2024-06-25,EMP-L3-00005,,BT-202406-713689163694
VP-202406-12849536,2024-05-31,2024-06-28,2026-01-15,V-013,V-013-INV-2567-380558,2024-05-01,2024-05-31,12500.00,1,2024-06-28,EMP-L3-00005,,BT-202406-491840410841
VP-202407-9398293,2024-06-30,2024-07-01,2026-01-15,V-001,V-001-INV-2567-256152,2024-06-01,2024-06-30,85000.00,13,2024-07-01,EMP-L3-00005,,BT-202407-353071505930
VP-202407-7948101,2024-06-30,2024-07-01,2026-01-15,V-002,V-002-INV-2567-1025907,2024-06-01,2024-06-30,42000.00,5,2024-07-01,EMP-L3-00005,,BT-202407-868261346609
VP-202407-2480639,2024-06-30,2024-07-01,2026-01-15,V-006,V-006-INV-2567-1026768,2024-06-01,2024-06-30,18500.00,9,2024-07-01,EMP-L3-00005,,BT-202407-142983931895
VP-202407-6193432,2024-06-30,2024-07-01,2026-01-15,V-014,V-014-INV-2567-916050,2024-06-01,2024-06-30,16800.00,17,2024-07-01,EMP-L3-00005,,BT-202407-433618928503
VP-202407-10436417,2024-06-30,2024-07-04,2026-01-15,V-001,V-001-INV-2567-98490,2024-06-01,2024-06-30,85000.00,13,2024-07-04,EMP-L3-00005,,BT-202407-620599956595
VP-202407-5912959,2024-06-30,2024-07-04,2026-01-15,V-002,V-002-INV-2567-250608,2024-06-01,2024-06-30,42000.00,5,2024-07-04,EMP-L3-00005,,BT-202407-586433438722
VP-202407-10880545,2024-06-30,2024-07-04,2026-01-15,V-006,V-006-INV-2567-346792,2024-06-01,2024-06-30,18500.00,9,2024-07-04,EMP-L3-00005,,BT-202407-126660396866
VP-202407-15591395,2024-06-30,2024-07-04,2026-01-15,V-014,V-014-INV-2567-23649,2024-06-01,2024-06-30,16800.00,17,2024-07-04,EMP-L3-00005,,BT-202407-705513180220
VP-202407-2559804,2024-06-30,2024-07-08,2026-01-15,V-001,V-001-INV-2567-116712,2024-06-01,2024-06-30,85000.00,13,2024-07-08,EMP-L3-00005,,BT-202407-782687633555
VP-202407-11328384,2024-06-30,2024-07-08,2026-01-15,V-002,V-002-INV-2567-852316,2024-06-01,2024-06-30,42000.00,5,2024-07-08,EMP-L3-00005,,BT-202407-474385623482
VP-202407-15089238,2024-06-30,2024-07-08,2026-01-15,V-006,V-006-INV-2567-105793,2024-06-01,2024-06-30,18500.00,9,2024-07-08,EMP-L3-00005,,BT-202407-946290461297
VP-202407-2357507,2024-06-30,2024-07-08,2026-01-15,V-014,V-014-INV-2567-343397,2024-06-01,2024-06-30,16800.00,17,2024-07-08,EMP-L3-00005,,BT-202407-232774899621
VP-202407-1514283,2024-06-30,2024-07-11,2026-01-15,V-001,V-001-INV-2567-422244,2024-06-01,2024-06-30,85000.00,13,2024-07-11,EMP-L3-00005,,BT-202407-521531406295
VP-202407-14548097,2024-06-30,2024-07-11,2026-01-15,V-002,V-002-INV-2567-423198,2024-06-01,2024-06-30,42000.00,5,2024-07-11,EMP-L3-00005,,BT-202407-1030836952613
VP-202407-9682311,2024-06-30,2024-07-11,2026-01-15,V-006,V-006-INV-2567-207224,2024-06-01,2024-06-30,18500.00,9,2024-07-11,EMP-L3-00005,,BT-202407-201586611708
VP-202407-2692802,2024-06-30,2024-07-11,2026-01-15,V-014,V-014-INV-2567-557176,2024-06-01,2024-06-30,16800.00,17,2024-07-11,EMP-L3-00005,,BT-202407-484112713570
VP-202407-3381691,2024-06-30,2024-07-15,2026-01-15,V-001,V-001-INV-2567-430479,2024-06-01,2024-06-30,85000.00,13,2024-07-15,EMP-L3-00005,,BT-202407-954344579491
VP-202407-3227207,2024-06-30,2024-07-15,2026-01-15,V-002,V-002-INV-2567-220981,2024-06-01,2024-06-30,42000.00,5,2024-07-15,EMP-L3-00005,,BT-202407-147621089179
VP-202407-13150381,2024-06-30,2024-07-15,2026-01-15,V-006,V-006-INV-2567-171254,2024-06-01,2024-06-30,18500.00,9,2024-07-15,EMP-L3-00005,,BT-202407-570505355499
VP-202407-11674352,2024-06-30,2024-07-15,2026-01-15,V-014,V-014-INV-2567-471644,2024-06-01,2024-06-30,16800.00,17,2024-07-15,EMP-L3-00005,,BT-202407-477183603239
VP-202407-11758074,2024-06-30,2024-07-18,2026-01-15,V-001,V-001-INV-2567-737198,2024-06-01,2024-06-30,85000.00,13,2024-07-18,EMP-L3-00005,,BT-202407-103444956647
VP-202407-7688750,2024-06-30,2024-07-18,2026-01-15,V-002,V-002-INV-2567-69234,2024-06-01,2024-06-30,42000.00,5,2024-07-18,EMP-L3-00005,,BT-202407-273244373114
VP-202407-10974743,2024-06-30,2024-07-18,2026-01-15,V-006,V-006-INV-2567-945402,2024-06-01,2024-06-30,18500.00,9,2024-07-18,EMP-L3-00005,,BT-202407-502789187999
VP-202407-7470964,2024-06-30,2024-07-18,2026-01-15,V-014,V-014-INV-2567-988773,2024-06-01,2024-06-30,16800.00,17,2024-07-18,EMP-L3-00005,,BT-202407-676147313037
VP-202407-14926384,2024-06-30,2024-07-22,2026-01-15,V-001,V-001-INV-2567-593996,2024-06-01,2024-06-30,85000.00,13,2024-07-22,EMP-L3-00005,,BT-202407-1078372444842
VP-202407-1971267,2024-06-30,2024-07-22,2026-01-15,V-002,V-002-INV-2567-179717,2024-06-01,2024-06-30,42000.00,5,2024-07-22,EMP-L3-00005,,BT-202407-914341900943
VP-202407-2089952,2024-06-30,2024-07-22,2026-01-15,V-006,V-006-INV-2567-863563,2024-06-01,2024-06-30,18500.00,9,2024-07-22,EMP-L3-00005,,BT-202407-218421804996
VP-202407-12655426,2024-06-30,2024-07-22,2026-01-15,V-014,V-014-INV-2567-866187,2024-06-01,2024-06-30,16800.00,17,2024-07-22,EMP-L3-00005,,BT-202407-659361249371
VP-202407-986675,2024-06-30,2024-07-25,2026-01-15,V-001,V-001-INV-2567-10699,2024-06-01,2024-06-30,85000.00,13,2024-07-25,EMP-L3-00005,,BT-202407-1048153212822
VP-202407-14522913,2024-06-30,2024-07-25,2026-01-15,V-002,V-002-INV-2567-967490,2024-06-01,2024-06-30,42000.00,5,2024-07-25,EMP-L3-00005,,BT-202407-576030241642
VP-202407-12415406,2024-06-30,2024-07-25,2026-01-15,V-006,V-006-INV-2567-815662,2024-06-01,2024-06-30,18500.00,9,2024-07-25,EMP-L3-00005,,BT-202407-897299005437
VP-202407-11809008,2024-06-30,2024-07-25,2026-01-15,V-014,V-014-INV-2567-282362,2024-06-01,2024-06-30,16800.00,17,2024-07-25,EMP-L3-00005,,BT-202407-867272298794
VP-202407-5300533,2024-06-30,2024-07-28,2026-01-15,V-013,V-013-INV-2567-174241,2024-06-01,2024-06-30,12500.00,1,2024-07-28,EMP-L3-00005,,BT-202407-431361155819
VP-202408-15847753,2024-07-31,2024-08-01,2026-01-15,V-001,V-001-INV-2567-14617,2024-07-01,2024-07-31,85000.00,13,2024-08-01,EMP-L3-00005,,BT-202408-1056127710393
VP-202408-8628204,2024-07-31,2024-08-01,2026-01-15,V-002,V-002-INV-2567-21494,2024-07-01,2024-07-31,42000.00,5,2024-08-01,EMP-L3-00005,,BT-202408-668089572452
VP-202408-10368753,2024-07-31,2024-08-01,2026-01-15,V-006,V-006-INV-2567-563585,2024-07-01,2024-07-31,18500.00,10,2024-08-01,EMP-L3-00005,,BT-202408-670491245174
VP-202408-9659448,2024-07-31,2024-08-01,2026-01-15,V-014,V-014-INV-2567-1027518,2024-07-01,2024-07-31,16800.00,17,2024-08-01,EMP-L3-00005,,BT-202408-1018515911246
VP-202408-9394396,2024-07-31,2024-08-04,2026-01-15,V-001,V-001-INV-2567-793503,2024-07-01,2024-07-31,85000.00,13,2024-08-04,EMP-L3-00005,,BT-202408-343224064346
VP-202408-15060370,2024-07-31,2024-08-04,2026-01-15,V-002,V-002-INV-2567-789252,2024-07-01,2024-07-31,42000.00,5,2024-08-04,EMP-L3-00005,,BT-202408-625086658154
VP-202408-6825088,2024-07-31,2024-08-04,2026-01-15,V-006,V-006-INV-2567-500597,2024-07-01,2024-07-31,18500.00,10,2024-08-04,EMP-L3-00005,,BT-202408-880090078829
VP-202408-2754293,2024-07-31,2024-08-04,2026-01-15,V-014,V-014-INV-2567-979966,2024-07-01,2024-07-31,16800.00,17,2024-08-04,EMP-L3-00005,,BT-202408-155043275202
VP-CL-L3-5459553,2024-07-31,2024-08-05,2026-01-15,V-013,PW-INV-L3-2024-07-31,2024-07-01,2024-07-31,47100.00,1,2024-08-01,EMP-L3-00005,,BT-CL-L3-164089910
VP-202408-5125818,2024-07-31,2024-08-08,2026-01-15,V-001,V-001-INV-2567-507628,2024-07-01,2024-07-31,85000.00,13,2024-08-08,EMP-L3-00005,,BT-202408-641111737004
VP-202408-15182275,2024-07-31,2024-08-08,2026-01-15,V-002,V-002-INV-2567-139734,2024-07-01,2024-07-31,42000.00,5,2024-08-08,EMP-L3-00005,,BT-202408-60651567059
VP-202408-7036622,2024-07-31,2024-08-08,2026-01-15,V-006,V-006-INV-2567-788528,2024-07-01,2024-07-31,18500.00,10,2024-08-08,EMP-L3-00005,,BT-202408-225847023864
VP-202408-1782219,2024-07-31,2024-08-08,2026-01-15,V-014,V-014-INV-2567-280944,2024-07-01,2024-07-31,16800.00,17,2024-08-08,EMP-L3-00005,,BT-202408-791190652705
VP-202408-635783,2024-07-31,2024-08-11,2026-01-15,V-001,V-001-INV-2567-1044269,2024-07-01,2024-07-31,85000.00,13,2024-08-11,EMP-L3-00005,,BT-202408-916911365701
VP-202408-13058872,2024-07-31,2024-08-11,2026-01-15,V-002,V-002-INV-2567-282857,2024-07-01,2024-07-31,42000.00,5,2024-08-11,EMP-L3-00005,,BT-202408-357658499789
VP-202408-4033705,2024-07-31,2024-08-11,2026-01-15,V-006,V-006-INV-2567-790784,2024-07-01,2024-07-31,18500.00,10,2024-08-11,EMP-L3-00005,,BT-202408-825589586138
VP-202408-9881353,2024-07-31,2024-08-11,2026-01-15,V-014,V-014-INV-2567-554989,2024-07-01,2024-07-31,16800.00,17,2024-08-11,EMP-L3-00005,,BT-202408-495368687633
VP-202408-14456795,2024-07-31,2024-08-15,2026-01-15,V-001,V-001-INV-2567-535672,2024-07-01,2024-07-31,85000.00,13,2024-08-15,EMP-L3-00005,,BT-202408-163785926233
VP-202408-12261053,2024-07-31,2024-08-15,2026-01-15,V-002,V-002-INV-2567-181638,2024-07-01,2024-07-31,42000.00,5,2024-08-15,EMP-L3-00005,,BT-202408-130935822976
VP-202408-13132260,2024-07-31,2024-08-15,2026-01-15,V-006,V-006-INV-2567-547649,2024-07-01,2024-07-31,18500.00,10,2024-08-15,EMP-L3-00005,,BT-202408-686694802781
VP-202408-12646467,2024-07-31,2024-08-15,2026-01-15,V-014,V-014-INV-2567-266877,2024-07-01,2024-07-31,16800.00,17,2024-08-15,EMP-L3-00005,,BT-202408-880034940528
VP-202408-7719372,2024-07-31,2024-08-18,2026-01-15,V-001,V-001-INV-2567-560030,2024-07-01,2024-07-31,85000.00,13,2024-08-18,EMP-L3-00005,,BT-202408-993618423817
VP-202408-15652375,2024-07-31,2024-08-18,2026-01-15,V-002,V-002-INV-2567-749651,2024-07-01,2024-07-31,42000.00,5,2024-08-18,EMP-L3-00005,,BT-202408-1038457960803
VP-202408-4482431,2024-07-31,2024-08-18,2026-01-15,V-006,V-006-INV-2567-673954,2024-07-01,2024-07-31,18500.00,10,2024-08-18,EMP-L3-00005,,BT-202408-705731346749
VP-202408-7101932,2024-07-31,2024-08-18,2026-01-15,V-014,V-014-INV-2567-307191,2024-07-01,2024-07-31,16800.00,17,2024-08-18,EMP-L3-00005,,BT-202408-221838022945
VP-202408-2479897,2024-07-31,2024-08-22,2026-01-15,V-001,V-001-INV-2567-117422,2024-07-01,2024-07-31,85000.00,13,2024-08-22,EMP-L3-00005,,BT-202408-925988677039
VP-202408-6143543,2024-07-31,2024-08-22,2026-01-15,V-002,V-002-INV-2567-663705,2024-07-01,2024-07-31,42000.00,5,2024-08-22,EMP-L3-00005,,BT-202408-1093709215771
VP-202408-3254154,2024-07-31,2024-08-22,2026-01-15,V-006,V-006-INV-2567-193810,2024-07-01,2024-07-31,18500.00,10,2024-08-22,EMP-L3-00005,,BT-202408-405757702433
VP-202408-3114737,2024-07-31,2024-08-22,2026-01-15,V-014,V-014-INV-2567-590627,2024-07-01,2024-07-31,16800.00,17,2024-08-22,EMP-L3-00005,,BT-202408-189027370861
VP-202408-5603782,2024-07-31,2024-08-25,2026-01-15,V-001,V-001-INV-2567-580782,2024-07-01,2024-07-31,85000.00,13,2024-08-25,EMP-L3-00005,,BT-202408-378362934571
VP-202408-7255999,2024-07-31,2024-08-25,2026-01-15,V-002,V-002-INV-2567-353880,2024-07-01,2024-07-31,42000.00,5,2024-08-25,EMP-L3-00005,,BT-202408-555917927945
VP-202408-9567137,2024-07-31,2024-08-25,2026-01-15,V-006,V-006-INV-2567-613585,2024-07-01,2024-07-31,18500.00,10,2024-08-25,EMP-L3-00005,,BT-202408-187302665908
VP-202408-10244736,2024-07-31,2024-08-25,2026-01-15,V-014,V-014-INV-2567-724860,2024-07-01,2024-07-31,16800.00,17,2024-08-25,EMP-L3-00005,,BT-202408-1084839684858
VP-202408-763236,2024-07-31,2024-08-28,2026-01-15,V-013,V-013-INV-2567-957493,2024-07-01,2024-07-31,12500.00,1,2024-08-28,EMP-L3-00005,,BT-202408-915772008217
VP-202409-8289367,2024-08-31,2024-09-01,2026-01-15,V-001,V-001-INV-2567-930473,2024-08-01,2024-08-31,85000.00,13,2024-09-01,EMP-L3-00005,,BT-202409-739169651933
VP-202409-10650211,2024-08-31,2024-09-01,2026-01-15,V-002,V-002-INV-2567-1034901,2024-08-01,2024-08-31,42000.00,5,2024-09-01,EMP-L3-00005,,BT-202409-945395575932
VP-202409-14374209,2024-08-31,2024-09-01,2026-01-15,V-006,V-006-INV-2567-981946,2024-08-01,2024-08-31,18500.00,10,2024-09-01,EMP-L3-00005,,BT-202409-830842970271
VP-202409-1574937,2024-08-31,2024-09-01,2026-01-15,V-014,V-014-INV-2567-1007231,2024-08-01,2024-08-31,16800.00,17,2024-09-01,EMP-L3-00005,,BT-202409-371032330615
VP-202409-13522198,2024-08-31,2024-09-04,2026-01-15,V-001,V-001-INV-2567-26096,2024-08-01,2024-08-31,85000.00,13,2024-09-04,EMP-L3-00005,,BT-202409-523285264024
VP-202409-7190372,2024-08-31,2024-09-04,2026-01-15,V-002,V-002-INV-2567-02349,2024-08-01,2024-08-31,42000.00,5,2024-09-04,EMP-L3-00005,,BT-202409-1052868450695
VP-202409-10007207,2024-08-31,2024-09-04,2026-01-15,V-006,V-006-INV-2567-917176,2024-08-01,2024-08-31,18500.00,10,2024-09-04,EMP-L3-00005,,BT-202409-1873226341
VP-202409-4337969,2024-08-31,2024-09-04,2026-01-15,V-014,V-014-INV-2567-16469,2024-08-01,2024-08-31,16800.00,17,2024-09-04,EMP-L3-00005,,BT-202409-594408085507
VP-202409-10996821,2024-08-31,2024-09-08,2026-01-15,V-001,V-001-INV-2567-171423,2024-08-01,2024-08-31,85000.00,13,2024-09-08,EMP-L3-00005,,BT-202409-23343982403
VP-202409-9271534,2024-08-31,2024-09-08,2026-01-15,V-002,V-002-INV-2567-13539,2024-08-01,2024-08-31,42000.00,5,2024-09-08,EMP-L3-00005,,BT-202409-121152284329
VP-202409-15161226,2024-08-31,2024-09-08,2026-01-15,V-006,V-006-INV-2567-16713,2024-08-01,2024-08-31,18500.00,10,2024-09-08,EMP-L3-00005,,BT-202409-642649689942
VP-202409-1816100,2024-08-31,2024-09-08,2026-01-15,V-014,V-014-INV-2567-507565,2024-08-01,2024-08-31,16800.00,17,2024-09-08,EMP-L3-00005,,BT-202409-708918872644
VP-202409-2586839,2024-08-31,2024-09-11,2026-01-15,V-001,V-001-INV-2567-554672,2024-08-01,2024-08-31,85000.00,13,2024-09-11,EMP-L3-00005,,BT-202409-590115747640
VP-202409-242862,2024-08-31,2024-09-11,2026-01-15,V-002,V-002-INV-2567-775789,2024-08-01,2024-08-31,42000.00,5,2024-09-11,EMP-L3-00005,,BT-202409-226892720023
VP-202409-15667454,2024-08-31,2024-09-11,2026-01-15,V-006,V-006-INV-2567-115300,2024-08-01,2024-08-31,18500.00,10,2024-09-11,EMP-L3-00005,,BT-202409-834444493413
VP-202409-12174648,2024-08-31,2024-09-11,2026-01-15,V-014,V-014-INV-2567-290589,2024-08-01,2024-08-31,16800.00,17,2024-09-11,EMP-L3-00005,,BT-202409-999971098785
VP-202409-8450719,2024-08-31,2024-09-15,2026-01-15,V-001,V-001-INV-2567-978826,2024-08-01,2024-08-31,85000.00,13,2024-09-15,EMP-L3-00005,,BT-202409-1091687978129
VP-202409-2818067,2024-08-31,2024-09-15,2026-01-15,V-002,V-002-INV-2567-1045498,2024-08-01,2024-08-31,42000.00,5,2024-09-15,EMP-L3-00005,,BT-202409-951333469892
VP-202409-13398528,2024-08-31,2024-09-15,2026-01-15,V-006,V-006-INV-2567-403100,2024-08-01,2024-08-31,18500.00,10,2024-09-15,EMP-L3-00005,,BT-202409-143586306177
VP-202409-6546955,2024-08-31,2024-09-15,2026-01-15,V-014,V-014-INV-2567-236889,2024-08-01,2024-08-31,16800.00,17,2024-09-15,EMP-L3-00005,,BT-202409-293782809499
VP-202409-4894383,2024-08-31,2024-09-18,2026-01-15,V-001,V-001-INV-2567-914158,2024-08-01,2024-08-31,85000.00,13,2024-09-18,EMP-L3-00005,,BT-202409-763549974318
VP-202409-6712058,2024-08-31,2024-09-18,2026-01-15,V-002,V-002-INV-2567-535525,2024-08-01,2024-08-31,42000.00,5,2024-09-18,EMP-L3-00005,,BT-202409-679500967478
VP-202409-6665668,2024-08-31,2024-09-18,2026-01-15,V-006,V-006-INV-2567-607535,2024-08-01,2024-08-31,18500.00,10,2024-09-18,EMP-L3-00005,,BT-202409-133993605810
VP-202409-10630452,2024-08-31,2024-09-18,2026-01-15,V-014,V-014-INV-2567-96853,2024-08-01,2024-08-31,16800.00,17,2024-09-18,EMP-L3-00005,,BT-202409-350735287032
VP-202409-1035354,2024-08-31,2024-09-22,2026-01-15,V-001,V-001-INV-2567-46275,2024-08-01,2024-08-31,85000.00,13,2024-09-22,EMP-L3-00005,,BT-202409-980651369955
VP-202409-2346235,2024-08-31,2024-09-22,2026-01-15,V-002,V-002-INV-2567-912284,2024-08-01,2024-08-31,42000.00,5,2024-09-22,EMP-L3-00005,,BT-202409-469315606074
VP-202409-3360079,2024-08-31,2024-09-22,2026-01-15,V-006,V-006-INV-2567-425614,2024-08-01,2024-08-31,18500.00,10,2024-09-22,EMP-L3-00005,,BT-202409-706801904538
VP-202409-5775316,2024-08-31,2024-09-22,2026-01-15,V-014,V-014-INV-2567-699152,2024-08-01,2024-08-31,16800.00,17,2024-09-22,EMP-L3-00005,,BT-202409-547707738175
VP-202409-8301444,2024-08-31,2024-09-25,2026-01-15,V-001,V-001-INV-2567-515141,2024-08-01,2024-08-31,85000.00,13,2024-09-25,EMP-L3-00005,,BT-202409-512882747069
VP-202409-16455143,2024-08-31,2024-09-25,2026-01-15,V-002,V-002-INV-2567-795734,2024-08-01,2024-08-31,42000.00,5,2024-09-25,EMP-L3-00005,,BT-202409-293602619305
VP-202409-2419596,2024-08-31,2024-09-25,2026-01-15,V-006,V-006-INV-2567-868895,2024-08-01,2024-08-31,18500.00,10,2024-09-25,EMP-L3-00005,,BT-202409-655562033478
VP-202409-5707243,2024-08-31,2024-09-25,2026-01-15,V-014,V-014-INV-2567-655335,2024-08-01,2024-08-31,16800.00,17,2024-09-25,EMP-L3-00005,,BT-202409-898919940549
VP-202409-9651305,2024-08-31,2024-09-28,2026-01-15,V-013,V-013-INV-2567-406744,2024-08-01,2024-08-31,12500.00,1,2024-09-28,EMP-L3-00005,,BT-202409-176688956766
VP-202410-2391829,2024-09-30,2024-10-01,2026-01-15,V-001,V-001-INV-2567-672269,2024-09-01,2024-09-30,85000.00,14,2024-10-01,EMP-L3-00005,,BT-202410-103531524424
VP-202410-1612738,2024-09-30,2024-10-01,2026-01-15,V-002,V-002-INV-2567-494444,2024-09-01,2024-09-30,42000.00,5,2024-10-01,EMP-L3-00005,,BT-202410-910414772296
VP-202410-9149735,2024-09-30,2024-10-01,2026-01-15,V-006,V-006-INV-2567-391466,2024-09-01,2024-09-30,18500.00,10,2024-10-01,EMP-L3-00005,,BT-202410-1074998864495
VP-202410-7046412,2024-09-30,2024-10-01,2026-01-15,V-014,V-014-INV-2567-862692,2024-09-01,2024-09-30,16800.00,18,2024-10-01,EMP-L3-00005,,BT-202410-901132504729
VP-202410-7703666,2024-09-30,2024-10-04,2026-01-15,V-001,V-001-INV-2567-360850,2024-09-01,2024-09-30,85000.00,14,2024-10-04,EMP-L3-00005,,BT-202410-317986265740
VP-202410-8212882,2024-09-30,2024-10-04,2026-01-15,V-002,V-002-INV-2567-29051,2024-09-01,2024-09-30,42000.00,5,2024-10-04,EMP-L3-00005,,BT-202410-646698864767
VP-202410-7442499,2024-09-30,2024-10-04,2026-01-15,V-006,V-006-INV-2567-417849,2024-09-01,2024-09-30,18500.00,10,2024-10-04,EMP-L3-00005,,BT-202410-978242914563
VP-202410-14703544,2024-09-30,2024-10-04,2026-01-15,V-014,V-014-INV-2567-1041829,2024-09-01,2024-09-30,16800.00,18,2024-10-04,EMP-L3-00005,,BT-202410-749136161835
VP-202410-12362021,2024-09-30,2024-10-08,2026-01-15,V-001,V-001-INV-2567-978477,2024-09-01,2024-09-30,85000.00,14,2024-10-08,EMP-L3-00005,,BT-202410-823222628201
VP-202410-5707830,2024-09-30,2024-10-08,2026-01-15,V-002,V-002-INV-2567-55120,2024-09-01,2024-09-30,42000.00,5,2024-10-08,EMP-L3-00005,,BT-202410-538918476259
VP-202410-12811829,2024-09-30,2024-10-08,2026-01-15,V-006,V-006-INV-2567-488266,2024-09-01,2024-09-30,18500.00,10,2024-10-08,EMP-L3-00005,,BT-202410-738548513598
VP-202410-7606414,2024-09-30,2024-10-08,2026-01-15,V-014,V-014-INV-2567-77106,2024-09-01,2024-09-30,16800.00,18,2024-10-08,EMP-L3-00005,,BT-202410-1036857633139
VP-202410-2104727,2024-09-30,2024-10-11,2026-01-15,V-001,V-001-INV-2567-769224,2024-09-01,2024-09-30,85000.00,14,2024-10-11,EMP-L3-00005,,BT-202410-792525519786
VP-202410-7558386,2024-09-30,2024-10-11,2026-01-15,V-002,V-002-INV-2567-543100,2024-09-01,2024-09-30,42000.00,5,2024-10-11,EMP-L3-00005,,BT-202410-654533052788
VP-202410-13466540,2024-09-30,2024-10-11,2026-01-15,V-006,V-006-INV-2567-508378,2024-09-01,2024-09-30,18500.00,10,2024-10-11,EMP-L3-00005,,BT-202410-658439445706
VP-202410-13612114,2024-09-30,2024-10-11,2026-01-15,V-014,V-014-INV-2567-61264,2024-09-01,2024-09-30,16800.00,18,2024-10-11,EMP-L3-00005,,BT-202410-349876220734
VP-202410-10339543,2024-09-30,2024-10-15,2026-01-15,V-001,V-001-INV-2567-938215,2024-09-01,2024-09-30,85000.00,14,2024-10-15,EMP-L3-00005,,BT-202410-300141181756
VP-202410-4875120,2024-09-30,2024-10-15,2026-01-15,V-002,V-002-INV-2567-870503,2024-09-01,2024-09-30,42000.00,5,2024-10-15,EMP-L3-00005,,BT-202410-111276008221
VP-202410-15354037,2024-09-30,2024-10-15,2026-01-15,V-006,V-006-INV-2567-506089,2024-09-01,2024-09-30,18500.00,10,2024-10-15,EMP-L3-00005,,BT-202410-748518399786
VP-202410-2149493,2024-09-30,2024-10-15,2026-01-15,V-014,V-014-INV-2567-33130,2024-09-01,2024-09-30,16800.00,18,2024-10-15,EMP-L3-00005,,BT-202410-1079579583719
VP-CL-L2-1533451,2024-10-15,2024-10-15,2026-01-15,V-013,L2-MC-2024-10-15,2024-10-15,2024-10-15,60000.00,1,2024-10-15,EMP-L3-00008,,BT-CL-L2-178976254
VP-202410-6898233,2024-09-30,2024-10-18,2026-01-15,V-001,V-001-INV-2567-990978,2024-09-01,2024-09-30,85000.00,14,2024-10-18,EMP-L3-00005,,BT-202410-107954540265
VP-202410-9896115,2024-09-30,2024-10-18,2026-01-15,V-002,V-002-INV-2567-196799,2024-09-01,2024-09-30,42000.00,5,2024-10-18,EMP-L3-00005,,BT-202410-334792930505
VP-202410-11927006,2024-09-30,2024-10-18,2026-01-15,V-006,V-006-INV-2567-59537,2024-09-01,2024-09-30,18500.00,10,2024-10-18,EMP-L3-00005,,BT-202410-742450069250
VP-202410-3487002,2024-09-30,2024-10-18,2026-01-15,V-014,V-014-INV-2567-859037,2024-09-01,2024-09-30,16800.00,18,2024-10-18,EMP-L3-00005,,BT-202410-26217989957
VP-202410-7764187,2024-09-30,2024-10-22,2026-01-15,V-001,V-001-INV-2567-281849,2024-09-01,2024-09-30,85000.00,14,2024-10-22,EMP-L3-00005,,BT-202410-237336215082
VP-202410-11094406,2024-09-30,2024-10-22,2026-01-15,V-002,V-002-INV-2567-954029,2024-09-01,2024-09-30,42000.00,5,2024-10-22,EMP-L3-00005,,BT-202410-180886666534
VP-202410-11925346,2024-09-30,2024-10-22,2026-01-15,V-006,V-006-INV-2567-413856,2024-09-01,2024-09-30,18500.00,10,2024-10-22,EMP-L3-00005,,BT-202410-1083487190428
VP-202410-939464,2024-09-30,2024-10-22,2026-01-15,V-014,V-014-INV-2567-912679,2024-09-01,2024-09-30,16800.00,18,2024-10-22,EMP-L3-00005,,BT-202410-43898239614
VP-202410-3678451,2024-09-30,2024-10-25,2026-01-15,V-001,V-001-INV-2567-166015,2024-09-01,2024-09-30,85000.00,14,2024-10-25,EMP-L3-00005,,BT-202410-650910581617
VP-202410-16398853,2024-09-30,2024-10-25,2026-01-15,V-002,V-002-INV-2567-871735,2024-09-01,2024-09-30,42000.00,5,2024-10-25,EMP-L3-00005,,BT-202410-942493051288
VP-202410-12228516,2024-09-30,2024-10-25,2026-01-15,V-006,V-006-INV-2567-393040,2024-09-01,2024-09-30,18500.00,10,2024-10-25,EMP-L3-00005,,BT-202410-955755678323
VP-202410-13184930,2024-09-30,2024-10-25,2026-01-15,V-014,V-014-INV-2567-933054,2024-09-01,2024-09-30,16800.00,18,2024-10-25,EMP-L3-00005,,BT-202410-1092996340183
VP-202410-7434680,2024-09-30,2024-10-28,2026-01-15,V-013,V-013-INV-2567-261217,2024-09-01,2024-09-30,12500.00,1,2024-10-28,EMP-L3-00005,,BT-202410-538794769030
VP-202411-15472429,2024-10-31,2024-11-01,2026-01-15,V-001,V-001-INV-2567-434177,2024-10-01,2024-10-31,85000.00,14,2024-11-01,EMP-L3-00005,,BT-202411-689957521779
VP-202411-9529589,2024-10-31,2024-11-01,2026-01-15,V-002,V-002-INV-2567-477638,2024-10-01,2024-10-31,42000.00,5,2024-11-01,EMP-L3-00005,,BT-202411-924661715659
VP-202411-5442100,2024-10-31,2024-11-01,2026-01-15,V-006,V-006-INV-2567-689747,2024-10-01,2024-10-31,18500.00,10,2024-11-01,EMP-L3-00005,,BT-202411-272261834883
VP-202411-12684167,2024-10-31,2024-11-01,2026-01-15,V-014,V-014-INV-2567-353568,2024-10-01,2024-10-31,16800.00,18,2024-11-01,EMP-L3-00005,,BT-202411-577586533984
VP-202411-15552277,2024-10-31,2024-11-04,2026-01-15,V-001,V-001-INV-2567-431502,2024-10-01,2024-10-31,85000.00,14,2024-11-04,EMP-L3-00005,,BT-202411-877642684561
VP-202411-660839,2024-10-31,2024-11-04,2026-01-15,V-002,V-002-INV-2567-147834,2024-10-01,2024-10-31,42000.00,5,2024-11-04,EMP-L3-00005,,BT-202411-1026200027561
VP-202411-3075762,2024-10-31,2024-11-04,2026-01-15,V-006,V-006-INV-2567-212634,2024-10-01,2024-10-31,18500.00,10,2024-11-04,EMP-L3-00005,,BT-202411-390248747098
VP-202411-4029776,2024-10-31,2024-11-04,2026-01-15,V-014,V-014-INV-2567-571664,2024-10-01,2024-10-31,16800.00,18,2024-11-04,EMP-L3-00005,,BT-202411-304797418726
VP-CL-L3-79032857,2024-10-31,2024-11-05,2026-01-15,V-013,PW-INV-L3-2024-10-31,2024-10-01,2024-10-31,52500.00,1,2024-11-01,EMP-L3-00005,,BT-CL-L3-194438232
VP-202411-15466919,2024-10-31,2024-11-08,2026-01-15,V-001,V-001-INV-2567-895049,2024-10-01,2024-10-31,85000.00,14,2024-11-08,EMP-L3-00005,,BT-202411-724248933954
VP-202411-3410131,2024-10-31,2024-11-08,2026-01-15,V-002,V-002-INV-2567-946706,2024-10-01,2024-10-31,42000.00,5,2024-11-08,EMP-L3-00005,,BT-202411-1020877709109
VP-202411-16020186,2024-10-31,2024-11-08,2026-01-15,V-006,V-006-INV-2567-1036685,2024-10-01,2024-10-31,18500.00,10,2024-11-08,EMP-L3-00005,,BT-202411-399561664741
VP-202411-942056,2024-10-31,2024-11-08,2026-01-15,V-014,V-014-INV-2567-929353,2024-10-01,2024-10-31,16800.00,18,2024-11-08,EMP-L3-00005,,BT-202411-891618912597
VP-202411-4059693,2024-10-31,2024-11-11,2026-01-15,V-001,V-001-INV-2567-889894,2024-10-01,2024-10-31,85000.00,14,2024-11-11,EMP-L3-00005,,BT-202411-826220272310
VP-202411-5731738,2024-10-31,2024-11-11,2026-01-15,V-002,V-002-INV-2567-197066,2024-10-01,2024-10-31,42000.00,5,2024-11-11,EMP-L3-00005,,BT-202411-471135866542
VP-202411-9173392,2024-10-31,2024-11-11,2026-01-15,V-006,V-006-INV-2567-75416,2024-10-01,2024-10-31,18500.00,10,2024-11-11,EMP-L3-00005,,BT-202411-317708795250
VP-202411-10880893,2024-10-31,2024-11-11,2026-01-15,V-014,V-014-INV-2567-980419,2024-10-01,2024-10-31,16800.00,18,2024-11-11,EMP-L3-00005,,BT-202411-299716069197
VP-202411-10236026,2024-10-31,2024-11-15,2026-01-15,V-001,V-001-INV-2567-36177,2024-10-01,2024-10-31,85000.00,14,2024-11-15,EMP-L3-00005,,BT-202411-871050626584
VP-202411-14148093,2024-10-31,2024-11-15,2026-01-15,V-002,V-002-INV-2567-776958,2024-10-01,2024-10-31,42000.00,5,2024-11-15,EMP-L3-00005,,BT-202411-637516524945
VP-202411-9889734,2024-10-31,2024-11-15,2026-01-15,V-006,V-006-INV-2567-82278,2024-10-01,2024-10-31,18500.00,10,2024-11-15,EMP-L3-00005,,BT-202411-233567399983
VP-202411-16313863,2024-10-31,2024-11-15,2026-01-15,V-014,V-014-INV-2567-304892,2024-10-01,2024-10-31,16800.00,18,2024-11-15,EMP-L3-00005,,BT-202411-212085033113
VP-202411-2999175,2024-10-31,2024-11-18,2026-01-15,V-001,V-001-INV-2567-760763,2024-10-01,2024-10-31,85000.00,14,2024-11-18,EMP-L3-00005,,BT-202411-502681572077
VP-202411-16542934,2024-10-31,2024-11-18,2026-01-15,V-002,V-002-INV-2567-153532,2024-10-01,2024-10-31,42000.00,5,2024-11-18,EMP-L3-00005,,BT-202411-19277373995
VP-202411-4106825,2024-10-31,2024-11-18,2026-01-15,V-006,V-006-INV-2567-759951,2024-10-01,2024-10-31,18500.00,10,2024-11-18,EMP-L3-00005,,BT-202411-824838608221
VP-202411-11384177,2024-10-31,2024-11-18,2026-01-15,V-014,V-014-INV-2567-580265,2024-10-01,2024-10-31,16800.00,18,2024-11-18,EMP-L3-00005,,BT-202411-819416504538
VP-202411-9699807,2024-10-31,2024-11-22,2026-01-15,V-001,V-001-INV-2567-693475,2024-10-01,2024-10-31,85000.00,14,2024-11-22,EMP-L3-00005,,BT-202411-511713089094
VP-202411-15042121,2024-10-31,2024-11-22,2026-01-15,V-002,V-002-INV-2567-318749,2024-10-01,2024-10-31,42000.00,5,2024-11-22,EMP-L3-00005,,BT-202411-483695392917
VP-202411-15186061,2024-10-31,2024-11-22,2026-01-15,V-006,V-006-INV-2567-206867,2024-10-01,2024-10-31,18500.00,10,2024-11-22,EMP-L3-00005,,BT-202411-451616986133
VP-202411-15591935,2024-10-31,2024-11-22,2026-01-15,V-014,V-014-INV-2567-429946,2024-10-01,2024-10-31,16800.00,18,2024-11-22,EMP-L3-00005,,BT-202411-250144852024
VP-CL-L2-124111847,2024-11-22,2024-11-22,2026-01-15,V-013,L2-WT-2024-11-22,2024-11-22,2024-11-22,150000.00,1,2024-11-22,EMP-L3-00008,,BT-CL-L2-251272206
VP-202411-9335316,2024-10-31,2024-11-25,2026-01-15,V-001,V-001-INV-2567-556980,2024-10-01,2024-10-31,85000.00,14,2024-11-25,EMP-L3-00005,,BT-202411-129401996262
VP-202411-12186940,2024-10-31,2024-11-25,2026-01-15,V-002,V-002-INV-2567-00151,2024-10-01,2024-10-31,42000.00,5,2024-11-25,EMP-L3-00005,,BT-202411-18687362654
VP-202411-7455478,2024-10-31,2024-11-25,2026-01-15,V-006,V-006-INV-2567-514416,2024-10-01,2024-10-31,18500.00,10,2024-11-25,EMP-L3-00005,,BT-202411-328439742452
VP-202411-10626288,2024-10-31,2024-11-25,2026-01-15,V-014,V-014-INV-2567-561890,2024-10-01,2024-10-31,16800.00,18,2024-11-25,EMP-L3-00005,,BT-202411-657883711503
VP-202411-12971496,2024-10-31,2024-11-28,2026-01-15,V-013,V-013-INV-2567-118525,2024-10-01,2024-10-31,12500.00,1,2024-11-28,EMP-L3-00005,,BT-202411-608255240757
VP-202412-13808964,2024-11-30,2024-12-01,2026-01-15,V-001,V-001-INV-2567-28758,2024-11-01,2024-11-30,85000.00,14,2024-12-01,EMP-L3-00005,,BT-202412-602898539770
VP-202412-154298,2024-11-30,2024-12-01,2026-01-15,V-002,V-002-INV-2567-423773,2024-11-01,2024-11-30,42000.00,5,2024-12-01,EMP-L3-00005,,BT-202412-317052667943
VP-202412-13186112,2024-11-30,2024-12-01,2026-01-15,V-006,V-006-INV-2567-649362,2024-11-01,2024-11-30,18500.00,10,2024-12-01,EMP-L3-00005,,BT-202412-550809418462
VP-202412-14819412,2024-11-30,2024-12-01,2026-01-15,V-014,V-014-INV-2567-946240,2024-11-01,2024-11-30,16800.00,18,2024-12-01,EMP-L3-00005,,BT-202412-745089808121
VP-CL-L2-54158968,2024-12-03,2024-12-03,2026-01-15,V-013,L2-MC-2024-12-03,2024-12-03,2024-12-03,75000.00,1,2024-12-03,EMP-L3-00008,,BT-CL-L2-60511807
VP-202412-7789419,2024-11-30,2024-12-04,2026-01-15,V-001,V-001-INV-2567-57485,2024-11-01,2024-11-30,85000.00,14,2024-12-04,EMP-L3-00005,,BT-202412-328293967336
VP-202412-7854659,2024-11-30,2024-12-04,2026-01-15,V-002,V-002-INV-2567-533380,2024-11-01,2024-11-30,42000.00,5,2024-12-04,EMP-L3-00005,,BT-202412-108252693246
VP-202412-14376932,2024-11-30,2024-12-04,2026-01-15,V-006,V-006-INV-2567-188979,2024-11-01,2024-11-30,18500.00,10,2024-12-04,EMP-L3-00005,,BT-202412-1007866040631
VP-202412-5525831,2024-11-30,2024-12-04,2026-01-15,V-014,V-014-INV-2567-22068,2024-11-01,2024-11-30,16800.00,18,2024-12-04,EMP-L3-00005,,BT-202412-466655619931
VP-202412-13548749,2024-11-30,2024-12-08,2026-01-15,V-001,V-001-INV-2567-1014725,2024-11-01,2024-11-30,85000.00,14,2024-12-08,EMP-L3-00005,,BT-202412-89140573564
VP-202412-13217123,2024-11-30,2024-12-08,2026-01-15,V-002,V-002-INV-2567-135431,2024-11-01,2024-11-30,42000.00,5,2024-12-08,EMP-L3-00005,,BT-202412-185233021210
VP-202412-7289584,2024-11-30,2024-12-08,2026-01-15,V-006,V-006-INV-2567-142098,2024-11-01,2024-11-30,18500.00,10,2024-12-08,EMP-L3-00005,,BT-202412-727232051646
VP-202412-14696400,2024-11-30,2024-12-08,2026-01-15,V-014,V-014-INV-2567-109298,2024-11-01,2024-11-30,16800.00,18,2024-12-08,EMP-L3-00005,,BT-202412-465936251829
VP-202412-836769,2024-11-30,2024-12-11,2026-01-15,V-001,V-001-INV-2567-528807,2024-11-01,2024-11-30,85000.00,14,2024-12-11,EMP-L3-00005,,BT-202412-997168861096
VP-202412-16543859,2024-11-30,2024-12-11,2026-01-15,V-002,V-002-INV-2567-621361,2024-11-01,2024-11-30,42000.00,5,2024-12-11,EMP-L3-00005,,BT-202412-814592044846
VP-202412-422603,2024-11-30,2024-12-11,2026-01-15,V-006,V-006-INV-2567-684356,2024-11-01,2024-11-30,18500.00,10,2024-12-11,EMP-L3-00005,,BT-202412-428150385631
VP-202412-8950990,2024-11-30,2024-12-11,2026-01-15,V-014,V-014-INV-2567-790735,2024-11-01,2024-11-30,16800.00,18,2024-12-11,EMP-L3-00005,,BT-202412-1059594685080
VP-202412-14495557,2024-11-30,2024-12-15,2026-01-15,V-001,V-001-INV-2567-476176,2024-11-01,2024-11-30,85000.00,14,2024-12-15,EMP-L3-00005,,BT-202412-327510818615
VP-202412-4300191,2024-11-30,2024-12-15,2026-01-15,V-002,V-002-INV-2567-563606,2024-11-01,2024-11-30,42000.00,5,2024-12-15,EMP-L3-00005,,BT-202412-1034279029181
VP-202412-5026626,2024-11-30,2024-12-15,2026-01-15,V-006,V-006-INV-2567-300981,2024-11-01,2024-11-30,18500.00,10,2024-12-15,EMP-L3-00005,,BT-202412-880081825128
VP-202412-11338864,2024-11-30,2024-12-15,2026-01-15,V-014,V-014-INV-2567-920341,2024-11-01,2024-11-30,16800.00,18,2024-12-15,EMP-L3-00005,,BT-202412-533744791454
VP-202412-9471385,2024-11-30,2024-12-18,2026-01-15,V-001,V-001-INV-2567-679533,2024-11-01,2024-11-30,85000.00,14,2024-12-18,EMP-L3-00005,,BT-202412-1002730389582
VP-202412-10358548,2024-11-30,2024-12-18,2026-01-15,V-002,V-002-INV-2567-869524,2024-11-01,2024-11-30,42000.00,5,2024-12-18,EMP-L3-00005,,BT-202412-1012093427804
VP-202412-6955324,2024-11-30,2024-12-18,2026-01-15,V-006,V-006-INV-2567-188373,2024-11-01,2024-11-30,18500.00,10,2024-12-18,EMP-L3-00005,,BT-202412-795890888087
VP-202412-13080001,2024-11-30,2024-12-18,2026-01-15,V-014,V-014-INV-2567-699175,2024-11-01,2024-11-30,16800.00,18,2024-12-18,EMP-L3-00005,,BT-202412-436898143792
VP-202412-461945,2024-11-30,2024-12-22,2026-01-15,V-001,V-001-INV-2567-525919,2024-11-01,2024-11-30,85000.00,14,2024-12-22,EMP-L3-00005,,BT-202412-617225539659
VP-202412-2357712,2024-11-30,2024-12-22,2026-01-15,V-002,V-002-INV-2567-297747,2024-11-01,2024-11-30,42000.00,5,2024-12-22,EMP-L3-00005,,BT-202412-519426458738
VP-202412-10044608,2024-11-30,2024-12-22,2026-01-15,V-006,V-006-INV-2567-274505,2024-11-01,2024-11-30,18500.00,10,2024-12-22,EMP-L3-00005,,BT-202412-860832698736
VP-202412-10652558,2024-11-30,2024-12-22,2026-01-15,V-014,V-014-INV-2567-391960,2024-11-01,2024-11-30,16800.00,18,2024-12-22,EMP-L3-00005,,BT-202412-307729425618
VP-202412-445759,2024-11-30,2024-12-25,2026-01-15,V-001,V-001-INV-2567-314981,2024-11-01,2024-11-30,85000.00,14,2024-12-25,EMP-L3-00005,,BT-202412-21921863606
VP-202412-7173687,2024-11-30,2024-12-25,2026-01-15,V-002,V-002-INV-2567-474808,2024-11-01,2024-11-30,42000.00,5,2024-12-25,EMP-L3-00005,,BT-202412-12790794208
VP-202412-763353,2024-11-30,2024-12-25,2026-01-15,V-006,V-006-INV-2567-604449,2024-11-01,2024-11-30,18500.00,10,2024-12-25,EMP-L3-00005,,BT-202412-182423032468
VP-202412-15646294,2024-11-30,2024-12-25,2026-01-15,V-014,V-014-INV-2567-690589,2024-11-01,2024-11-30,16800.00,18,2024-12-25,EMP-L3-00005,,BT-202412-313172461404
VP-202412-11987466,2024-11-30,2024-12-28,2026-01-15,V-013,V-013-INV-2567-869824,2024-11-01,2024-11-30,12500.00,1,2024-12-28,EMP-L3-00005,,BT-202412-735290220234
VP-202501-12190312,2024-12-31,2025-01-01,2026-01-15,V-001,V-001-INV-2568-855980,2024-12-01,2024-12-31,85000.00,14,2025-01-01,EMP-L3-00005,,BT-202501-366648289729
VP-202501-5487375,2024-12-31,2025-01-01,2026-01-15,V-002,V-002-INV-2568-1044030,2024-12-01,2024-12-31,42000.00,5,2025-01-01,EMP-L3-00005,,BT-202501-1086576562746
VP-202501-7748679,2024-12-31,2025-01-01,2026-01-15,V-006,V-006-INV-2568-484720,2024-12-01,2024-12-31,18500.00,10,2025-01-01,EMP-L3-00005,,BT-202501-126700098920
VP-202501-1200269,2024-12-31,2025-01-01,2026-01-15,V-014,V-014-INV-2568-799660,2024-12-01,2024-12-31,16800.00,18,2025-01-01,EMP-L3-00005,,BT-202501-328118699621
VP-202501-1782903,2024-12-31,2025-01-04,2026-01-15,V-001,V-001-INV-2568-904943,2024-12-01,2024-12-31,85000.00,14,2025-01-04,EMP-L3-00005,,BT-202501-948311952435
VP-202501-9543699,2024-12-31,2025-01-04,2026-01-15,V-002,V-002-INV-2568-572876,2024-12-01,2024-12-31,42000.00,5,2025-01-04,EMP-L3-00005,,BT-202501-611394846922
VP-202501-6320145,2024-12-31,2025-01-04,2026-01-15,V-006,V-006-INV-2568-787893,2024-12-01,2024-12-31,18500.00,10,2025-01-04,EMP-L3-00005,,BT-202501-44271721920
VP-202501-6434528,2024-12-31,2025-01-04,2026-01-15,V-014,V-014-INV-2568-957532,2024-12-01,2024-12-31,16800.00,18,2025-01-04,EMP-L3-00005,,BT-202501-66287202961
VP-CL-L3-1054984,2024-12-31,2025-01-05,2026-01-15,V-013,PW-INV-L3-2024-12-31,2024-12-01,2024-12-31,58000.00,1,2025-01-01,EMP-L3-00005,,BT-CL-L3-177143294
VP-202501-6746754,2024-12-31,2025-01-08,2026-01-15,V-001,V-001-INV-2568-250682,2024-12-01,2024-12-31,85000.00,14,2025-01-08,EMP-L3-00005,,BT-202501-255427651566
VP-202501-3680624,2024-12-31,2025-01-08,2026-01-15,V-002,V-002-INV-2568-45243,2024-12-01,2024-12-31,42000.00,5,2025-01-08,EMP-L3-00005,,BT-202501-142446646241
VP-202501-2503900,2024-12-31,2025-01-08,2026-01-15,V-006,V-006-INV-2568-995820,2024-12-01,2024-12-31,18500.00,10,2025-01-08,EMP-L3-00005,,BT-202501-36261053754
VP-202501-4819094,2024-12-31,2025-01-08,2026-01-15,V-014,V-014-INV-2568-584826,2024-12-01,2024-12-31,16800.00,18,2025-01-08,EMP-L3-00005,,BT-202501-998091391795
VP-202501-12700538,2024-12-31,2025-01-11,2026-01-15,V-001,V-001-INV-2568-734959,2024-12-01,2024-12-31,85000.00,14,2025-01-11,EMP-L3-00005,,BT-202501-1021930570345
VP-202501-6541542,2024-12-31,2025-01-11,2026-01-15,V-002,V-002-INV-2568-893185,2024-12-01,2024-12-31,42000.00,5,2025-01-11,EMP-L3-00005,,BT-202501-256820920935
VP-202501-4712431,2024-12-31,2025-01-11,2026-01-15,V-006,V-006-INV-2568-541722,2024-12-01,2024-12-31,18500.00,10,2025-01-11,EMP-L3-00005,,BT-202501-1057689068716
VP-202501-9651379,2024-12-31,2025-01-11,2026-01-15,V-014,V-014-INV-2568-880521,2024-12-01,2024-12-31,16800.00,18,2025-01-11,EMP-L3-00005,,BT-202501-187407109646
VP-202501-9905424,2024-12-31,2025-01-15,2026-01-15,V-001,V-001-INV-2568-501753,2024-12-01,2024-12-31,85000.00,14,2025-01-15,EMP-L3-00005,,BT-202501-721508770144
VP-202501-3125771,2024-12-31,2025-01-15,2026-01-15,V-002,V-002-INV-2568-251904,2024-12-01,2024-12-31,42000.00,5,2025-01-15,EMP-L3-00005,,BT-202501-190313255128
VP-202501-16512365,2024-12-31,2025-01-15,2026-01-15,V-006,V-006-INV-2568-71609,2024-12-01,2024-12-31,18500.00,10,2025-01-15,EMP-L3-00005,,BT-202501-384364879170
VP-202501-8423759,2024-12-31,2025-01-15,2026-01-15,V-014,V-014-INV-2568-664644,2024-12-01,2024-12-31,16800.00,18,2025-01-15,EMP-L3-00005,,BT-202501-523115038208
VP-202501-10693801,2024-12-31,2025-01-18,2026-01-15,V-001,V-001-INV-2568-817411,2024-12-01,2024-12-31,85000.00,14,2025-01-18,EMP-L3-00005,,BT-202501-710018101209
VP-202501-804985,2024-12-31,2025-01-18,2026-01-15,V-002,V-002-INV-2568-533872,2024-12-01,2024-12-31,42000.00,5,2025-01-18,EMP-L3-00005,,BT-202501-572205128389
VP-202501-14363928,2024-12-31,2025-01-18,2026-01-15,V-006,V-006-INV-2568-247974,2024-12-01,2024-12-31,18500.00,10,2025-01-18,EMP-L3-00005,,BT-202501-985360289572
VP-202501-4968765,2024-12-31,2025-01-18,2026-01-15,V-014,V-014-INV-2568-276527,2024-12-01,2024-12-31,16800.00,18,2025-01-18,EMP-L3-00005,,BT-202501-350758210343
VP-202501-10449253,2024-12-31,2025-01-22,2026-01-15,V-001,V-001-INV-2568-241682,2024-12-01,2024-12-31,85000.00,14,2025-01-22,EMP-L3-00005,,BT-202501-229220587550
VP-202501-16193001,2024-12-31,2025-01-22,2026-01-15,V-002,V-002-INV-2568-34274,2024-12-01,2024-12-31,42000.00,5,2025-01-22,EMP-L3-00005,,BT-202501-508140273017
VP-202501-1668186,2024-12-31,2025-01-22,2026-01-15,V-006,V-006-INV-2568-78369,2024-12-01,2024-12-31,18500.00,10,2025-01-22,EMP-L3-00005,,BT-202501-73420293527
VP-202501-12193086,2024-12-31,2025-01-22,2026-01-15,V-014,V-014-INV-2568-453714,2024-12-01,2024-12-31,16800.00,18,2025-01-22,EMP-L3-00005,,BT-202501-410467382287
VP-CL-L2-13125759,2025-01-22,2025-01-22,2026-01-15,V-013,L2-MC-2025-01-22,2025-01-22,2025-01-22,85000.00,1,2025-01-22,EMP-L3-00008,,BT-CL-L2-242289722
VP-202501-7426133,2024-12-31,2025-01-25,2026-01-15,V-001,V-001-INV-2568-788986,2024-12-01,2024-12-31,85000.00,14,2025-01-25,EMP-L3-00005,,BT-202501-1093096656605
VP-202501-7299530,2024-12-31,2025-01-25,2026-01-15,V-002,V-002-INV-2568-721678,2024-12-01,2024-12-31,42000.00,5,2025-01-25,EMP-L3-00005,,BT-202501-841665664850
VP-202501-15419978,2024-12-31,2025-01-25,2026-01-15,V-006,V-006-INV-2568-283223,2024-12-01,2024-12-31,18500.00,10,2025-01-25,EMP-L3-00005,,BT-202501-925973996135
VP-202501-11353149,2024-12-31,2025-01-25,2026-01-15,V-014,V-014-INV-2568-653904,2024-12-01,2024-12-31,16800.00,18,2025-01-25,EMP-L3-00005,,BT-202501-945272582263
VP-202501-1411515,2024-12-31,2025-01-28,2026-01-15,V-013,V-013-INV-2568-80637,2024-12-01,2024-12-31,12500.00,1,2025-01-28,EMP-L3-00005,,BT-202501-8925853903
VP-202502-13140373,2025-01-31,2025-02-01,2026-01-15,V-001,V-001-INV-2568-632885,2025-01-01,2025-01-31,85000.00,14,2025-02-01,EMP-L3-00005,,BT-202502-41487072139
VP-202502-16322232,2025-01-31,2025-02-01,2026-01-15,V-002,V-002-INV-2568-760760,2025-01-01,2025-01-31,42000.00,5,2025-02-01,EMP-L3-00005,,BT-202502-242097666873
VP-202502-13509666,2025-01-31,2025-02-01,2026-01-15,V-006,V-006-INV-2568-293745,2025-01-01,2025-01-31,18500.00,10,2025-02-01,EMP-L3-00005,,BT-202502-897307613880
VP-202502-7791708,2025-01-31,2025-02-01,2026-01-15,V-014,V-014-INV-2568-529243,2025-01-01,2025-01-31,16800.00,18,2025-02-01,EMP-L3-00005,,BT-202502-16238482037
VP-202502-7460018,2025-01-31,2025-02-04,2026-01-15,V-001,V-001-INV-2568-820604,2025-01-01,2025-01-31,85000.00,14,2025-02-04,EMP-L3-00005,,BT-202502-465080265972
VP-202502-8257025,2025-01-31,2025-02-04,2026-01-15,V-002,V-002-INV-2568-309823,2025-01-01,2025-01-31,42000.00,5,2025-02-04,EMP-L3-00005,,BT-202502-922656082501
VP-202502-8736135,2025-01-31,2025-02-04,2026-01-15,V-006,V-006-INV-2568-1003606,2025-01-01,2025-01-31,18500.00,10,2025-02-04,EMP-L3-00005,,BT-202502-634191451424
VP-202502-6795864,2025-01-31,2025-02-04,2026-01-15,V-014,V-014-INV-2568-667472,2025-01-01,2025-01-31,16800.00,18,2025-02-04,EMP-L3-00005,,BT-202502-268415277651
VP-202502-14035232,2025-01-31,2025-02-08,2026-01-15,V-001,V-001-INV-2568-578250,2025-01-01,2025-01-31,85000.00,14,2025-02-08,EMP-L3-00005,,BT-202502-1054975281932
VP-202502-10497843,2025-01-31,2025-02-08,2026-01-15,V-002,V-002-INV-2568-599972,2025-01-01,2025-01-31,42000.00,5,2025-02-08,EMP-L3-00005,,BT-202502-47843967381
VP-202502-13688153,2025-01-31,2025-02-08,2026-01-15,V-006,V-006-INV-2568-102067,2025-01-01,2025-01-31,18500.00,10,2025-02-08,EMP-L3-00005,,BT-202502-300499447901
VP-202502-11197974,2025-01-31,2025-02-08,2026-01-15,V-014,V-014-INV-2568-185208,2025-01-01,2025-01-31,16800.00,18,2025-02-08,EMP-L3-00005,,BT-202502-976835797563
VP-202502-6606847,2025-01-31,2025-02-11,2026-01-15,V-001,V-001-INV-2568-367970,2025-01-01,2025-01-31,85000.00,14,2025-02-11,EMP-L3-00005,,BT-202502-946754480921
VP-202502-14740142,2025-01-31,2025-02-11,2026-01-15,V-002,V-002-INV-2568-666940,2025-01-01,2025-01-31,42000.00,5,2025-02-11,EMP-L3-00005,,BT-202502-501345201463
VP-202502-13944708,2025-01-31,2025-02-11,2026-01-15,V-006,V-006-INV-2568-367268,2025-01-01,2025-01-31,18500.00,10,2025-02-11,EMP-L3-00005,,BT-202502-29700257500
VP-202502-8302788,2025-01-31,2025-02-11,2026-01-15,V-014,V-014-INV-2568-778376,2025-01-01,2025-01-31,16800.00,18,2025-02-11,EMP-L3-00005,,BT-202502-578887865297
VP-202502-7207981,2025-01-31,2025-02-15,2026-01-15,V-001,V-001-INV-2568-836183,2025-01-01,2025-01-31,85000.00,14,2025-02-15,EMP-L3-00005,,BT-202502-283204084942
VP-202502-13946925,2025-01-31,2025-02-15,2026-01-15,V-002,V-002-INV-2568-508618,2025-01-01,2025-01-31,42000.00,5,2025-02-15,EMP-L3-00005,,BT-202502-149325341230
VP-202502-3482331,2025-01-31,2025-02-15,2026-01-15,V-006,V-006-INV-2568-475461,2025-01-01,2025-01-31,18500.00,10,2025-02-15,EMP-L3-00005,,BT-202502-629387928420
VP-202502-16541080,2025-01-31,2025-02-15,2026-01-15,V-014,V-014-INV-2568-657433,2025-01-01,2025-01-31,16800.00,18,2025-02-15,EMP-L3-00005,,BT-202502-890898557580
VP-202502-1240300,2025-01-31,2025-02-18,2026-01-15,V-001,V-001-INV-2568-699861,2025-01-01,2025-01-31,85000.00,14,2025-02-18,EMP-L3-00005,,BT-202502-1075137615112
VP-202502-15864765,2025-01-31,2025-02-18,2026-01-15,V-002,V-002-INV-2568-220228,2025-01-01,2025-01-31,42000.00,5,2025-02-18,EMP-L3-00005,,BT-202502-871071757932
VP-202502-14854835,2025-01-31,2025-02-18,2026-01-15,V-006,V-006-INV-2568-898634,2025-01-01,2025-01-31,18500.00,10,2025-02-18,EMP-L3-00005,,BT-202502-895531511375
VP-202502-6352680,2025-01-31,2025-02-18,2026-01-15,V-014,V-014-INV-2568-471936,2025-01-01,2025-01-31,16800.00,18,2025-02-18,EMP-L3-00005,,BT-202502-943025967253
VP-202502-5264320,2025-01-31,2025-02-22,2026-01-15,V-001,V-001-INV-2568-456267,2025-01-01,2025-01-31,85000.00,14,2025-02-22,EMP-L3-00005,,BT-202502-842412934570
VP-202502-656885,2025-01-31,2025-02-22,2026-01-15,V-002,V-002-INV-2568-689697,2025-01-01,2025-01-31,42000.00,5,2025-02-22,EMP-L3-00005,,BT-202502-680164695397
VP-202502-1733638,2025-01-31,2025-02-22,2026-01-15,V-006,V-006-INV-2568-828749,2025-01-01,2025-01-31,18500.00,10,2025-02-22,EMP-L3-00005,,BT-202502-372854491161
VP-202502-10082972,2025-01-31,2025-02-22,2026-01-15,V-014,V-014-INV-2568-24908,2025-01-01,2025-01-31,16800.00,18,2025-02-22,EMP-L3-00005,,BT-202502-701436371052
VP-202502-16047510,2025-01-31,2025-02-25,2026-01-15,V-001,V-001-INV-2568-496061,2025-01-01,2025-01-31,85000.00,14,2025-02-25,EMP-L3-00005,,BT-202502-463190197880
VP-202502-018155,2025-01-31,2025-02-25,2026-01-15,V-002,V-002-INV-2568-474274,2025-01-01,2025-01-31,42000.00,5,2025-02-25,EMP-L3-00005,,BT-202502-502987696763
VP-202502-7749307,2025-01-31,2025-02-25,2026-01-15,V-006,V-006-INV-2568-617232,2025-01-01,2025-01-31,18500.00,10,2025-02-25,EMP-L3-00005,,BT-202502-1097797991905
VP-202502-4373856,2025-01-31,2025-02-25,2026-01-15,V-014,V-014-INV-2568-88071,2025-01-01,2025-01-31,16800.00,18,2025-02-25,EMP-L3-00005,,BT-202502-279715417621
VP-202502-3411194,2025-01-31,2025-02-28,2026-01-15,V-013,V-013-INV-2568-736404,2025-01-01,2025-01-31,12500.00,1,2025-02-28,EMP-L3-00005,,BT-202502-100521634245
VP-CL-L2-64394697,2025-02-28,2025-02-28,2026-01-15,V-013,L2-WT-2025-02-28,2025-02-28,2025-02-28,250000.00,1,2025-02-28,EMP-L3-00008,,BT-CL-L2-192976204
VP-202503-11394872,2025-02-28,2025-03-01,2026-01-15,V-001,V-001-INV-2568-699432,2025-02-01,2025-02-28,85000.00,14,2025-03-01,EMP-L3-00005,,BT-202503-282131531425
VP-202503-1713519,2025-02-28,2025-03-01,2026-01-15,V-002,V-002-INV-2568-978859,2025-02-01,2025-02-28,42000.00,5,2025-03-01,EMP-L3-00005,,BT-202503-438096387137
VP-202503-4125235,2025-02-28,2025-03-01,2026-01-15,V-006,V-006-INV-2568-940018,2025-02-01,2025-02-28,18500.00,10,2025-03-01,EMP-L3-00005,,BT-202503-1000498561505
VP-202503-3086418,2025-02-28,2025-03-01,2026-01-15,V-014,V-014-INV-2568-954055,2025-02-01,2025-02-28,16800.00,19,2025-03-01,EMP-L3-00005,,BT-202503-755776343582
VP-202503-8945782,2025-02-28,2025-03-04,2026-01-15,V-001,V-001-INV-2568-532823,2025-02-01,2025-02-28,85000.00,14,2025-03-04,EMP-L3-00005,,BT-202503-192516573058
VP-202503-9968552,2025-02-28,2025-03-04,2026-01-15,V-002,V-002-INV-2568-281537,2025-02-01,2025-02-28,42000.00,5,2025-03-04,EMP-L3-00005,,BT-202503-112905827621
VP-202503-11278527,2025-02-28,2025-03-04,2026-01-15,V-006,V-006-INV-2568-65304,2025-02-01,2025-02-28,18500.00,10,2025-03-04,EMP-L3-00005,,BT-202503-49947510944
VP-202503-2579800,2025-02-28,2025-03-04,2026-01-15,V-014,V-014-INV-2568-88767,2025-02-01,2025-02-28,16800.00,19,2025-03-04,EMP-L3-00005,,BT-202503-126081500342
VP-CL-L3-221225484,2025-02-28,2025-03-05,2026-01-15,V-013,PW-INV-L3-2025-02-28,2025-02-01,2025-02-28,63500.00,1,2025-03-01,EMP-L3-00005,,BT-CL-L3-197782188
VP-202503-15683383,2025-02-28,2025-03-08,2026-01-15,V-001,V-001-INV-2568-124639,2025-02-01,2025-02-28,85000.00,14,2025-03-08,EMP-L3-00005,,BT-202503-115572808665
VP-202503-1657642,2025-02-28,2025-03-08,2026-01-15,V-002,V-002-INV-2568-976526,2025-02-01,2025-02-28,42000.00,5,2025-03-08,EMP-L3-00005,,BT-202503-333619131502
VP-202503-7308195,2025-02-28,2025-03-08,2026-01-15,V-006,V-006-INV-2568-269861,2025-02-01,2025-02-28,18500.00,10,2025-03-08,EMP-L3-00005,,BT-202503-228762162503
VP-202503-10599392,2025-02-28,2025-03-08,2026-01-15,V-014,V-014-INV-2568-835954,2025-02-01,2025-02-28,16800.00,19,2025-03-08,EMP-L3-00005,,BT-202503-42891749741
VP-202503-1763442,2025-02-28,2025-03-11,2026-01-15,V-001,V-001-INV-2568-241767,2025-02-01,2025-02-28,85000.00,14,2025-03-11,EMP-L3-00005,,BT-202503-1080049370304
VP-202503-4586010,2025-02-28,2025-03-11,2026-01-15,V-002,V-002-INV-2568-143123,2025-02-01,2025-02-28,42000.00,5,2025-03-11,EMP-L3-00005,,BT-202503-889885548891
VP-202503-16664145,2025-02-28,2025-03-11,2026-01-15,V-006,V-006-INV-2568-925248,2025-02-01,2025-02-28,18500.00,10,2025-03-11,EMP-L3-00005,,BT-202503-1075485036162
VP-202503-4909351,2025-02-28,2025-03-11,2026-01-15,V-014,V-014-INV-2568-329561,2025-02-01,2025-02-28,16800.00,19,2025-03-11,EMP-L3-00005,,BT-202503-1063209312935
VP-CL-L2-91084441,2025-03-11,2025-03-11,2026-01-15,V-013,L2-MC-2025-03-11,2025-03-11,2025-03-11,55000.00,1,2025-03-11,EMP-L3-00008,,BT-CL-L2-2500807
VP-202503-15509203,2025-02-28,2025-03-15,2026-01-15,V-001,V-001-INV-2568-1001823,2025-02-01,2025-02-28,85000.00,14,2025-03-15,EMP-L3-00005,,BT-202503-361550964890
VP-202503-498625,2025-02-28,2025-03-15,2026-01-15,V-002,V-002-INV-2568-817232,2025-02-01,2025-02-28,42000.00,5,2025-03-15,EMP-L3-00005,,BT-202503-110654495909
VP-202503-6115154,2025-02-28,2025-03-15,2026-01-15,V-006,V-006-INV-2568-745205,2025-02-01,2025-02-28,18500.00,10,2025-03-15,EMP-L3-00005,,BT-202503-267758545272
VP-202503-539697,2025-02-28,2025-03-15,2026-01-15,V-014,V-014-INV-2568-180565,2025-02-01,2025-02-28,16800.00,19,2025-03-15,EMP-L3-00005,,BT-202503-97808144314
VP-202503-5289841,2025-02-28,2025-03-18,2026-01-15,V-001,V-001-INV-2568-316134,2025-02-01,2025-02-28,85000.00,14,2025-03-18,EMP-L3-00005,,BT-202503-522361818861
VP-202503-15159096,2025-02-28,2025-03-18,2026-01-15,V-002,V-002-INV-2568-529698,2025-02-01,2025-02-28,42000.00,5,2025-03-18,EMP-L3-00005,,BT-202503-790160734940
VP-202503-8775229,2025-02-28,2025-03-18,2026-01-15,V-006,V-006-INV-2568-416848,2025-02-01,2025-02-28,18500.00,10,2025-03-18,EMP-L3-00005,,BT-202503-958998569499
VP-202503-3288172,2025-02-28,2025-03-18,2026-01-15,V-014,V-014-INV-2568-787974,2025-02-01,2025-02-28,16800.00,19,2025-03-18,EMP-L3-00005,,BT-202503-890206559287
VP-202503-9928541,2025-02-28,2025-03-22,2026-01-15,V-001,V-001-INV-2568-693659,2025-02-01,2025-02-28,85000.00,14,2025-03-22,EMP-L3-00005,,BT-202503-64083753700
VP-202503-15874067,2025-02-28,2025-03-22,2026-01-15,V-002,V-002-INV-2568-205236,2025-02-01,2025-02-28,42000.00,5,2025-03-22,EMP-L3-00005,,BT-202503-349675171194
VP-202503-5894332,2025-02-28,2025-03-22,2026-01-15,V-006,V-006-INV-2568-602401,2025-02-01,2025-02-28,18500.00,10,2025-03-22,EMP-L3-00005,,BT-202503-170185768555
VP-202503-13055163,2025-02-28,2025-03-22,2026-01-15,V-014,V-014-INV-2568-843122,2025-02-01,2025-02-28,16800.00,19,2025-03-22,EMP-L3-00005,,BT-202503-55805339882
VP-202503-4444977,2025-02-28,2025-03-25,2026-01-15,V-001,V-001-INV-2568-996484,2025-02-01,2025-02-28,85000.00,14,2025-03-25,EMP-L3-00005,,BT-202503-899784811873
VP-202503-4897221,2025-02-28,2025-03-25,2026-01-15,V-002,V-002-INV-2568-949119,2025-02-01,2025-02-28,42000.00,5,2025-03-25,EMP-L3-00005,,BT-202503-920814471126
VP-202503-7302123,2025-02-28,2025-03-25,2026-01-15,V-006,V-006-INV-2568-396547,2025-02-01,2025-02-28,18500.00,10,2025-03-25,EMP-L3-00005,,BT-202503-598671156033
VP-202503-14571669,2025-02-28,2025-03-25,2026-01-15,V-014,V-014-INV-2568-48974,2025-02-01,2025-02-28,16800.00,19,2025-03-25,EMP-L3-00005,,BT-202503-433731187203
VP-202503-12810436,2025-02-28,2025-03-28,2026-01-15,V-013,V-013-INV-2568-713683,2025-02-01,2025-02-28,12500.00,1,2025-03-28,EMP-L3-00005,,BT-202503-592325430378
VP-202504-12217558,2025-03-31,2025-04-01,2026-01-15,V-001,V-001-INV-2568-108971,2025-03-01,2025-03-31,85000.00,14,2025-04-01,EMP-L3-00005,,BT-202504-866399203133
VP-202504-6765407,2025-03-31,2025-04-01,2026-01-15,V-002,V-002-INV-2568-277723,2025-03-01,2025-03-31,42000.00,5,2025-04-01,EMP-L3-00005,,BT-202504-601122989027
VP-202504-2810016,2025-03-31,2025-04-01,2026-01-15,V-006,V-006-INV-2568-589472,2025-03-01,2025-03-31,18500.00,10,2025-04-01,EMP-L3-00005,,BT-202504-659189789668
VP-202504-9602420,2025-03-31,2025-04-01,2026-01-15,V-018,V-018-INV-2568-1012691,2025-03-01,2025-03-31,19200.00,20,2025-04-01,EMP-L3-00005,,BT-202504-848694634872
VP-202504-1166958,2025-03-31,2025-04-04,2026-01-15,V-001,V-001-INV-2568-367933,2025-03-01,2025-03-31,85000.00,14,2025-04-04,EMP-L3-00005,,BT-202504-61087131767
VP-202504-3336850,2025-03-31,2025-04-04,2026-01-15,V-002,V-002-INV-2568-95892,2025-03-01,2025-03-31,42000.00,5,2025-04-04,EMP-L3-00005,,BT-202504-666309319775
VP-202504-2254206,2025-03-31,2025-04-04,2026-01-15,V-006,V-006-INV-2568-168298,2025-03-01,2025-03-31,18500.00,10,2025-04-04,EMP-L3-00005,,BT-202504-203659749186
VP-202504-4373519,2025-03-31,2025-04-04,2026-01-15,V-018,V-018-INV-2568-525136,2025-03-01,2025-03-31,19200.00,20,2025-04-04,EMP-L3-00005,,BT-202504-978109508408
VP-202504-9096124,2025-03-31,2025-04-05,2026-01-15,V-013,PW-INV-2568-04823,2025-03-01,2025-03-31,89000.00,1,2025-04-01,EMP-L3-00005,,BT-202504-1067675454044
VP-202504-4728597,2025-03-31,2025-04-08,2026-01-15,V-001,V-001-INV-2568-694514,2025-03-01,2025-03-31,85000.00,14,2025-04-08,EMP-L3-00005,,BT-202504-199185452212
VP-202504-1038416,2025-03-31,2025-04-08,2026-01-15,V-002,V-002-INV-2568-962339,2025-03-01,2025-03-31,42000.00,5,2025-04-08,EMP-L3-00005,,BT-202504-426704049585
VP-202504-10276961,2025-03-31,2025-04-08,2026-01-15,V-006,V-006-INV-2568-39542,2025-03-01,2025-03-31,18500.00,10,2025-04-08,EMP-L3-00005,,BT-202504-489233173154
VP-202504-4885869,2025-03-31,2025-04-08,2026-01-15,V-018,V-018-INV-2568-287679,2025-03-01,2025-03-31,19200.00,20,2025-04-08,EMP-L3-00005,,BT-202504-681481553345
VP-202504-8052190,2025-03-31,2025-04-11,2026-01-15,V-001,V-001-INV-2568-548536,2025-03-01,2025-03-31,85000.00,14,2025-04-11,EMP-L3-00005,,BT-202504-538408502956
VP-202504-14318357,2025-03-31,2025-04-11,2026-01-15,V-002,V-002-INV-2568-789380,2025-03-01,2025-03-31,42000.00,5,2025-04-11,EMP-L3-00005,,BT-202504-1086158446692
VP-202504-171637,2025-03-31,2025-04-11,2026-01-15,V-006,V-006-INV-2568-130454,2025-03-01,2025-03-31,18500.00,10,2025-04-11,EMP-L3-00005,,BT-202504-462033390415
VP-202504-13275917,2025-03-31,2025-04-11,2026-01-15,V-018,V-018-INV-2568-1027964,2025-03-01,2025-03-31,19200.00,20,2025-04-11,EMP-L3-00005,,BT-202504-142564363288
VP-202504-4423219,2025-03-31,2025-04-15,2026-01-15,V-001,V-001-INV-2568-770585,2025-03-01,2025-03-31,85000.00,14,2025-04-15,EMP-L3-00005,,BT-202504-136939324430
VP-202504-14098247,2025-03-31,2025-04-15,2026-01-15,V-002,V-002-INV-2568-388693,2025-03-01,2025-03-31,42000.00,5,2025-04-15,EMP-L3-00005,,BT-202504-1010004470757
VP-202504-14233313,2025-03-31,2025-04-15,2026-01-15,V-006,V-006-INV-2568-439015,2025-03-01,2025-03-31,18500.00,10,2025-04-15,EMP-L3-00005,,BT-202504-124430556888
VP-202504-6533896,2025-03-31,2025-04-15,2026-01-15,V-018,V-018-INV-2568-46224,2025-03-01,2025-03-31,19200.00,20,2025-04-15,EMP-L3-00005,,BT-202504-458618595317
VP-202504-13995431,2025-03-31,2025-04-18,2026-01-15,V-001,V-001-INV-2568-65657,2025-03-01,2025-03-31,85000.00,14,2025-04-18,EMP-L3-00005,,BT-202504-204708852446
VP-202504-9173182,2025-03-31,2025-04-18,2026-01-15,V-002,V-002-INV-2568-970703,2025-03-01,2025-03-31,42000.00,5,2025-04-18,EMP-L3-00005,,BT-202504-75657485805
VP-202504-5576302,2025-03-31,2025-04-18,2026-01-15,V-006,V-006-INV-2568-255791,2025-03-01,2025-03-31,18500.00,10,2025-04-18,EMP-L3-00005,,BT-202504-995698824521
VP-202504-2636304,2025-03-31,2025-04-18,2026-01-15,V-018,V-018-INV-2568-910534,2025-03-01,2025-03-31,19200.00,20,2025-04-18,EMP-L3-00005,,BT-202504-212837241886
VP-202504-4588446,2025-03-31,2025-04-22,2026-01-15,V-001,V-001-INV-2568-1017526,2025-03-01,2025-03-31,85000.00,14,2025-04-22,EMP-L3-00005,,BT-202504-672418222403
VP-202504-10810936,2025-03-31,2025-04-22,2026-01-15,V-002,V-002-INV-2568-516937,2025-03-01,2025-03-31,42000.00,5,2025-04-22,EMP-L3-00005,,BT-202504-550953556763
VP-202504-10895355,2025-03-31,2025-04-22,2026-01-15,V-006,V-006-INV-2568-85163,2025-03-01,2025-03-31,18500.00,10,2025-04-22,EMP-L3-00005,,BT-202504-913695858629
VP-202504-6865943,2025-03-31,2025-04-22,2026-01-15,V-018,V-018-INV-2568-779486,2025-03-01,2025-03-31,19200.00,20,2025-04-22,EMP-L3-00005,,BT-202504-711745626838
VP-202504-13258021,2025-03-31,2025-04-25,2026-01-15,V-001,V-001-INV-2568-492920,2025-03-01,2025-03-31,85000.00,14,2025-04-25,EMP-L3-00005,,BT-202504-600152893577
VP-202504-2603272,2025-03-31,2025-04-25,2026-01-15,V-002,V-002-INV-2568-627822,2025-03-01,2025-03-31,42000.00,5,2025-04-25,EMP-L3-00005,,BT-202504-184108513174
VP-202504-5101404,2025-03-31,2025-04-25,2026-01-15,V-006,V-006-INV-2568-167652,2025-03-01,2025-03-31,18500.00,10,2025-04-25,EMP-L3-00005,,BT-202504-666570926833
VP-202504-4274316,2025-03-31,2025-04-25,2026-01-15,V-018,V-018-INV-2568-85938,2025-03-01,2025-03-31,19200.00,20,2025-04-25,EMP-L3-00005,,BT-202504-538483919166
VP-202504-4671869,2025-03-31,2025-04-28,2026-01-15,V-013,V-013-INV-2568-432024,2025-03-01,2025-03-31,12500.00,1,2025-04-28,EMP-L3-00005,,BT-202504-418485154168
VP-202505-16621674,2025-04-30,2025-05-01,2026-01-15,V-001,V-001-INV-2568-19409,2025-04-01,2025-04-30,85000.00,15,2025-05-01,EMP-L3-00005,,BT-202505-287521873993
VP-202505-1073434,2025-04-30,2025-05-01,2026-01-15,V-002,V-002-INV-2568-349728,2025-04-01,2025-04-30,42000.00,5,2025-05-01,EMP-L3-00005,,BT-202505-171905547997
VP-202505-14262226,2025-04-30,2025-05-01,2026-01-15,V-006,V-006-INV-2568-489425,2025-04-01,2025-04-30,18500.00,11,2025-05-01,EMP-L3-00005,,BT-202505-965132065332
VP-202505-11903263,2025-04-30,2025-05-01,2026-01-15,V-018,V-018-INV-2568-989538,2025-04-01,2025-04-30,19200.00,20,2025-05-01,EMP-L3-00005,,BT-202505-746349214933
VP-202505-12012955,2025-04-30,2025-05-04,2026-01-15,V-001,V-001-INV-2568-510834,2025-04-01,2025-04-30,85000.00,15,2025-05-04,EMP-L3-00005,,BT-202505-611427479621
VP-202505-14219629,2025-04-30,2025-05-04,2026-01-15,V-002,V-002-INV-2568-723521,2025-04-01,2025-04-30,42000.00,5,2025-05-04,EMP-L3-00005,,BT-202505-953430666836
VP-202505-9947009,2025-04-30,2025-05-04,2026-01-15,V-006,V-006-INV-2568-96821,2025-04-01,2025-04-30,18500.00,11,2025-05-04,EMP-L3-00005,,BT-202505-878312127028
VP-202505-1190549,2025-04-30,2025-05-04,2026-01-15,V-018,V-018-INV-2568-75099,2025-04-01,2025-04-30,19200.00,20,2025-05-04,EMP-L3-00005,,BT-202505-151665305675
VP-CL-L3-2212077,2025-04-30,2025-05-05,2026-01-15,V-013,PW-INV-L3-2025-04-30,2025-04-01,2025-04-30,69000.00,2,2025-05-01,EMP-L3-00005,,BT-CL-L3-103551547
VP-CL-L2-54920102,2025-05-06,2025-05-06,2026-01-15,V-013,L2-MC-2025-05-06,2025-05-06,2025-05-06,70000.00,2,2025-05-06,EMP-L3-00008,,BT-CL-L2-29038372
VP-202505-9081510,2025-04-30,2025-05-08,2026-01-15,V-001,V-001-INV-2568-569799,2025-04-01,2025-04-30,85000.00,15,2025-05-08,EMP-L3-00005,,BT-202505-783425141921
VP-202505-6887380,2025-04-30,2025-05-08,2026-01-15,V-002,V-002-INV-2568-103698,2025-04-01,2025-04-30,42000.00,5,2025-05-08,EMP-L3-00005,,BT-202505-1089632931209
VP-202505-8890253,2025-04-30,2025-05-08,2026-01-15,V-006,V-006-INV-2568-423908,2025-04-01,2025-04-30,18500.00,11,2025-05-08,EMP-L3-00005,,BT-202505-164787375602
VP-202505-4351943,2025-04-30,2025-05-08,2026-01-15,V-018,V-018-INV-2568-994064,2025-04-01,2025-04-30,19200.00,20,2025-05-08,EMP-L3-00005,,BT-202505-749212218087
VP-202505-12801998,2025-04-30,2025-05-11,2026-01-15,V-001,V-001-INV-2568-435236,2025-04-01,2025-04-30,85000.00,15,2025-05-11,EMP-L3-00005,,BT-202505-593716281806
VP-202505-9878266,2025-04-30,2025-05-11,2026-01-15,V-002,V-002-INV-2568-553526,2025-04-01,2025-04-30,42000.00,5,2025-05-11,EMP-L3-00005,,BT-202505-144791886200
VP-202505-6925298,2025-04-30,2025-05-11,2026-01-15,V-006,V-006-INV-2568-221317,2025-04-01,2025-04-30,18500.00,11,2025-05-11,EMP-L3-00005,,BT-202505-755380686670
VP-202505-12350577,2025-04-30,2025-05-11,2026-01-15,V-018,V-018-INV-2568-216269,2025-04-01,2025-04-30,19200.00,20,2025-05-11,EMP-L3-00005,,BT-202505-348103606029
VP-202505-1713069,2025-04-30,2025-05-15,2026-01-15,V-001,V-001-INV-2568-956782,2025-04-01,2025-04-30,85000.00,15,2025-05-15,EMP-L3-00005,,BT-202505-897741215628
VP-202505-4339499,2025-04-30,2025-05-15,2026-01-15,V-002,V-002-INV-2568-530268,2025-04-01,2025-04-30,42000.00,5,2025-05-15,EMP-L3-00005,,BT-202505-478632118683
VP-202505-10392751,2025-04-30,2025-05-15,2026-01-15,V-006,V-006-INV-2568-252217,2025-04-01,2025-04-30,18500.00,11,2025-05-15,EMP-L3-00005,,BT-202505-971828693846
VP-202505-8256374,2025-04-30,2025-05-15,2026-01-15,V-018,V-018-INV-2568-196404,2025-04-01,2025-04-30,19200.00,20,2025-05-15,EMP-L3-00005,,BT-202505-598102015914
VP-202505-10014149,2025-04-30,2025-05-18,2026-01-15,V-001,V-001-INV-2568-833020,2025-04-01,2025-04-30,85000.00,15,2025-05-18,EMP-L3-00005,,BT-202505-279659587803
VP-202505-7154053,2025-04-30,2025-05-18,2026-01-15,V-002,V-002-INV-2568-101070,2025-04-01,2025-04-30,42000.00,5,2025-05-18,EMP-L3-00005,,BT-202505-838505737019
VP-202505-14187244,2025-04-30,2025-05-18,2026-01-15,V-006,V-006-INV-2568-106510,2025-04-01,2025-04-30,18500.00,11,2025-05-18,EMP-L3-00005,,BT-202505-549167366466
VP-202505-1914367,2025-04-30,2025-05-18,2026-01-15,V-018,V-018-INV-2568-602142,2025-04-01,2025-04-30,19200.00,20,2025-05-18,EMP-L3-00005,,BT-202505-906160222491
VP-202505-9021709,2025-04-30,2025-05-22,2026-01-15,V-001,V-001-INV-2568-280504,2025-04-01,2025-04-30,85000.00,15,2025-05-22,EMP-L3-00005,,BT-202505-186573214143
VP-202505-12854306,2025-04-30,2025-05-22,2026-01-15,V-002,V-002-INV-2568-826679,2025-04-01,2025-04-30,42000.00,5,2025-05-22,EMP-L3-00005,,BT-202505-1032012271643
VP-202505-3378211,2025-04-30,2025-05-22,2026-01-15,V-006,V-006-INV-2568-52934,2025-04-01,2025-04-30,18500.00,11,2025-05-22,EMP-L3-00005,,BT-202505-410409221724
VP-202505-16583343,2025-04-30,2025-05-22,2026-01-15,V-018,V-018-INV-2568-957084,2025-04-01,2025-04-30,19200.00,20,2025-05-22,EMP-L3-00005,,BT-202505-892664804000
VP-CL-L2-141728529,2025-05-23,2025-05-23,2026-01-15,V-013,L2-WT-2025-05-23,2025-05-23,2025-05-23,350000.00,2,2025-05-23,EMP-L3-00008,,BT-CL-L2-92946780
VP-202505-14603960,2025-04-30,2025-05-25,2026-01-15,V-001,V-001-INV-2568-389878,2025-04-01,2025-04-30,85000.00,15,2025-05-25,EMP-L3-00005,,BT-202505-730449275817
VP-202505-8173607,2025-04-30,2025-05-25,2026-01-15,V-002,V-002-INV-2568-658413,2025-04-01,2025-04-30,42000.00,5,2025-05-25,EMP-L3-00005,,BT-202505-1086796012329
VP-202505-496153,2025-04-30,2025-05-25,2026-01-15,V-006,V-006-INV-2568-742193,2025-04-01,2025-04-30,18500.00,11,2025-05-25,EMP-L3-00005,,BT-202505-325806449731
VP-202505-10622210,2025-04-30,2025-05-25,2026-01-15,V-018,V-018-INV-2568-348801,2025-04-01,2025-04-30,19200.00,20,2025-05-25,EMP-L3-00005,,BT-202505-1045322020521
VP-202505-15926882,2025-04-30,2025-05-28,2026-01-15,V-013,V-013-INV-2568-1040565,2025-04-01,2025-04-30,12500.00,2,2025-05-28,EMP-L3-00005,,BT-202505-1092227222520
VP-202506-6480726,2025-05-31,2025-06-01,2026-01-15,V-001,V-001-INV-2568-196478,2025-05-01,2025-05-31,85000.00,15,2025-06-01,EMP-L3-00005,,BT-202506-7309248910
VP-202506-13674571,2025-05-31,2025-06-01,2026-01-15,V-002,V-002-INV-2568-72284,2025-05-01,2025-05-31,42000.00,5,2025-06-01,EMP-L3-00005,,BT-202506-67439768595
VP-202506-9616395,2025-05-31,2025-06-01,2026-01-15,V-006,V-006-INV-2568-754517,2025-05-01,2025-05-31,18500.00,11,2025-06-01,EMP-L3-00005,,BT-202506-738905697568
VP-202506-10027751,2025-05-31,2025-06-01,2026-01-15,V-018,V-018-INV-2568-287880,2025-05-01,2025-05-31,19200.00,20,2025-06-01,EMP-L3-00005,,BT-202506-914338860394
VP-202506-6073422,2025-05-31,2025-06-04,2026-01-15,V-001,V-001-INV-2568-757000,2025-05-01,2025-05-31,85000.00,15,2025-06-04,EMP-L3-00005,,BT-202506-446421812903
VP-202506-4162733,2025-05-31,2025-06-04,2026-01-15,V-002,V-002-INV-2568-655058,2025-05-01,2025-05-31,42000.00,5,2025-06-04,EMP-L3-00005,,BT-202506-631024481091
VP-202506-5031139,2025-05-31,2025-06-04,2026-01-15,V-006,V-006-INV-2568-1040779,2025-05-01,2025-05-31,18500.00,11,2025-06-04,EMP-L3-00005,,BT-202506-994394030366
VP-202506-8142733,2025-05-31,2025-06-04,2026-01-15,V-018,V-018-INV-2568-537278,2025-05-01,2025-05-31,19200.00,20,2025-06-04,EMP-L3-00005,,BT-202506-394070019653
VP-202506-2921939,2025-05-31,2025-06-08,2026-01-15,V-001,V-001-INV-2568-794889,2025-05-01,2025-05-31,85000.00,15,2025-06-08,EMP-L3-00005,,BT-202506-928646955899
VP-202506-16211216,2025-05-31,2025-06-08,2026-01-15,V-002,V-002-INV-2568-390186,2025-05-01,2025-05-31,42000.00,5,2025-06-08,EMP-L3-00005,,BT-202506-984415294224
VP-202506-2796913,2025-05-31,2025-06-08,2026-01-15,V-006,V-006-INV-2568-416514,2025-05-01,2025-05-31,18500.00,11,2025-06-08,EMP-L3-00005,,BT-202506-381415217862
VP-202506-640208,2025-05-31,2025-06-08,2026-01-15,V-018,V-018-INV-2568-188904,2025-05-01,2025-05-31,19200.00,20,2025-06-08,EMP-L3-00005,,BT-202506-236369822658
VP-202506-13291382,2025-05-31,2025-06-11,2026-01-15,V-001,V-001-INV-2568-467385,2025-05-01,2025-05-31,85000.00,15,2025-06-11,EMP-L3-00005,,BT-202506-148086679090
VP-202506-7389850,2025-05-31,2025-06-11,2026-01-15,V-002,V-002-INV-2568-931703,2025-05-01,2025-05-31,42000.00,5,2025-06-11,EMP-L3-00005,,BT-202506-608629140636
VP-202506-10869555,2025-05-31,2025-06-11,2026-01-15,V-006,V-006-INV-2568-980153,2025-05-01,2025-05-31,18500.00,11,2025-06-11,EMP-L3-00005,,BT-202506-748469801304
VP-202506-10328258,2025-05-31,2025-06-11,2026-01-15,V-018,V-018-INV-2568-853603,2025-05-01,2025-05-31,19200.00,20,2025-06-11,EMP-L3-00005,,BT-202506-364802586530
VP-202506-13990272,2025-05-31,2025-06-15,2026-01-15,V-001,V-001-INV-2568-70790,2025-05-01,2025-05-31,85000.00,15,2025-06-15,EMP-L3-00005,,BT-202506-291327475665
VP-202506-6903167,2025-05-31,2025-06-15,2026-01-15,V-002,V-002-INV-2568-299955,2025-05-01,2025-05-31,42000.00,5,2025-06-15,EMP-L3-00005,,BT-202506-895764180180
VP-202506-6639088,2025-05-31,2025-06-15,2026-01-15,V-006,V-006-INV-2568-812196,2025-05-01,2025-05-31,18500.00,11,2025-06-15,EMP-L3-00005,,BT-202506-360089409507
VP-202506-1608328,2025-05-31,2025-06-15,2026-01-15,V-018,V-018-INV-2568-759579,2025-05-01,2025-05-31,19200.00,20,2025-06-15,EMP-L3-00005,,BT-202506-539108994321
VP-202506-2375156,2025-05-31,2025-06-18,2026-01-15,V-001,V-001-INV-2568-1019056,2025-05-01,2025-05-31,85000.00,15,2025-06-18,EMP-L3-00005,,BT-202506-277671489275
VP-202506-7278470,2025-05-31,2025-06-18,2026-01-15,V-002,V-002-INV-2568-696570,2025-05-01,2025-05-31,42000.00,5,2025-06-18,EMP-L3-00005,,BT-202506-810019531932
VP-202506-6772986,2025-05-31,2025-06-18,2026-01-15,V-006,V-006-INV-2568-877518,2025-05-01,2025-05-31,18500.00,11,2025-06-18,EMP-L3-00005,,BT-202506-987547356733
VP-202506-4803714,2025-05-31,2025-06-18,2026-01-15,V-018,V-018-INV-2568-992513,2025-05-01,2025-05-31,19200.00,20,2025-06-18,EMP-L3-00005,,BT-202506-692296375235
VP-202506-8097342,2025-05-31,2025-06-22,2026-01-15,V-001,V-001-INV-2568-302798,2025-05-01,2025-05-31,85000.00,15,2025-06-22,EMP-L3-00005,,BT-202506-607985659298
VP-202506-10864071,2025-05-31,2025-06-22,2026-01-15,V-002,V-002-INV-2568-743374,2025-05-01,2025-05-31,42000.00,5,2025-06-22,EMP-L3-00005,,BT-202506-934840479618
VP-202506-2175796,2025-05-31,2025-06-22,2026-01-15,V-006,V-006-INV-2568-239519,2025-05-01,2025-05-31,18500.00,11,2025-06-22,EMP-L3-00005,,BT-202506-744656431975
VP-202506-817839,2025-05-31,2025-06-22,2026-01-15,V-018,V-018-INV-2568-347324,2025-05-01,2025-05-31,19200.00,20,2025-06-22,EMP-L3-00005,,BT-202506-56588412015
VP-202506-892171,2025-05-31,2025-06-25,2026-01-15,V-001,V-001-INV-2568-358028,2025-05-01,2025-05-31,85000.00,15,2025-06-25,EMP-L3-00005,,BT-202506-822617608969
VP-202506-14212169,2025-05-31,2025-06-25,2026-01-15,V-002,V-002-INV-2568-593846,2025-05-01,2025-05-31,42000.00,5,2025-06-25,EMP-L3-00005,,BT-202506-246992466243
VP-202506-7273316,2025-05-31,2025-06-25,2026-01-15,V-006,V-006-INV-2568-125873,2025-05-01,2025-05-31,18500.00,11,2025-06-25,EMP-L3-00005,,BT-202506-634840415324
VP-202506-11321546,2025-05-31,2025-06-25,2026-01-15,V-018,V-018-INV-2568-813066,2025-05-01,2025-05-31,19200.00,20,2025-06-25,EMP-L3-00005,,BT-202506-226575652732
VP-202506-14275134,2025-05-31,2025-06-28,2026-01-15,V-013,V-013-INV-2568-56623,2025-05-01,2025-05-31,12500.00,2,2025-06-28,EMP-L3-00005,,BT-202506-713503389026
VP-202507-14646226,2025-06-30,2025-07-01,2026-01-15,V-001,V-001-INV-2568-906736,2025-06-01,2025-06-30,85000.00,15,2025-07-01,EMP-L3-00005,,BT-202507-431308424137
VP-202507-11281552,2025-06-30,2025-07-01,2026-01-15,V-002,V-002-INV-2568-104196,2025-06-01,2025-06-30,42000.00,6,2025-07-01,EMP-L3-00005,,BT-202507-1089693970862
VP-202507-7986654,2025-06-30,2025-07-01,2026-01-15,V-006,V-006-INV-2568-144207,2025-06-01,2025-06-30,18500.00,11,2025-07-01,EMP-L3-00005,,BT-202507-466817900178
VP-202507-5203026,2025-06-30,2025-07-01,2026-01-15,V-018,V-018-INV-2568-446393,2025-06-01,2025-06-30,19200.00,20,2025-07-01,EMP-L3-00005,,BT-202507-262340663047
VP-202507-12555170,2025-06-30,2025-07-04,2026-01-15,V-001,V-001-INV-2568-376412,2025-06-01,2025-06-30,85000.00,15,2025-07-04,EMP-L3-00005,,BT-202507-1712669980
VP-202507-11451462,2025-06-30,2025-07-04,2026-01-15,V-002,V-002-INV-2568-628362,2025-06-01,2025-06-30,42000.00,6,2025-07-04,EMP-L3-00005,,BT-202507-741504633991
VP-202507-11138373,2025-06-30,2025-07-04,2026-01-15,V-006,V-006-INV-2568-510965,2025-06-01,2025-06-30,18500.00,11,2025-07-04,EMP-L3-00005,,BT-202507-332477781574
VP-202507-9852184,2025-06-30,2025-07-04,2026-01-15,V-018,V-018-INV-2568-748935,2025-06-01,2025-06-30,19200.00,20,2025-07-04,EMP-L3-00005,,BT-202507-572216096599
VP-CL-L3-236637568,2025-06-30,2025-07-05,2026-01-15,V-013,PW-INV-L3-2025-06-30,2025-06-01,2025-06-30,74250.00,2,2025-07-01,EMP-L3-00005,,BT-CL-L3-202396612
VP-202507-11926583,2025-06-30,2025-07-08,2026-01-15,V-001,V-001-INV-2568-253605,2025-06-01,2025-06-30,85000.00,15,2025-07-08,EMP-L3-00005,,BT-202507-314041595878
VP-202507-13766991,2025-06-30,2025-07-08,2026-01-15,V-002,V-002-INV-2568-1035633,2025-06-01,2025-06-30,42000.00,6,2025-07-08,EMP-L3-00005,,BT-202507-1570567862
VP-202507-10550643,2025-06-30,2025-07-08,2026-01-15,V-006,V-006-INV-2568-639593,2025-06-01,2025-06-30,18500.00,11,2025-07-08,EMP-L3-00005,,BT-202507-295223270548
VP-202507-8196666,2025-06-30,2025-07-08,2026-01-15,V-018,V-018-INV-2568-835169,2025-06-01,2025-06-30,19200.00,20,2025-07-08,EMP-L3-00005,,BT-202507-827942547972
VP-202507-14279329,2025-06-30,2025-07-11,2026-01-15,V-001,V-001-INV-2568-20039,2025-06-01,2025-06-30,85000.00,15,2025-07-11,EMP-L3-00005,,BT-202507-774990264966
VP-202507-7483337,2025-06-30,2025-07-11,2026-01-15,V-002,V-002-INV-2568-972954,2025-06-01,2025-06-30,42000.00,6,2025-07-11,EMP-L3-00005,,BT-202507-26205712524
VP-202507-16112802,2025-06-30,2025-07-11,2026-01-15,V-006,V-006-INV-2568-919325,2025-06-01,2025-06-30,18500.00,11,2025-07-11,EMP-L3-00005,,BT-202507-917252668756
VP-202507-10315158,2025-06-30,2025-07-11,2026-01-15,V-018,V-018-INV-2568-596692,2025-06-01,2025-06-30,19200.00,20,2025-07-11,EMP-L3-00005,,BT-202507-552464653937
VP-202507-14872539,2025-06-30,2025-07-15,2026-01-15,V-001,V-001-INV-2568-889878,2025-06-01,2025-06-30,85000.00,15,2025-07-15,EMP-L3-00005,,BT-202507-547638797757
VP-202507-11669447,2025-06-30,2025-07-15,2026-01-15,V-002,V-002-INV-2568-175792,2025-06-01,2025-06-30,42000.00,6,2025-07-15,EMP-L3-00005,,BT-202507-37297641193
VP-202507-7678952,2025-06-30,2025-07-15,2026-01-15,V-006,V-006-INV-2568-669542,2025-06-01,2025-06-30,18500.00,11,2025-07-15,EMP-L3-00005,,BT-202507-725912890959
VP-202507-10617290,2025-06-30,2025-07-15,2026-01-15,V-018,V-018-INV-2568-841412,2025-06-01,2025-06-30,19200.00,20,2025-07-15,EMP-L3-00005,,BT-202507-966496176332
VP-202507-9193835,2025-06-30,2025-07-18,2026-01-15,V-001,V-001-INV-2568-641075,2025-06-01,2025-06-30,85000.00,15,2025-07-18,EMP-L3-00005,,BT-202507-814170720316
VP-202507-10242873,2025-06-30,2025-07-18,2026-01-15,V-002,V-002-INV-2568-61892,2025-06-01,2025-06-30,42000.00,6,2025-07-18,EMP-L3-00005,,BT-202507-910601718887
VP-202507-10435174,2025-06-30,2025-07-18,2026-01-15,V-006,V-006-INV-2568-907093,2025-06-01,2025-06-30,18500.00,11,2025-07-18,EMP-L3-00005,,BT-202507-590943937898
VP-202507-4485958,2025-06-30,2025-07-18,2026-01-15,V-018,V-018-INV-2568-578658,2025-06-01,2025-06-30,19200.00,20,2025-07-18,EMP-L3-00005,,BT-202507-82451776090
VP-202507-3348187,2025-06-30,2025-07-22,2026-01-15,V-001,V-001-INV-2568-359650,2025-06-01,2025-06-30,85000.00,15,2025-07-22,EMP-L3-00005,,BT-202507-309799908059
VP-202507-8337151,2025-06-30,2025-07-22,2026-01-15,V-002,V-002-INV-2568-619877,2025-06-01,2025-06-30,42000.00,6,2025-07-22,EMP-L3-00005,,BT-202507-266103422633
VP-202507-8023816,2025-06-30,2025-07-22,2026-01-15,V-006,V-006-INV-2568-928869,2025-06-01,2025-06-30,18500.00,11,2025-07-22,EMP-L3-00005,,BT-202507-920137250365
VP-202507-6615499,2025-06-30,2025-07-22,2026-01-15,V-018,V-018-INV-2568-794008,2025-06-01,2025-06-30,19200.00,20,2025-07-22,EMP-L3-00005,,BT-202507-425251167927
VP-202507-2964366,2025-06-30,2025-07-25,2026-01-15,V-001,V-001-INV-2568-973744,2025-06-01,2025-06-30,85000.00,15,2025-07-25,EMP-L3-00005,,BT-202507-467676220551
VP-202507-2985791,2025-06-30,2025-07-25,2026-01-15,V-002,V-002-INV-2568-643249,2025-06-01,2025-06-30,42000.00,6,2025-07-25,EMP-L3-00005,,BT-202507-1049851112751
VP-202507-15444512,2025-06-30,2025-07-25,2026-01-15,V-006,V-006-INV-2568-654480,2025-06-01,2025-06-30,18500.00,11,2025-07-25,EMP-L3-00005,,BT-202507-502418615813
VP-202507-15275245,2025-06-30,2025-07-25,2026-01-15,V-018,V-018-INV-2568-17956,2025-06-01,2025-06-30,19200.00,20,2025-07-25,EMP-L3-00005,,BT-202507-19890195348
VP-202507-15393505,2025-06-30,2025-07-28,2026-01-15,V-013,V-013-INV-2568-509271,2025-06-01,2025-06-30,12500.00,2,2025-07-28,EMP-L3-00005,,BT-202507-31023854423
VP-202508-6331205,2025-07-31,2025-08-01,2026-01-15,V-001,V-001-INV-2568-719656,2025-07-01,2025-07-31,85000.00,15,2025-08-01,EMP-L3-00005,,BT-202508-1045211588776
VP-202508-2803323,2025-07-31,2025-08-01,2026-01-15,V-002,V-002-INV-2568-711119,2025-07-01,2025-07-31,42000.00,6,2025-08-01,EMP-L3-00005,,BT-202508-33445744171
VP-202508-5918346,2025-07-31,2025-08-01,2026-01-15,V-006,V-006-INV-2568-58649,2025-07-01,2025-07-31,18500.00,11,2025-08-01,EMP-L3-00005,,BT-202508-589374592363
VP-202508-8201067,2025-07-31,2025-08-01,2026-01-15,V-018,V-018-INV-2568-997125,2025-07-01,2025-07-31,19200.00,20,2025-08-01,EMP-L3-00005,,BT-202508-750145284094
VP-202508-12609775,2025-07-31,2025-08-04,2026-01-15,V-001,V-001-INV-2568-23997,2025-07-01,2025-07-31,85000.00,15,2025-08-04,EMP-L3-00005,,BT-202508-18412683971
VP-202508-1034184,2025-07-31,2025-08-04,2026-01-15,V-002,V-002-INV-2568-95406,2025-07-01,2025-07-31,42000.00,6,2025-08-04,EMP-L3-00005,,BT-202508-695205028477
VP-202508-13794615,2025-07-31,2025-08-04,2026-01-15,V-006,V-006-INV-2568-05309,2025-07-01,2025-07-31,18500.00,11,2025-08-04,EMP-L3-00005,,BT-202508-196023593546
VP-202508-3276488,2025-07-31,2025-08-04,2026-01-15,V-018,V-018-INV-2568-849884,2025-07-01,2025-07-31,19200.00,20,2025-08-04,EMP-L3-00005,,BT-202508-993269873978
VP-202508-4337219,2025-07-31,2025-08-08,2026-01-15,V-001,V-001-INV-2568-164050,2025-07-01,2025-07-31,85000.00,15,2025-08-08,EMP-L3-00005,,BT-202508-625690766738
VP-202508-15815341,2025-07-31,2025-08-08,2026-01-15,V-002,V-002-INV-2568-540735,2025-07-01,2025-07-31,42000.00,6,2025-08-08,EMP-L3-00005,,BT-202508-1012992128973
VP-202508-7403429,2025-07-31,2025-08-08,2026-01-15,V-006,V-006-INV-2568-485111,2025-07-01,2025-07-31,18500.00,11,2025-08-08,EMP-L3-00005,,BT-202508-463051785311
VP-202508-4656807,2025-07-31,2025-08-08,2026-01-15,V-018,V-018-INV-2568-1003175,2025-07-01,2025-07-31,19200.00,20,2025-08-08,EMP-L3-00005,,BT-202508-500183154766
VP-202508-011564,2025-07-31,2025-08-11,2026-01-15,V-001,V-001-INV-2568-915810,2025-07-01,2025-07-31,85000.00,15,2025-08-11,EMP-L3-00005,,BT-202508-786132537621
VP-202508-7034689,2025-07-31,2025-08-11,2026-01-15,V-002,V-002-INV-2568-39538,2025-07-01,2025-07-31,42000.00,6,2025-08-11,EMP-L3-00005,,BT-202508-490587700124
VP-202508-13084613,2025-07-31,2025-08-11,2026-01-15,V-006,V-006-INV-2568-197892,2025-07-01,2025-07-31,18500.00,11,2025-08-11,EMP-L3-00005,,BT-202508-427773667568
VP-202508-5234855,2025-07-31,2025-08-11,2026-01-15,V-018,V-018-INV-2568-500943,2025-07-01,2025-07-31,19200.00,20,2025-08-11,EMP-L3-00005,,BT-202508-10402713287
VP-202508-966335,2025-07-31,2025-08-15,2026-01-15,V-001,V-001-INV-2568-18154,2025-07-01,2025-07-31,85000.00,15,2025-08-15,EMP-L3-00005,,BT-202508-841257251757
VP-202508-7049175,2025-07-31,2025-08-15,2026-01-15,V-002,V-002-INV-2568-109840,2025-07-01,2025-07-31,42000.00,6,2025-08-15,EMP-L3-00005,,BT-202508-372205076157
VP-202508-755349,2025-07-31,2025-08-15,2026-01-15,V-006,V-006-INV-2568-74902,2025-07-01,2025-07-31,18500.00,11,2025-08-15,EMP-L3-00005,,BT-202508-368845805019
VP-202508-1601600,2025-07-31,2025-08-15,2026-01-15,V-018,V-018-INV-2568-749499,2025-07-01,2025-07-31,19200.00,20,2025-08-15,EMP-L3-00005,,BT-202508-547211478879
VP-202508-12026457,2025-07-31,2025-08-18,2026-01-15,V-001,V-001-INV-2568-1017511,2025-07-01,2025-07-31,85000.00,15,2025-08-18,EMP-L3-00005,,BT-202508-295218855186
VP-202508-15035154,2025-07-31,2025-08-18,2026-01-15,V-002,V-002-INV-2568-477174,2025-07-01,2025-07-31,42000.00,6,2025-08-18,EMP-L3-00005,,BT-202508-1077001482372
VP-202508-12751641,2025-07-31,2025-08-18,2026-01-15,V-006,V-006-INV-2568-313027,2025-07-01,2025-07-31,18500.00,11,2025-08-18,EMP-L3-00005,,BT-202508-901288947204
VP-202508-6199049,2025-07-31,2025-08-18,2026-01-15,V-018,V-018-INV-2568-528616,2025-07-01,2025-07-31,19200.00,20,2025-08-18,EMP-L3-00005,,BT-202508-431420283161
VP-202508-11326731,2025-07-31,2025-08-22,2026-01-15,V-001,V-001-INV-2568-633103,2025-07-01,2025-07-31,85000.00,15,2025-08-22,EMP-L3-00005,,BT-202508-283174121146
VP-202508-12028847,2025-07-31,2025-08-22,2026-01-15,V-002,V-002-INV-2568-329285,2025-07-01,2025-07-31,42000.00,6,2025-08-22,EMP-L3-00005,,BT-202508-776383295907
VP-202508-11981512,2025-07-31,2025-08-22,2026-01-15,V-006,V-006-INV-2568-357260,2025-07-01,2025-07-31,18500.00,11,2025-08-22,EMP-L3-00005,,BT-202508-1056624023422
VP-202508-598478,2025-07-31,2025-08-22,2026-01-15,V-018,V-018-INV-2568-102942,2025-07-01,2025-07-31,19200.00,20,2025-08-22,EMP-L3-00005,,BT-202508-1032823391142
VP-202508-15746657,2025-07-31,2025-08-25,2026-01-15,V-001,V-001-INV-2568-484481,2025-07-01,2025-07-31,85000.00,15,2025-08-25,EMP-L3-00005,,BT-202508-978651367119
VP-202508-9990170,2025-07-31,2025-08-25,2026-01-15,V-002,V-002-INV-2568-820592,2025-07-01,2025-07-31,42000.00,6,2025-08-25,EMP-L3-00005,,BT-202508-683660606814
VP-202508-4942041,2025-07-31,2025-08-25,2026-01-15,V-006,V-006-INV-2568-892971,2025-07-01,2025-07-31,18500.00,11,2025-08-25,EMP-L3-00005,,BT-202508-868610320681
VP-202508-10254824,2025-07-31,2025-08-25,2026-01-15,V-018,V-018-INV-2568-748258,2025-07-01,2025-07-31,19200.00,20,2025-08-25,EMP-L3-00005,,BT-202508-76033974763
VP-202508-1442135,2025-07-31,2025-08-28,2026-01-15,V-013,V-013-INV-2568-769094,2025-07-01,2025-07-31,12500.00,3,2025-08-28,EMP-L3-00005,,BT-202508-192942665969
VP-202509-7063022,2025-08-31,2025-09-01,2026-01-15,V-001,V-001-INV-2568-391986,2025-08-01,2025-08-31,85000.00,15,2025-09-01,EMP-L3-00005,,BT-202509-51614915248
VP-202509-15689648,2025-08-31,2025-09-01,2026-01-15,V-002,V-002-INV-2568-777091,2025-08-01,2025-08-31,42000.00,6,2025-09-01,EMP-L3-00005,,BT-202509-159067008148
VP-202509-10926623,2025-08-31,2025-09-01,2026-01-15,V-006,V-006-INV-2568-163969,2025-08-01,2025-08-31,18500.00,11,2025-09-01,EMP-L3-00005,,BT-202509-782211201269
VP-202509-3582945,2025-08-31,2025-09-01,2026-01-15,V-018,V-018-INV-2568-825103,2025-08-01,2025-08-31,19200.00,21,2025-09-01,EMP-L3-00005,,BT-202509-501613627943
VP-202509-5558968,2025-08-31,2025-09-04,2026-01-15,V-001,V-001-INV-2568-800178,2025-08-01,2025-08-31,85000.00,15,2025-09-04,EMP-L3-00005,,BT-202509-1002089303034
VP-202509-14988252,2025-08-31,2025-09-04,2026-01-15,V-002,V-002-INV-2568-875164,2025-08-01,2025-08-31,42000.00,6,2025-09-04,EMP-L3-00005,,BT-202509-53847587713
VP-202509-13248580,2025-08-31,2025-09-04,2026-01-15,V-006,V-006-INV-2568-601694,2025-08-01,2025-08-31,18500.00,11,2025-09-04,EMP-L3-00005,,BT-202509-14436724196
VP-202509-11245836,2025-08-31,2025-09-04,2026-01-15,V-018,V-018-INV-2568-781702,2025-08-01,2025-08-31,19200.00,21,2025-09-04,EMP-L3-00005,,BT-202509-708945170530
VP-202509-9826872,2025-08-31,2025-09-08,2026-01-15,V-001,V-001-INV-2568-967918,2025-08-01,2025-08-31,85000.00,15,2025-09-08,EMP-L3-00005,,BT-202509-306115938456
VP-202509-5628081,2025-08-31,2025-09-08,2026-01-15,V-002,V-002-INV-2568-775405,2025-08-01,2025-08-31,42000.00,6,2025-09-08,EMP-L3-00005,,BT-202509-579422425476
VP-202509-8009644,2025-08-31,2025-09-08,2026-01-15,V-006,V-006-INV-2568-825514,2025-08-01,2025-08-31,18500.00,11,2025-09-08,EMP-L3-00005,,BT-202509-1075099768932
VP-202509-1851833,2025-08-31,2025-09-08,2026-01-15,V-018,V-018-INV-2568-792300,2025-08-01,2025-08-31,19200.00,21,2025-09-08,EMP-L3-00005,,BT-202509-523934945579
VP-202509-15179906,2025-09-10,2025-09-10,2026-01-15,V-013,PW-INV-2568-04823,2025-08-01,2025-08-31,104500.00,3,2025-09-05,EMP-L3-00005,EMP-L3-00001,BT-202509-30080391030
VP-202509-1481766,2025-08-31,2025-09-11,2026-01-15,V-001,V-001-INV-2568-330092,2025-08-01,2025-08-31,85000.00,15,2025-09-11,EMP-L3-00005,,BT-202509-138540536848
VP-202509-14203506,2025-08-31,2025-09-11,2026-01-15,V-002,V-002-INV-2568-646772,2025-08-01,2025-08-31,42000.00,6,2025-09-11,EMP-L3-00005,,BT-202509-864822375150
VP-202509-6947389,2025-08-31,2025-09-11,2026-01-15,V-006,V-006-INV-2568-528790,2025-08-01,2025-08-31,18500.00,11,2025-09-11,EMP-L3-00005,,BT-202509-875909554465
VP-202509-8238971,2025-08-31,2025-09-11,2026-01-15,V-018,V-018-INV-2568-702922,2025-08-01,2025-08-31,19200.00,21,2025-09-11,EMP-L3-00005,,BT-202509-621385575061
VP-202509-13345600,2025-08-31,2025-09-15,2026-01-15,V-001,V-001-INV-2568-883091,2025-08-01,2025-08-31,85000.00,15,2025-09-15,EMP-L3-00005,,BT-202509-811261186055
VP-202509-16196827,2025-08-31,2025-09-15,2026-01-15,V-002,V-002-INV-2568-295319,2025-08-01,2025-08-31,42000.00,6,2025-09-15,EMP-L3-00005,,BT-202509-709379991991
VP-202509-15100890,2025-08-31,2025-09-15,2026-01-15,V-006,V-006-INV-2568-507255,2025-08-01,2025-08-31,18500.00,11,2025-09-15,EMP-L3-00005,,BT-202509-482343806003
VP-202509-13872878,2025-08-31,2025-09-15,2026-01-15,V-018,V-018-INV-2568-651426,2025-08-01,2025-08-31,19200.00,21,2025-09-15,EMP-L3-00005,,BT-202509-954905737359
VP-202509-2224792,2025-08-31,2025-09-18,2026-01-15,V-001,V-001-INV-2568-389332,2025-08-01,2025-08-31,85000.00,15,2025-09-18,EMP-L3-00005,,BT-202509-1050360078087
VP-202509-13201860,2025-08-31,2025-09-18,2026-01-15,V-002,V-002-INV-2568-95981,2025-08-01,2025-08-31,42000.00,6,2025-09-18,EMP-L3-00005,,BT-202509-63228018361
VP-202509-5770376,2025-08-31,2025-09-18,2026-01-15,V-006,V-006-INV-2568-315488,2025-08-01,2025-08-31,18500.00,11,2025-09-18,EMP-L3-00005,,BT-202509-996436786727
VP-202509-2142822,2025-08-31,2025-09-18,2026-01-15,V-018,V-018-INV-2568-790142,2025-08-01,2025-08-31,19200.00,21,2025-09-18,EMP-L3-00005,,BT-202509-763099786671
VP-202509-817251,2025-08-31,2025-09-22,2026-01-15,V-001,V-001-INV-2568-292401,2025-08-01,2025-08-31,85000.00,15,2025-09-22,EMP-L3-00005,,BT-202509-473071447146
VP-202509-15797145,2025-08-31,2025-09-22,2026-01-15,V-002,V-002-INV-2568-868766,2025-08-01,2025-08-31,42000.00,6,2025-09-22,EMP-L3-00005,,BT-202509-578916827727
VP-202509-13393566,2025-08-31,2025-09-22,2026-01-15,V-006,V-006-INV-2568-297106,2025-08-01,2025-08-31,18500.00,11,2025-09-22,EMP-L3-00005,,BT-202509-942774744771
VP-202509-9328157,2025-08-31,2025-09-22,2026-01-15,V-018,V-018-INV-2568-264811,2025-08-01,2025-08-31,19200.00,21,2025-09-22,EMP-L3-00005,,BT-202509-977459052997
VP-202509-12673416,2025-08-31,2025-09-25,2026-01-15,V-001,V-001-INV-2568-87438,2025-08-01,2025-08-31,85000.00,15,2025-09-25,EMP-L3-00005,,BT-202509-316717604375
VP-202509-10029701,2025-08-31,2025-09-25,2026-01-15,V-002,V-002-INV-2568-54287,2025-08-01,2025-08-31,42000.00,6,2025-09-25,EMP-L3-00005,,BT-202509-1003435174455
VP-202509-543962,2025-08-31,2025-09-25,2026-01-15,V-006,V-006-INV-2568-895447,2025-08-01,2025-08-31,18500.00,11,2025-09-25,EMP-L3-00005,,BT-202509-728794185167
VP-202509-1910661,2025-08-31,2025-09-25,2026-01-15,V-018,V-018-INV-2568-916117,2025-08-01,2025-08-31,19200.00,21,2025-09-25,EMP-L3-00005,,BT-202509-743561377914
VP-202509-8643318,2025-08-31,2025-09-28,2026-01-15,V-013,V-013-INV-2568-432598,2025-08-01,2025-08-31,12500.00,3,2025-09-28,EMP-L3-00005,,BT-202509-658812673006
VP-202510-3988382,2025-09-30,2025-10-01,2026-01-15,V-001,V-001-INV-2568-427795,2025-09-01,2025-09-30,85000.00,15,2025-10-01,EMP-L3-00005,,BT-202510-623276680536
VP-202510-5830399,2025-09-30,2025-10-01,2026-01-15,V-002,V-002-INV-2568-648798,2025-09-01,2025-09-30,42000.00,7,2025-10-01,EMP-L3-00005,,BT-202510-466334837463
VP-202510-1489782,2025-09-30,2025-10-01,2026-01-15,V-006,V-006-INV-2568-78147,2025-09-01,2025-09-30,18500.00,11,2025-10-01,EMP-L3-00005,,BT-202510-821268722679
VP-202510-9014062,2025-09-30,2025-10-01,2026-01-15,V-018,V-018-INV-2568-351654,2025-09-01,2025-09-30,19200.00,21,2025-10-01,EMP-L3-00005,,BT-202510-119859509654
VP-202510-3987569,2025-09-30,2025-10-04,2026-01-15,V-001,V-001-INV-2568-465563,2025-09-01,2025-09-30,85000.00,15,2025-10-04,EMP-L3-00005,,BT-202510-156696128900
VP-202510-11683866,2025-09-30,2025-10-04,2026-01-15,V-002,V-002-INV-2568-214050,2025-09-01,2025-09-30,42000.00,7,2025-10-04,EMP-L3-00005,,BT-202510-174823822276
VP-202510-6882071,2025-09-30,2025-10-04,2026-01-15,V-006,V-006-INV-2568-903075,2025-09-01,2025-09-30,18500.00,11,2025-10-04,EMP-L3-00005,,BT-202510-8014505142
VP-202510-1666079,2025-09-30,2025-10-04,2026-01-15,V-018,V-018-INV-2568-351624,2025-09-01,2025-09-30,19200.00,21,2025-10-04,EMP-L3-00005,,BT-202510-382188561445
VP-CL-L3-37178907,2025-09-30,2025-10-05,2026-01-15,V-013,PW-INV-L3-2025-09-30,2025-09-01,2025-09-30,79500.00,3,2025-10-01,EMP-L3-00005,,BT-CL-L3-83672841
VP-202510-13644979,2025-09-30,2025-10-08,2026-01-15,V-001,V-001-INV-2568-261093,2025-09-01,2025-09-30,85000.00,15,2025-10-08,EMP-L3-00005,,BT-202510-1049204037662
VP-202510-11946587,2025-09-30,2025-10-08,2026-01-15,V-002,V-002-INV-2568-461989,2025-09-01,2025-09-30,42000.00,7,2025-10-08,EMP-L3-00005,,BT-202510-1053089841744
VP-202510-12492278,2025-09-30,2025-10-08,2026-01-15,V-006,V-006-INV-2568-227468,2025-09-01,2025-09-30,18500.00,11,2025-10-08,EMP-L3-00005,,BT-202510-425532993292
VP-202510-6475805,2025-09-30,2025-10-08,2026-01-15,V-018,V-018-INV-2568-122768,2025-09-01,2025-09-30,19200.00,21,2025-10-08,EMP-L3-00005,,BT-202510-798064196772
VP-202510-2747600,2025-09-30,2025-10-11,2026-01-15,V-001,V-001-INV-2568-762906,2025-09-01,2025-09-30,85000.00,15,2025-10-11,EMP-L3-00005,,BT-202510-543595366851
VP-202510-2254213,2025-09-30,2025-10-11,2026-01-15,V-002,V-002-INV-2568-440076,2025-09-01,2025-09-30,42000.00,7,2025-10-11,EMP-L3-00005,,BT-202510-832638592261
VP-202510-8873953,2025-09-30,2025-10-11,2026-01-15,V-006,V-006-INV-2568-02711,2025-09-01,2025-09-30,18500.00,11,2025-10-11,EMP-L3-00005,,BT-202510-828853817655
VP-202510-402963,2025-09-30,2025-10-11,2026-01-15,V-018,V-018-INV-2568-06347,2025-09-01,2025-09-30,19200.00,21,2025-10-11,EMP-L3-00005,,BT-202510-980733441487
VP-202510-2082990,2025-09-30,2025-10-15,2026-01-15,V-001,V-001-INV-2568-11600,2025-09-01,2025-09-30,85000.00,15,2025-10-15,EMP-L3-00005,,BT-202510-271432688804
VP-202510-7823877,2025-09-30,2025-10-15,2026-01-15,V-002,V-002-INV-2568-885315,2025-09-01,2025-09-30,42000.00,7,2025-10-15,EMP-L3-00005,,BT-202510-774911969762
VP-202510-2471560,2025-09-30,2025-10-15,2026-01-15,V-006,V-006-INV-2568-274515,2025-09-01,2025-09-30,18500.00,11,2025-10-15,EMP-L3-00005,,BT-202510-727123479487
VP-202510-13963210,2025-09-30,2025-10-15,2026-01-15,V-018,V-018-INV-2568-290734,2025-09-01,2025-09-30,19200.00,21,2025-10-15,EMP-L3-00005,,BT-202510-25255088994
VP-202510-2801077,2025-09-30,2025-10-18,2026-01-15,V-001,V-001-INV-2568-197057,2025-09-01,2025-09-30,85000.00,15,2025-10-18,EMP-L3-00005,,BT-202510-951597167837
VP-202510-11000597,2025-09-30,2025-10-18,2026-01-15,V-002,V-002-INV-2568-765630,2025-09-01,2025-09-30,42000.00,7,2025-10-18,EMP-L3-00005,,BT-202510-328707198912
VP-202510-6616535,2025-09-30,2025-10-18,2026-01-15,V-006,V-006-INV-2568-443442,2025-09-01,2025-09-30,18500.00,11,2025-10-18,EMP-L3-00005,,BT-202510-504489542687
VP-202510-12565496,2025-09-30,2025-10-18,2026-01-15,V-018,V-018-INV-2568-628871,2025-09-01,2025-09-30,19200.00,21,2025-10-18,EMP-L3-00005,,BT-202510-744103495578
VP-202510-4871089,2025-09-30,2025-10-22,2026-01-15,V-001,V-001-INV-2568-674890,2025-09-01,2025-09-30,85000.00,15,2025-10-22,EMP-L3-00005,,BT-202510-244474948687
VP-202510-4132268,2025-09-30,2025-10-22,2026-01-15,V-002,V-002-INV-2568-1028121,2025-09-01,2025-09-30,42000.00,7,2025-10-22,EMP-L3-00005,,BT-202510-505292721115
VP-202510-4524162,2025-09-30,2025-10-22,2026-01-15,V-006,V-006-INV-2568-672579,2025-09-01,2025-09-30,18500.00,11,2025-10-22,EMP-L3-00005,,BT-202510-165237558856
VP-202510-7300615,2025-09-30,2025-10-22,2026-01-15,V-018,V-018-INV-2568-339489,2025-09-01,2025-09-30,19200.00,21,2025-10-22,EMP-L3-00005,,BT-202510-522237378174
VP-202510-3022541,2025-09-30,2025-10-25,2026-01-15,V-001,V-001-INV-2568-104703,2025-09-01,2025-09-30,85000.00,15,2025-10-25,EMP-L3-00005,,BT-202510-546540319622
VP-202510-6864094,2025-09-30,2025-10-25,2026-01-15,V-002,V-002-INV-2568-786349,2025-09-01,2025-09-30,42000.00,7,2025-10-25,EMP-L3-00005,,BT-202510-361327425104
VP-202510-14905135,2025-09-30,2025-10-25,2026-01-15,V-006,V-006-INV-2568-600175,2025-09-01,2025-09-30,18500.00,11,2025-10-25,EMP-L3-00005,,BT-202510-79429899383
VP-202510-3915725,2025-09-30,2025-10-25,2026-01-15,V-018,V-018-INV-2568-580637,2025-09-01,2025-09-30,19200.00,21,2025-10-25,EMP-L3-00005,,BT-202510-96791845782
VP-202510-9309488,2025-09-30,2025-10-28,2026-01-15,V-013,V-013-INV-2568-469293,2025-09-01,2025-09-30,12500.00,3,2025-10-28,EMP-L3-00005,,BT-202510-859040482551
VP-202511-5288274,2025-10-31,2025-11-01,2026-01-15,V-001,V-001-INV-2568-190632,2025-10-01,2025-10-31,85000.00,16,2025-11-01,EMP-L3-00005,,BT-202511-247397914515
VP-202511-5647240,2025-10-31,2025-11-01,2026-01-15,V-002,V-002-INV-2568-167093,2025-10-01,2025-10-31,42000.00,7,2025-11-01,EMP-L3-00005,,BT-202511-682933490898
VP-202511-12046118,2025-10-31,2025-11-01,2026-01-15,V-006,V-006-INV-2568-48148,2025-10-01,2025-10-31,18500.00,12,2025-11-01,EMP-L3-00005,,BT-202511-464597270897
VP-202511-10213102,2025-10-31,2025-11-01,2026-01-15,V-018,V-018-INV-2568-172688,2025-10-01,2025-10-31,19200.00,21,2025-11-01,EMP-L3-00005,,BT-202511-705411015444
VP-202511-6325164,2025-10-31,2025-11-04,2026-01-15,V-001,V-001-INV-2568-370730,2025-10-01,2025-10-31,85000.00,16,2025-11-04,EMP-L3-00005,,BT-202511-1020491812080
VP-202511-14833663,2025-10-31,2025-11-04,2026-01-15,V-002,V-002-INV-2568-323214,2025-10-01,2025-10-31,42000.00,7,2025-11-04,EMP-L3-00005,,BT-202511-241551512234
VP-202511-3577424,2025-10-31,2025-11-04,2026-01-15,V-006,V-006-INV-2568-591796,2025-10-01,2025-10-31,18500.00,12,2025-11-04,EMP-L3-00005,,BT-202511-262849028034
VP-202511-4658277,2025-10-31,2025-11-04,2026-01-15,V-018,V-018-INV-2568-784394,2025-10-01,2025-10-31,19200.00,21,2025-11-04,EMP-L3-00005,,BT-202511-1017712214052
VP-202511-7068018,2025-10-31,2025-11-08,2026-01-15,V-001,V-001-INV-2568-04648,2025-10-01,2025-10-31,85000.00,16,2025-11-08,EMP-L3-00005,,BT-202511-547284984488
VP-202511-13090850,2025-10-31,2025-11-08,2026-01-15,V-002,V-002-INV-2568-759788,2025-10-01,2025-10-31,42000.00,7,2025-11-08,EMP-L3-00005,,BT-202511-74542668865
VP-202511-6512978,2025-10-31,2025-11-08,2026-01-15,V-006,V-006-INV-2568-1033679,2025-10-01,2025-10-31,18500.00,12,2025-11-08,EMP-L3-00005,,BT-202511-626248894001
VP-202511-7121187,2025-10-31,2025-11-08,2026-01-15,V-018,V-018-INV-2568-133155,2025-10-01,2025-10-31,19200.00,21,2025-11-08,EMP-L3-00005,,BT-202511-5915414376
VP-202511-7642408,2025-10-31,2025-11-11,2026-01-15,V-001,V-001-INV-2568-391878,2025-10-01,2025-10-31,85000.00,16,2025-11-11,EMP-L3-00005,,BT-202511-893291512094
VP-202511-11608496,2025-10-31,2025-11-11,2026-01-15,V-002,V-002-INV-2568-928590,2025-10-01,2025-10-31,42000.00,7,2025-11-11,EMP-L3-00005,,BT-202511-471683592853
VP-202511-14471286,2025-10-31,2025-11-11,2026-01-15,V-006,V-006-INV-2568-1010918,2025-10-01,2025-10-31,18500.00,12,2025-11-11,EMP-L3-00005,,BT-202511-872359343613
VP-202511-1316432,2025-10-31,2025-11-11,2026-01-15,V-018,V-018-INV-2568-362655,2025-10-01,2025-10-31,19200.00,21,2025-11-11,EMP-L3-00005,,BT-202511-955255321320
VP-202511-7779580,2025-10-31,2025-11-15,2026-01-15,V-001,V-001-INV-2568-134316,2025-10-01,2025-10-31,85000.00,16,2025-11-15,EMP-L3-00005,,BT-202511-290845915032
VP-202511-13508787,2025-10-31,2025-11-15,2026-01-15,V-002,V-002-INV-2568-164757,2025-10-01,2025-10-31,42000.00,7,2025-11-15,EMP-L3-00005,,BT-202511-1089393466781
VP-202511-15961659,2025-10-31,2025-11-15,2026-01-15,V-006,V-006-INV-2568-909710,2025-10-01,2025-10-31,18500.00,12,2025-11-15,EMP-L3-00005,,BT-202511-653770050801
VP-202511-13753101,2025-10-31,2025-11-15,2026-01-15,V-018,V-018-INV-2568-288687,2025-10-01,2025-10-31,19200.00,21,2025-11-15,EMP-L3-00005,,BT-202511-955640740512
VP-202511-14296146,2025-10-31,2025-11-18,2026-01-15,V-001,V-001-INV-2568-669422,2025-10-01,2025-10-31,85000.00,16,2025-11-18,EMP-L3-00005,,BT-202511-116596985679
VP-202511-864365,2025-10-31,2025-11-18,2026-01-15,V-002,V-002-INV-2568-668633,2025-10-01,2025-10-31,42000.00,7,2025-11-18,EMP-L3-00005,,BT-202511-834736496702
VP-202511-9738423,2025-10-31,2025-11-18,2026-01-15,V-006,V-006-INV-2568-413483,2025-10-01,2025-10-31,18500.00,12,2025-11-18,EMP-L3-00005,,BT-202511-145353871877
VP-202511-1341451,2025-10-31,2025-11-18,2026-01-15,V-018,V-018-INV-2568-140146,2025-10-01,2025-10-31,19200.00,21,2025-11-18,EMP-L3-00005,,BT-202511-307246664024
VP-202511-6963951,2025-10-31,2025-11-22,2026-01-15,V-001,V-001-INV-2568-310221,2025-10-01,2025-10-31,85000.00,16,2025-11-22,EMP-L3-00005,,BT-202511-93438597773
VP-202511-1159996,2025-10-31,2025-11-22,2026-01-15,V-002,V-002-INV-2568-277482,2025-10-01,2025-10-31,42000.00,7,2025-11-22,EMP-L3-00005,,BT-202511-209387655734
VP-202511-15243925,2025-10-31,2025-11-22,2026-01-15,V-006,V-006-INV-2568-364405,2025-10-01,2025-10-31,18500.00,12,2025-11-22,EMP-L3-00005,,BT-202511-340186798816
VP-202511-16472996,2025-10-31,2025-11-22,2026-01-15,V-018,V-018-INV-2568-828843,2025-10-01,2025-10-31,19200.00,21,2025-11-22,EMP-L3-00005,,BT-202511-965069292941
VP-202511-15832157,2025-10-31,2025-11-25,2026-01-15,V-001,V-001-INV-2568-164232,2025-10-01,2025-10-31,85000.00,16,2025-11-25,EMP-L3-00005,,BT-202511-930116310069
VP-202511-5862568,2025-10-31,2025-11-25,2026-01-15,V-002,V-002-INV-2568-323301,2025-10-01,2025-10-31,42000.00,7,2025-11-25,EMP-L3-00005,,BT-202511-1010493491164
VP-202511-10473446,2025-10-31,2025-11-25,2026-01-15,V-006,V-006-INV-2568-435619,2025-10-01,2025-10-31,18500.00,12,2025-11-25,EMP-L3-00005,,BT-202511-723138832965
VP-202511-9841386,2025-10-31,2025-11-25,2026-01-15,V-018,V-018-INV-2568-461063,2025-10-01,2025-10-31,19200.00,21,2025-11-25,EMP-L3-00005,,BT-202511-218730550826
VP-202511-3229024,2025-10-31,2025-11-28,2026-01-15,V-013,V-013-INV-2568-533297,2025-10-01,2025-10-31,12500.00,4,2025-11-28,EMP-L3-00005,,BT-202511-1034384444937
VP-202512-6431775,2025-11-30,2025-12-01,2026-01-15,V-001,V-001-INV-2568-850854,2025-11-01,2025-11-30,85000.00,16,2025-12-01,EMP-L3-00005,,BT-202512-312786865037
VP-202512-8941661,2025-11-30,2025-12-01,2026-01-15,V-002,V-002-INV-2568-271473,2025-11-01,2025-11-30,42000.00,7,2025-12-01,EMP-L3-00005,,BT-202512-724743839859
VP-202512-2431845,2025-11-30,2025-12-01,2026-01-15,V-006,V-006-INV-2568-541601,2025-11-01,2025-11-30,18500.00,12,2025-12-01,EMP-L3-00005,,BT-202512-102675857009
VP-202512-9144086,2025-11-30,2025-12-01,2026-01-15,V-018,V-018-INV-2568-410652,2025-11-01,2025-11-30,19200.00,22,2025-12-01,EMP-L3-00005,,BT-202512-804067592750
VP-202512-15327825,2025-11-30,2025-12-04,2026-01-15,V-001,V-001-INV-2568-974070,2025-11-01,2025-11-30,85000.00,16,2025-12-04,EMP-L3-00005,,BT-202512-207229201084
VP-202512-13591329,2025-11-30,2025-12-04,2026-01-15,V-002,V-002-INV-2568-104286,2025-11-01,2025-11-30,42000.00,7,2025-12-04,EMP-L3-00005,,BT-202512-281099002009
VP-202512-15579987,2025-11-30,2025-12-04,2026-01-15,V-006,V-006-INV-2568-391714,2025-11-01,2025-11-30,18500.00,12,2025-12-04,EMP-L3-00005,,BT-202512-899627586644
VP-202512-9619907,2025-11-30,2025-12-04,2026-01-15,V-018,V-018-INV-2568-532678,2025-11-01,2025-11-30,19200.00,22,2025-12-04,EMP-L3-00005,,BT-202512-944914551712
VP-202512-15189403,2025-11-30,2025-12-08,2026-01-15,V-001,V-001-INV-2568-792051,2025-11-01,2025-11-30,85000.00,16,2025-12-08,EMP-L3-00005,,BT-202512-597372596212
VP-202512-2386015,2025-11-30,2025-12-08,2026-01-15,V-002,V-002-INV-2568-890691,2025-11-01,2025-11-30,42000.00,7,2025-12-08,EMP-L3-00005,,BT-202512-649647803226
VP-202512-2471976,2025-11-30,2025-12-08,2026-01-15,V-006,V-006-INV-2568-606542,2025-11-01,2025-11-30,18500.00,12,2025-12-08,EMP-L3-00005,,BT-202512-352296976163
VP-202512-15243283,2025-11-30,2025-12-08,2026-01-15,V-018,V-018-INV-2568-432728,2025-11-01,2025-11-30,19200.00,22,2025-12-08,EMP-L3-00005,,BT-202512-377337360350
VP-202512-9539851,2025-11-30,2025-12-11,2026-01-15,V-001,V-001-INV-2568-592817,2025-11-01,2025-11-30,85000.00,16,2025-12-11,EMP-L3-00005,,BT-202512-931460343953
VP-202512-10647282,2025-11-30,2025-12-11,2026-01-15,V-002,V-002-INV-2568-696982,2025-11-01,2025-11-30,42000.00,7,2025-12-11,EMP-L3-00005,,BT-202512-82139088629
VP-202512-2630026,2025-11-30,2025-12-11,2026-01-15,V-006,V-006-INV-2568-345580,2025-11-01,2025-11-30,18500.00,12,2025-12-11,EMP-L3-00005,,BT-202512-951514985664
VP-202512-6738610,2025-11-30,2025-12-11,2026-01-15,V-018,V-018-INV-2568-389371,2025-11-01,2025-11-30,19200.00,22,2025-12-11,EMP-L3-00005,,BT-202512-763657307732
VP-202512-428504,2025-11-30,2025-12-15,2026-01-15,V-001,V-001-INV-2568-80261,2025-11-01,2025-11-30,85000.00,16,2025-12-15,EMP-L3-00005,,BT-202512-225668700029
VP-202512-16175298,2025-11-30,2025-12-15,2026-01-15,V-002,V-002-INV-2568-1001612,2025-11-01,2025-11-30,42000.00,7,2025-12-15,EMP-L3-00005,,BT-202512-330476641716
VP-202512-12239384,2025-11-30,2025-12-15,2026-01-15,V-006,V-006-INV-2568-76384,2025-11-01,2025-11-30,18500.00,12,2025-12-15,EMP-L3-00005,,BT-202512-112521964844
VP-202512-7130044,2025-11-30,2025-12-15,2026-01-15,V-018,V-018-INV-2568-957202,2025-11-01,2025-11-30,19200.00,22,2025-12-15,EMP-L3-00005,,BT-202512-539391945476
VP-202512-14209265,2025-11-30,2025-12-18,2026-01-15,V-001,V-001-INV-2568-710532,2025-11-01,2025-11-30,85000.00,16,2025-12-18,EMP-L3-00005,,BT-202512-254482813131
VP-202512-14529116,2025-11-30,2025-12-18,2026-01-15,V-002,V-002-INV-2568-783715,2025-11-01,2025-11-30,42000.00,7,2025-12-18,EMP-L3-00005,,BT-202512-615496426299
VP-202512-2404551,2025-11-30,2025-12-18,2026-01-15,V-006,V-006-INV-2568-1018441,2025-11-01,2025-11-30,18500.00,12,2025-12-18,EMP-L3-00005,,BT-202512-225158940584
VP-202512-16086375,2025-11-30,2025-12-18,2026-01-15,V-018,V-018-INV-2568-218486,2025-11-01,2025-11-30,19200.00,22,2025-12-18,EMP-L3-00005,,BT-202512-1078118974817
VP-202512-13020571,2025-11-30,2025-12-22,2026-01-15,V-001,V-001-INV-2568-433836,2025-11-01,2025-11-30,85000.00,16,2025-12-22,EMP-L3-00005,,BT-202512-780840618756
VP-202512-9754767,2025-11-30,2025-12-22,2026-01-15,V-002,V-002-INV-2568-176396,2025-11-01,2025-11-30,42000.00,7,2025-12-22,EMP-L3-00005,,BT-202512-1012440009587
VP-202512-8930464,2025-11-30,2025-12-22,2026-01-15,V-006,V-006-INV-2568-574695,2025-11-01,2025-11-30,18500.00,12,2025-12-22,EMP-L3-00005,,BT-202512-463661700842
VP-202512-11550222,2025-11-30,2025-12-22,2026-01-15,V-018,V-018-INV-2568-460340,2025-11-01,2025-11-30,19200.00,22,2025-12-22,EMP-L3-00005,,BT-202512-32047078463
VP-202512-8835850,2025-11-30,2025-12-25,2026-01-15,V-001,V-001-INV-2568-168888,2025-11-01,2025-11-30,85000.00,16,2025-12-25,EMP-L3-00005,,BT-202512-855979595358
VP-202512-13935379,2025-11-30,2025-12-25,2026-01-15,V-002,V-002-INV-2568-790980,2025-11-01,2025-11-30,42000.00,7,2025-12-25,EMP-L3-00005,,BT-202512-374416214392
VP-202512-1047539,2025-11-30,2025-12-25,2026-01-15,V-006,V-006-INV-2568-702416,2025-11-01,2025-11-30,18500.00,12,2025-12-25,EMP-L3-00005,,BT-202512-81447880293
VP-202512-675923,2025-11-30,2025-12-25,2026-01-15,V-018,V-018-INV-2568-871823,2025-11-01,2025-11-30,19200.00,22,2025-12-25,EMP-L3-00005,,BT-202512-616242660019
VP-202512-16018791,2025-11-30,2025-12-28,2026-01-15,V-013,V-013-INV-2568-1035063,2025-11-01,2025-11-30,12500.00,4,2025-12-28,EMP-L3-00005,,BT-202512-63219215823
